Run,AGE,Assay Type,AvgSpotLen,Bases,BIOMATERIAL_PROVIDER,BioProject,BioSample,BioSampleModel,Bytes,Center Name,Consent,DATASTORE filetype,DATASTORE provider,DATASTORE region,Experiment,Instrument,isolate,Library Name,LibraryLayout,LibrarySelection,LibrarySource,Organism,Platform,ReleaseDate,create_date,version,Sample Name,sex,SRA Study,tissue
SRR15143245,62,Bisulfite-Seq,302,6545438072,"Peking Union\, Naixin Liang",PRJNA534206,SAMN20228927,Human,2341246109,BURNING ROCK,public,"sra,fastq,run.zq","s3,gs,ncbi","s3.us-east-1,ncbi.public,gs.us-east1",SRX11450810,Illumina NovaSeq 6000,BMD01105,BMD01105,PAIRED,Hybrid Selection,GENOMIC,Homo sapiens,ILLUMINA,2021-07-14T00:00:00Z,2021-07-14T22:39:00Z,1,BMD01105,male,SRP193431,Plasma
SRR15143246,66,Bisulfite-Seq,295,11287161972,"Peking Union\, Naixin Liang",PRJNA534206,SAMN20228926,Human,4054355123,BURNING ROCK,public,"sra,run.zq,fastq","ncbi,gs,s3","s3.us-east-1,gs.us-east1,ncbi.public",SRX11450809,Illumina NovaSeq 6000,BMD01104,BMD01104,PAIRED,Hybrid Selection,GENOMIC,Homo sapiens,ILLUMINA,2021-07-15T00:00:00Z,2021-07-15T00:13:00Z,1,BMD01104,male,SRP193431,Plasma
SRR15143247,54,Bisulfite-Seq,294,5887131355,"Peking Union\, Naixin Liang",PRJNA534206,SAMN20228925,Human,2126245666,BURNING ROCK,public,"run.zq,fastq,sra","ncbi,s3,gs","ncbi.public,gs.us-east1,s3.us-east-1",SRX11450808,Illumina NovaSeq 6000,BMD01103,BMD01103,PAIRED,Hybrid Selection,GENOMIC,Homo sapiens,ILLUMINA,2021-07-14T00:00:00Z,2021-07-14T22:56:00Z,1,BMD01103,female,SRP193431,Plasma
SRR15143248,48,Bisulfite-Seq,302,5017028756,"Peking Union\, Naixin Liang",PRJNA534206,SAMN20228924,Human,1707212053,BURNING ROCK,public,"run.zq,fastq,sra","s3,gs,ncbi","gs.us-east1,s3.us-east-1,ncbi.public",SRX11450807,Illumina NovaSeq 6000,BMD01102,BMD01102,PAIRED,Hybrid Selection,GENOMIC,Homo sapiens,ILLUMINA,2021-07-14T00:00:00Z,2021-07-14T22:58:00Z,1,BMD01102,male,SRP193431,Plasma
SRR15143249,47,Bisulfite-Seq,302,5181491010,"Peking Union\, Naixin Liang",PRJNA534206,SAMN20228923,Human,1793295045,BURNING ROCK,public,"run.zq,sra,fastq","gs,s3,ncbi","ncbi.public,gs.us-east1,s3.us-east-1",SRX11450806,Illumina NovaSeq 6000,BMD01101,BMD01101,PAIRED,Hybrid Selection,GENOMIC,Homo sapiens,ILLUMINA,2021-07-14T00:00:00Z,2021-07-14T22:52:00Z,1,BMD01101,male,SRP193431,Plasma
SRR15143250,77,Bisulfite-Seq,302,5127740748,"Peking Union\, Naixin Liang",PRJNA534206,SAMN20228922,Human,1759211254,BURNING ROCK,public,"sra,fastq,run.zq","gs,s3,ncbi","gs.us-east1,ncbi.public,s3.us-east-1",SRX11450805,Illumina NovaSeq 6000,BMD01100,BMD01100,PAIRED,Hybrid Selection,GENOMIC,Homo sapiens,ILLUMINA,2021-07-14T00:00:00Z,2021-07-14T22:42:00Z,1,BMD01100,female,SRP193431,Plasma
SRR15143251,47,Bisulfite-Seq,302,4636165080,"Peking Union\, Naixin Liang",PRJNA534206,SAMN20228921,Human,1588666302,BURNING ROCK,public,"sra,run.zq,fastq","ncbi,s3,gs","ncbi.public,s3.us-east-1,gs.us-east1",SRX11450804,Illumina NovaSeq 6000,BMD01099,BMD01099,PAIRED,Hybrid Selection,GENOMIC,Homo sapiens,ILLUMINA,2021-07-14T00:00:00Z,2021-07-14T22:47:00Z,1,BMD01099,male,SRP193431,Plasma
SRR15143252,57,Bisulfite-Seq,302,5022231914,"Peking Union\, Naixin Liang",PRJNA534206,SAMN20228920,Human,1715917507,BURNING ROCK,public,"sra,run.zq,fastq","ncbi,s3,gs","gs.us-east1,s3.us-east-1,ncbi.public",SRX11450803,Illumina NovaSeq 6000,BMD01098,BMD01098,PAIRED,Hybrid Selection,GENOMIC,Homo sapiens,ILLUMINA,2021-07-14T00:00:00Z,2021-07-14T22:53:00Z,1,BMD01098,male,SRP193431,Plasma
SRR15143253,64,Bisulfite-Seq,302,5091160394,"Peking Union\, Naixin Liang",PRJNA534206,SAMN20228919,Human,1737698514,BURNING ROCK,public,"fastq,sra,run.zq","s3,gs,ncbi","ncbi.public,s3.us-east-1,gs.us-east1",SRX11450802,Illumina NovaSeq 6000,BMD01097,BMD01097,PAIRED,Hybrid Selection,GENOMIC,Homo sapiens,ILLUMINA,2021-07-14T00:00:00Z,2021-07-14T22:44:00Z,1,BMD01097,male,SRP193431,Plasma
SRR15143254,60,Bisulfite-Seq,301,4327806219,"Peking Union\, Naixin Liang",PRJNA534206,SAMN20228918,Human,1694527471,BURNING ROCK,public,"fastq,sra,run.zq","s3,ncbi,gs","ncbi.public,s3.us-east-1,gs.us-east1",SRX11450801,Illumina NovaSeq 6000,BMD01096,BMD01096,PAIRED,Hybrid Selection,GENOMIC,Homo sapiens,ILLUMINA,2021-07-14T00:00:00Z,2021-07-14T22:47:00Z,1,BMD01096,male,SRP193431,Plasma
SRR15143255,62,Bisulfite-Seq,283,4329334752,"Peking Union\, Naixin Liang",PRJNA534206,SAMN20228837,Human,1504397931,BURNING ROCK,public,"run.zq,sra,fastq","gs,ncbi,s3","gs.us-east1,ncbi.public,s3.us-east-1",SRX11450800,Illumina NovaSeq 6000,BMD01010,BMD01010,PAIRED,Hybrid Selection,GENOMIC,Homo sapiens,ILLUMINA,2021-07-14T00:00:00Z,2021-07-14T22:43:00Z,1,BMD01010,male,SRP193431,Plasma
SRR15143256,51,Bisulfite-Seq,301,5303877023,"Peking Union\, Naixin Liang",PRJNA534206,SAMN20228917,Human,2051406674,BURNING ROCK,public,"run.zq,sra,fastq","s3,ncbi,gs","gs.us-east1,s3.us-east-1,ncbi.public",SRX11450799,Illumina NovaSeq 6000,BMD01095,BMD01095,PAIRED,Hybrid Selection,GENOMIC,Homo sapiens,ILLUMINA,2021-07-14T00:00:00Z,2021-07-14T23:02:00Z,1,BMD01095,female,SRP193431,Plasma
SRR15143257,79,Bisulfite-Seq,302,7321844738,"Peking Union\, Naixin Liang",PRJNA534206,SAMN20228916,Human,2565629048,BURNING ROCK,public,"sra,fastq,run.zq","ncbi,gs,s3","s3.us-east-1,gs.us-east1,ncbi.public",SRX11450798,Illumina NovaSeq 6000,BMD01094,BMD01094,PAIRED,Hybrid Selection,GENOMIC,Homo sapiens,ILLUMINA,2021-07-14T00:00:00Z,2021-07-14T23:03:00Z,1,BMD01094,male,SRP193431,Plasma
SRR15143258,61,Bisulfite-Seq,302,6681987372,"Peking Union\, Naixin Liang",PRJNA534206,SAMN20228915,Human,2346296698,BURNING ROCK,public,"sra,fastq,run.zq","s3,ncbi,gs","ncbi.public,gs.us-east1,s3.us-east-1",SRX11450797,Illumina NovaSeq 6000,BMD01093,BMD01093,PAIRED,Hybrid Selection,GENOMIC,Homo sapiens,ILLUMINA,2021-07-14T00:00:00Z,2021-07-14T23:02:00Z,1,BMD01093,female,SRP193431,Plasma
SRR15143259,45,Bisulfite-Seq,302,5126640864,"Peking Union\, Naixin Liang",PRJNA534206,SAMN20228914,Human,1745959265,BURNING ROCK,public,"run.zq,fastq,sra","s3,gs,ncbi","ncbi.public,s3.us-east-1,gs.us-east1",SRX11450796,Illumina NovaSeq 6000,BMD01092,BMD01092,PAIRED,Hybrid Selection,GENOMIC,Homo sapiens,ILLUMINA,2021-07-14T00:00:00Z,2021-07-14T22:43:00Z,1,BMD01092,male,SRP193431,Plasma
SRR15143260,40,Bisulfite-Seq,302,4969249638,"Peking Union\, Naixin Liang",PRJNA534206,SAMN20228913,Human,1695309965,BURNING ROCK,public,"fastq,run.zq,sra","gs,ncbi,s3","gs.us-east1,s3.us-east-1,ncbi.public",SRX11450795,Illumina NovaSeq 6000,BMD01091,BMD01091,PAIRED,Hybrid Selection,GENOMIC,Homo sapiens,ILLUMINA,2021-07-14T00:00:00Z,2021-07-14T22:52:00Z,1,BMD01091,female,SRP193431,Plasma
SRR15143261,41,Bisulfite-Seq,302,4932526136,"Peking Union\, Naixin Liang",PRJNA534206,SAMN20228912,Human,1686591608,BURNING ROCK,public,"run.zq,sra,fastq","gs,ncbi,s3","s3.us-east-1,gs.us-east1,ncbi.public",SRX11450794,Illumina NovaSeq 6000,BMD01090,BMD01090,PAIRED,Hybrid Selection,GENOMIC,Homo sapiens,ILLUMINA,2021-07-14T00:00:00Z,2021-07-14T22:43:00Z,1,BMD01090,male,SRP193431,Plasma
SRR15143262,60,Bisulfite-Seq,301,5287871034,"Peking Union\, Naixin Liang",PRJNA534206,SAMN20228911,Human,2158223084,BURNING ROCK,public,"fastq,run.zq,sra","ncbi,s3,gs","s3.us-east-1,gs.us-east1,ncbi.public",SRX11450793,Illumina NovaSeq 6000,BMD01089,BMD01089,PAIRED,Hybrid Selection,GENOMIC,Homo sapiens,ILLUMINA,2021-07-14T00:00:00Z,2021-07-14T22:51:00Z,1,BMD01089,male,SRP193431,Plasma
SRR15143263,58,Bisulfite-Seq,301,5169185122,"Peking Union\, Naixin Liang",PRJNA534206,SAMN20228910,Human,2103190307,BURNING ROCK,public,"sra,run.zq,fastq","gs,s3,ncbi","s3.us-east-1,gs.us-east1,ncbi.public",SRX11450792,Illumina NovaSeq 6000,BMD01088,BMD01088,PAIRED,Hybrid Selection,GENOMIC,Homo sapiens,ILLUMINA,2021-07-14T00:00:00Z,2021-07-14T22:49:00Z,1,BMD01088,male,SRP193431,Plasma
SRR15143264,50,Bisulfite-Seq,301,5813117985,"Peking Union\, Naixin Liang",PRJNA534206,SAMN20228909,Human,2343512387,BURNING ROCK,public,"sra,run.zq,fastq","ncbi,gs,s3","gs.us-east1,ncbi.public,s3.us-east-1",SRX11450791,Illumina NovaSeq 6000,BMD01087,BMD01087,PAIRED,Hybrid Selection,GENOMIC,Homo sapiens,ILLUMINA,2021-07-14T00:00:00Z,2021-07-14T23:10:00Z,1,BMD01087,male,SRP193431,Plasma
SRR15143265,52,Bisulfite-Seq,302,8362207860,"Peking Union\, Naixin Liang",PRJNA534206,SAMN20228908,Human,2929932934,BURNING ROCK,public,"sra,run.zq,fastq","gs,ncbi,s3","gs.us-east1,ncbi.public,s3.us-east-1",SRX11450790,Illumina NovaSeq 6000,BMD01086,BMD01086,PAIRED,Hybrid Selection,GENOMIC,Homo sapiens,ILLUMINA,2021-07-14T00:00:00Z,2021-07-14T22:57:00Z,1,BMD01086,female,SRP193431,Plasma
SRR15143266,65,Bisulfite-Seq,281,4043833551,"Peking Union\, Naixin Liang",PRJNA534206,SAMN20228836,Human,1395912352,BURNING ROCK,public,"run.zq,fastq,sra","ncbi,gs,s3","ncbi.public,gs.us-east1,s3.us-east-1",SRX11450789,Illumina NovaSeq 6000,BMD01009,BMD01009,PAIRED,Hybrid Selection,GENOMIC,Homo sapiens,ILLUMINA,2021-07-14T00:00:00Z,2021-07-14T22:57:00Z,1,BMD01009,female,SRP193431,Plasma
SRR15143267,40,Bisulfite-Seq,302,5835234638,"Peking Union\, Naixin Liang",PRJNA534206,SAMN20228907,Human,2074731776,BURNING ROCK,public,"sra,run.zq,fastq","ncbi,s3,gs","gs.us-east1,ncbi.public,s3.us-east-1",SRX11450788,Illumina NovaSeq 6000,BMD01085,BMD01085,PAIRED,Hybrid Selection,GENOMIC,Homo sapiens,ILLUMINA,2021-07-14T00:00:00Z,2021-07-14T22:57:00Z,1,BMD01085,male,SRP193431,Plasma
SRR15143268,40,Bisulfite-Seq,302,6027955636,"Peking Union\, Naixin Liang",PRJNA534206,SAMN20228906,Human,2131479972,BURNING ROCK,public,"run.zq,sra,fastq","ncbi,s3,gs","ncbi.public,s3.us-east-1,gs.us-east1",SRX11450787,Illumina NovaSeq 6000,BMD01084,BMD01084,PAIRED,Hybrid Selection,GENOMIC,Homo sapiens,ILLUMINA,2021-07-14T00:00:00Z,2021-07-14T23:07:00Z,1,BMD01084,male,SRP193431,Plasma
SRR15143269,44,Bisulfite-Seq,302,5327714578,"Peking Union\, Naixin Liang",PRJNA534206,SAMN20228905,Human,1955542275,BURNING ROCK,public,"fastq,sra,run.zq","ncbi,gs,s3","ncbi.public,s3.us-east-1,gs.us-east1",SRX11450786,Illumina NovaSeq 6000,BMD01083,BMD01083,PAIRED,Hybrid Selection,GENOMIC,Homo sapiens,ILLUMINA,2021-07-14T00:00:00Z,2021-07-14T23:09:00Z,1,BMD01083,male,SRP193431,Plasma
SRR15143270,50,Bisulfite-Seq,302,7086713578,"Peking Union\, Naixin Liang",PRJNA534206,SAMN20228904,Human,2478867416,BURNING ROCK,public,"run.zq,sra,fastq","s3,ncbi,gs","s3.us-east-1,gs.us-east1,ncbi.public",SRX11450785,Illumina NovaSeq 6000,BMD01082,BMD01082,PAIRED,Hybrid Selection,GENOMIC,Homo sapiens,ILLUMINA,2021-07-14T00:00:00Z,2021-07-14T23:08:00Z,1,BMD01082,male,SRP193431,Plasma
SRR15143271,44,Bisulfite-Seq,302,4685380208,"Peking Union\, Naixin Liang",PRJNA534206,SAMN20228903,Human,1682153847,BURNING ROCK,public,"sra,run.zq,fastq","ncbi,gs,s3","gs.us-east1,s3.us-east-1,ncbi.public",SRX11450784,Illumina NovaSeq 6000,BMD01081,BMD01081,PAIRED,Hybrid Selection,GENOMIC,Homo sapiens,ILLUMINA,2021-07-14T00:00:00Z,2021-07-14T22:52:00Z,1,BMD01081,male,SRP193431,Plasma
SRR15143272,47,Bisulfite-Seq,302,7187606342,"Peking Union\, Naixin Liang",PRJNA534206,SAMN20228902,Human,2501849111,BURNING ROCK,public,"fastq,sra,run.zq","ncbi,gs,s3","ncbi.public,gs.us-east1,s3.us-east-1",SRX11450783,Illumina NovaSeq 6000,BMD01080,BMD01080,PAIRED,Hybrid Selection,GENOMIC,Homo sapiens,ILLUMINA,2021-07-14T00:00:00Z,2021-07-14T23:05:00Z,1,BMD01080,male,SRP193431,Plasma
SRR15143273,56,Bisulfite-Seq,302,10031624298,"Peking Union\, Naixin Liang",PRJNA534206,SAMN20228901,Human,3508651886,BURNING ROCK,public,"run.zq,fastq,sra","gs,s3,ncbi","s3.us-east-1,gs.us-east1,ncbi.public",SRX11450782,Illumina NovaSeq 6000,BMD01079,BMD01079,PAIRED,Hybrid Selection,GENOMIC,Homo sapiens,ILLUMINA,2021-07-14T00:00:00Z,2021-07-14T23:02:00Z,1,BMD01079,male,SRP193431,Plasma
SRR15143274,52,Bisulfite-Seq,302,13389860674,"Peking Union\, Naixin Liang",PRJNA534206,SAMN20228900,Human,4703767618,BURNING ROCK,public,"run.zq,sra,fastq","ncbi,gs,s3","ncbi.public,s3.us-east-1,gs.us-east1",SRX11450781,Illumina NovaSeq 6000,BMD01078,BMD01078,PAIRED,Hybrid Selection,GENOMIC,Homo sapiens,ILLUMINA,2021-07-15T00:00:00Z,2021-07-14T23:15:00Z,1,BMD01078,female,SRP193431,Plasma
SRR15143275,55,Bisulfite-Seq,302,16052238918,"Peking Union\, Naixin Liang",PRJNA534206,SAMN20228899,Human,5581597565,BURNING ROCK,public,"fastq,run.zq,sra","ncbi,s3,gs","ncbi.public,gs.us-east1,s3.us-east-1",SRX11450780,Illumina NovaSeq 6000,BMD01077,BMD01077,PAIRED,Hybrid Selection,GENOMIC,Homo sapiens,ILLUMINA,2021-07-15T00:00:00Z,2021-07-14T23:45:00Z,1,BMD01077,male,SRP193431,Plasma
SRR15143276,50,Bisulfite-Seq,302,5352279560,"Peking Union\, Naixin Liang",PRJNA534206,SAMN20228898,Human,1965150336,BURNING ROCK,public,"run.zq,fastq,sra","s3,ncbi,gs","s3.us-east-1,ncbi.public,gs.us-east1",SRX11450779,Illumina NovaSeq 6000,BMD01076,BMD01076,PAIRED,Hybrid Selection,GENOMIC,Homo sapiens,ILLUMINA,2021-07-14T00:00:00Z,2021-07-14T22:54:00Z,1,BMD01076,male,SRP193431,Plasma
SRR15143277,62,Bisulfite-Seq,282,3838026943,"Peking Union\, Naixin Liang",PRJNA534206,SAMN20228835,Human,1340667053,BURNING ROCK,public,"fastq,sra,run.zq","gs,ncbi,s3","s3.us-east-1,ncbi.public,gs.us-east1",SRX11450778,Illumina NovaSeq 6000,BMD01008,BMD01008,PAIRED,Hybrid Selection,GENOMIC,Homo sapiens,ILLUMINA,2021-07-14T00:00:00Z,2021-07-14T22:51:00Z,1,BMD01008,female,SRP193431,Plasma
SRR15143278,60,Bisulfite-Seq,301,6066817013,"Peking Union\, Naixin Liang",PRJNA534206,SAMN20228897,Human,2435027128,BURNING ROCK,public,"sra,fastq,run.zq","gs,ncbi,s3","ncbi.public,gs.us-east1,s3.us-east-1",SRX11450777,Illumina NovaSeq 6000,BMD01075,BMD01075,PAIRED,Hybrid Selection,GENOMIC,Homo sapiens,ILLUMINA,2021-07-14T00:00:00Z,2021-07-14T23:01:00Z,1,BMD01075,male,SRP193431,Plasma
SRR15143279,55,Bisulfite-Seq,295,5496593568,"Peking Union\, Naixin Liang",PRJNA534206,SAMN20228896,Human,2033681175,BURNING ROCK,public,"sra,run.zq,fastq","s3,gs,ncbi","gs.us-east1,s3.us-east-1,ncbi.public",SRX11450776,Illumina NovaSeq 6000,BMD01074,BMD01074,PAIRED,Hybrid Selection,GENOMIC,Homo sapiens,ILLUMINA,2021-07-14T00:00:00Z,2021-07-14T23:02:00Z,1,BMD01074,male,SRP193431,Plasma
SRR15143280,58,Bisulfite-Seq,294,7931095181,"Peking Union\, Naixin Liang",PRJNA534206,SAMN20228895,Human,2933757466,BURNING ROCK,public,"run.zq,sra,fastq","ncbi,s3,gs","s3.us-east-1,gs.us-east1,ncbi.public",SRX11450775,Illumina NovaSeq 6000,BMD01073,BMD01073,PAIRED,Hybrid Selection,GENOMIC,Homo sapiens,ILLUMINA,2021-07-14T00:00:00Z,2021-07-14T23:09:00Z,1,BMD01073,male,SRP193431,Plasma
SRR15143281,58,Bisulfite-Seq,294,6691416919,"Peking Union\, Naixin Liang",PRJNA534206,SAMN20228894,Human,2498234079,BURNING ROCK,public,"fastq,run.zq,sra","ncbi,s3,gs","s3.us-east-1,ncbi.public,gs.us-east1",SRX11450774,Illumina NovaSeq 6000,BMD01072,BMD01072,PAIRED,Hybrid Selection,GENOMIC,Homo sapiens,ILLUMINA,2021-07-14T00:00:00Z,2021-07-14T23:03:00Z,1,BMD01072,male,SRP193431,Plasma
SRR15143282,63,Bisulfite-Seq,295,6296684843,"Peking Union\, Naixin Liang",PRJNA534206,SAMN20228893,Human,2324270872,BURNING ROCK,public,"run.zq,sra,fastq","s3,gs,ncbi","ncbi.public,s3.us-east-1,gs.us-east1",SRX11450773,Illumina NovaSeq 6000,BMD01071,BMD01071,PAIRED,Hybrid Selection,GENOMIC,Homo sapiens,ILLUMINA,2021-07-14T00:00:00Z,2021-07-14T23:06:00Z,1,BMD01071,male,SRP193431,Plasma
SRR15143283,57,Bisulfite-Seq,294,6090691759,"Peking Union\, Naixin Liang",PRJNA534206,SAMN20228892,Human,2264115518,BURNING ROCK,public,"run.zq,sra,fastq","s3,gs,ncbi","gs.us-east1,ncbi.public,s3.us-east-1",SRX11450772,Illumina NovaSeq 6000,BMD01070,BMD01070,PAIRED,Hybrid Selection,GENOMIC,Homo sapiens,ILLUMINA,2021-07-14T00:00:00Z,2021-07-14T23:29:00Z,1,BMD01070,male,SRP193431,Plasma
SRR15143284,69,Bisulfite-Seq,294,6402869912,"Peking Union\, Naixin Liang",PRJNA534206,SAMN20228891,Human,2380901883,BURNING ROCK,public,"fastq,run.zq,sra","gs,ncbi,s3","s3.us-east-1,ncbi.public,gs.us-east1",SRX11450771,Illumina NovaSeq 6000,BMD01069,BMD01069,PAIRED,Hybrid Selection,GENOMIC,Homo sapiens,ILLUMINA,2021-07-14T00:00:00Z,2021-07-14T23:08:00Z,1,BMD01069,female,SRP193431,Plasma
SRR15143285,54,Bisulfite-Seq,294,5124230045,"Peking Union\, Naixin Liang",PRJNA534206,SAMN20228890,Human,1933046422,BURNING ROCK,public,"run.zq,fastq,sra","s3,gs,ncbi","s3.us-east-1,ncbi.public,gs.us-east1",SRX11450770,Illumina NovaSeq 6000,BMD01068,BMD01068,PAIRED,Hybrid Selection,GENOMIC,Homo sapiens,ILLUMINA,2021-07-14T00:00:00Z,2021-07-14T23:20:00Z,1,BMD01068,female,SRP193431,Plasma
SRR15143286,61,Bisulfite-Seq,293,6233958962,"Peking Union\, Naixin Liang",PRJNA534206,SAMN20228889,Human,2297119833,BURNING ROCK,public,"sra,fastq,run.zq","ncbi,s3,gs","ncbi.public,gs.us-east1,s3.us-east-1",SRX11450769,Illumina NovaSeq 6000,BMD01067,BMD01067,PAIRED,Hybrid Selection,GENOMIC,Homo sapiens,ILLUMINA,2021-07-14T00:00:00Z,2021-07-14T23:16:00Z,1,BMD01067,male,SRP193431,Plasma
SRR15143287,60,Bisulfite-Seq,290,5582818061,"Peking Union\, Naixin Liang",PRJNA534206,SAMN20228888,Human,2099983760,BURNING ROCK,public,"sra,run.zq,fastq","gs,s3,ncbi","ncbi.public,gs.us-east1,s3.us-east-1",SRX11450768,Illumina NovaSeq 6000,BMD01066,BMD01066,PAIRED,Hybrid Selection,GENOMIC,Homo sapiens,ILLUMINA,2021-07-14T00:00:00Z,2021-07-14T23:04:00Z,1,BMD01066,male,SRP193431,Plasma
SRR15143288,58,Bisulfite-Seq,281,3696907301,"Peking Union\, Naixin Liang",PRJNA534206,SAMN20228834,Human,1281538106,BURNING ROCK,public,"sra,fastq,run.zq","s3,gs,ncbi","s3.us-east-1,ncbi.public,gs.us-east1",SRX11450767,Illumina NovaSeq 6000,BMD01007,BMD01007,PAIRED,Hybrid Selection,GENOMIC,Homo sapiens,ILLUMINA,2021-07-14T00:00:00Z,2021-07-14T23:07:00Z,1,BMD01007,male,SRP193431,Plasma
SRR15143289,52,Bisulfite-Seq,290,4499466283,"Peking Union\, Naixin Liang",PRJNA534206,SAMN20228887,Human,1727519997,BURNING ROCK,public,"fastq,sra,run.zq","s3,gs,ncbi","ncbi.public,gs.us-east1,s3.us-east-1",SRX11450766,Illumina NovaSeq 6000,BMD01064,BMD01064,PAIRED,Hybrid Selection,GENOMIC,Homo sapiens,ILLUMINA,2021-07-14T00:00:00Z,2021-07-14T23:22:00Z,1,BMD01064,male,SRP193431,Plasma
SRR15143290,49,Bisulfite-Seq,287,4196363029,"Peking Union\, Naixin Liang",PRJNA534206,SAMN20228886,Human,1634157955,BURNING ROCK,public,"run.zq,fastq,sra","gs,ncbi,s3","gs.us-east1,s3.us-east-1,ncbi.public",SRX11450765,Illumina NovaSeq 6000,BMD01063,BMD01063,PAIRED,Hybrid Selection,GENOMIC,Homo sapiens,ILLUMINA,2021-07-14T00:00:00Z,2021-07-14T23:31:00Z,1,BMD01063,male,SRP193431,Plasma
SRR15143291,40,Bisulfite-Seq,296,4451783958,"Peking Union\, Naixin Liang",PRJNA534206,SAMN20228885,Human,1667730390,BURNING ROCK,public,"run.zq,fastq,sra","ncbi,gs,s3","ncbi.public,s3.us-east-1,gs.us-east1",SRX11450764,Illumina NovaSeq 6000,BMD01062,BMD01062,PAIRED,Hybrid Selection,GENOMIC,Homo sapiens,ILLUMINA,2021-07-14T00:00:00Z,2021-07-14T23:25:00Z,1,BMD01062,male,SRP193431,Plasma
SRR15143292,65,Bisulfite-Seq,298,4783325386,"Peking Union\, Naixin Liang",PRJNA534206,SAMN20228884,Human,1804250375,BURNING ROCK,public,"fastq,run.zq,sra","gs,ncbi,s3","s3.us-east-1,ncbi.public,gs.us-east1",SRX11450763,Illumina NovaSeq 6000,BMD01060,BMD01060,PAIRED,Hybrid Selection,GENOMIC,Homo sapiens,ILLUMINA,2021-07-14T00:00:00Z,2021-07-14T23:05:00Z,1,BMD01060,male,SRP193431,Plasma
SRR15143293,52,Bisulfite-Seq,295,4633641258,"Peking Union\, Naixin Liang",PRJNA534206,SAMN20228883,Human,1793318849,BURNING ROCK,public,"run.zq,fastq,sra","gs,s3,ncbi","gs.us-east1,ncbi.public,s3.us-east-1",SRX11450762,Illumina NovaSeq 6000,BMD01059,BMD01059,PAIRED,Hybrid Selection,GENOMIC,Homo sapiens,ILLUMINA,2021-07-14T00:00:00Z,2021-07-14T23:17:00Z,1,BMD01059,female,SRP193431,Plasma
SRR15143294,51,Bisulfite-Seq,296,4924631313,"Peking Union\, Naixin Liang",PRJNA534206,SAMN20228882,Human,1913263899,BURNING ROCK,public,"run.zq,sra,fastq","ncbi,gs,s3","gs.us-east1,ncbi.public,s3.us-east-1",SRX11450761,Illumina NovaSeq 6000,BMD01058,BMD01058,PAIRED,Hybrid Selection,GENOMIC,Homo sapiens,ILLUMINA,2021-07-14T00:00:00Z,2021-07-14T23:14:00Z,1,BMD01058,female,SRP193431,Plasma
SRR15143295,65,Bisulfite-Seq,293,5566071304,"Peking Union\, Naixin Liang",PRJNA534206,SAMN20228881,Human,1982288474,BURNING ROCK,public,"sra,run.zq,fastq","s3,gs,ncbi","gs.us-east1,ncbi.public,s3.us-east-1",SRX11450760,Illumina NovaSeq 6000,BMD01057,BMD01057,PAIRED,Hybrid Selection,GENOMIC,Homo sapiens,ILLUMINA,2021-07-15T00:00:00Z,2021-07-15T00:24:00Z,1,BMD01057,male,SRP193431,Plasma
SRR15143296,62,Bisulfite-Seq,298,5688146021,"Peking Union\, Naixin Liang",PRJNA534206,SAMN20228880,Human,2032902397,BURNING ROCK,public,"sra,run.zq,fastq","gs,s3,ncbi","ncbi.public,s3.us-east-1,gs.us-east1",SRX11450759,Illumina NovaSeq 6000,BMD01056,BMD01056,PAIRED,Hybrid Selection,GENOMIC,Homo sapiens,ILLUMINA,2021-07-14T00:00:00Z,2021-07-14T23:20:00Z,1,BMD01056,male,SRP193431,Plasma
SRR15143297,55,Bisulfite-Seq,298,7094825244,"Peking Union\, Naixin Liang",PRJNA534206,SAMN20228879,Human,2517828506,BURNING ROCK,public,"run.zq,fastq,sra","s3,gs,ncbi","ncbi.public,s3.us-east-1,gs.us-east1",SRX11450758,Illumina NovaSeq 6000,BMD01055,BMD01055,PAIRED,Hybrid Selection,GENOMIC,Homo sapiens,ILLUMINA,2021-07-14T00:00:00Z,2021-07-14T23:13:00Z,1,BMD01055,female,SRP193431,Plasma
SRR15143298,60,Bisulfite-Seq,298,5711272090,"Peking Union\, Naixin Liang",PRJNA534206,SAMN20228878,Human,2032386046,BURNING ROCK,public,"run.zq,sra,fastq","s3,ncbi,gs","s3.us-east-1,gs.us-east1,ncbi.public",SRX11450757,Illumina NovaSeq 6000,BMD01054,BMD01054,PAIRED,Hybrid Selection,GENOMIC,Homo sapiens,ILLUMINA,2021-07-14T00:00:00Z,2021-07-14T23:33:00Z,1,BMD01054,female,SRP193431,Plasma
SRR15143299,58,Bisulfite-Seq,282,4171965403,"Peking Union\, Naixin Liang",PRJNA534206,SAMN20228833,Human,1456923502,BURNING ROCK,public,"run.zq,fastq,sra","s3,gs,ncbi","s3.us-east-1,gs.us-east1,ncbi.public",SRX11450756,Illumina NovaSeq 6000,BMD01006,BMD01006,PAIRED,Hybrid Selection,GENOMIC,Homo sapiens,ILLUMINA,2021-07-14T00:00:00Z,2021-07-14T23:12:00Z,1,BMD01006,male,SRP193431,Plasma
SRR12805570,80,Bisulfite-Seq,285,17655946019,beif,PRJNA534206,SAMN20179391,Human,6568101227,PEKING UNION MEDICAL COLLEGE HOSPITAL,public,"sra,fastq,run.zq","ncbi,gs,s3","ncbi.public,s3.us-east-1,gs.us-east1",SRX9274348,Illumina NovaSeq 6000,RDB0001,BMD9001,PAIRED,Hybrid Selection,GENOMIC,Homo sapiens,ILLUMINA,2021-11-01T00:00:00Z,2020-10-10T00:36:00Z,1,RDB0001,male,SRP193431,Plasma
SRR15143300,69,Bisulfite-Seq,298,5800709556,"Peking Union\, Naixin Liang",PRJNA534206,SAMN20228877,Human,2061787506,BURNING ROCK,public,"fastq,sra,run.zq","s3,ncbi,gs","ncbi.public,s3.us-east-1,gs.us-east1",SRX11450755,Illumina NovaSeq 6000,BMD01053,BMD01053,PAIRED,Hybrid Selection,GENOMIC,Homo sapiens,ILLUMINA,2021-07-14T00:00:00Z,2021-07-14T23:21:00Z,1,BMD01053,female,SRP193431,Plasma
SRR15143301,66,Bisulfite-Seq,298,5920467860,"Peking Union\, Naixin Liang",PRJNA534206,SAMN20228876,Human,2108939369,BURNING ROCK,public,"run.zq,sra,fastq","s3,ncbi,gs","ncbi.public,gs.us-east1,s3.us-east-1",SRX11450754,Illumina NovaSeq 6000,BMD01052,BMD01052,PAIRED,Hybrid Selection,GENOMIC,Homo sapiens,ILLUMINA,2021-07-14T00:00:00Z,2021-07-14T23:44:00Z,1,BMD01052,female,SRP193431,Plasma
SRR15143302,64,Bisulfite-Seq,299,6420923882,"Peking Union\, Naixin Liang",PRJNA534206,SAMN20228875,Human,2277878509,BURNING ROCK,public,"run.zq,fastq,sra","ncbi,gs,s3","s3.us-east-1,ncbi.public,gs.us-east1",SRX11450753,Illumina NovaSeq 6000,BMD01051,BMD01051,PAIRED,Hybrid Selection,GENOMIC,Homo sapiens,ILLUMINA,2021-07-14T00:00:00Z,2021-07-14T23:16:00Z,1,BMD01051,female,SRP193431,Plasma
SRR15143303,68,Bisulfite-Seq,298,5825072655,"Peking Union\, Naixin Liang",PRJNA534206,SAMN20228874,Human,2069507738,BURNING ROCK,public,"fastq,sra,run.zq","s3,gs,ncbi","s3.us-east-1,ncbi.public,gs.us-east1",SRX11450752,Illumina NovaSeq 6000,BMD01050,BMD01050,PAIRED,Hybrid Selection,GENOMIC,Homo sapiens,ILLUMINA,2021-07-14T00:00:00Z,2021-07-14T23:25:00Z,1,BMD01050,female,SRP193431,Plasma
SRR15143304,59,Bisulfite-Seq,298,6231823534,"Peking Union\, Naixin Liang",PRJNA534206,SAMN20228873,Human,2223192947,BURNING ROCK,public,"fastq,run.zq,sra","gs,s3,ncbi","gs.us-east1,s3.us-east-1,ncbi.public",SRX11450751,Illumina NovaSeq 6000,BMD01049,BMD01049,PAIRED,Hybrid Selection,GENOMIC,Homo sapiens,ILLUMINA,2021-07-14T00:00:00Z,2021-07-14T23:35:00Z,1,BMD01049,female,SRP193431,Plasma
SRR15143305,70,Bisulfite-Seq,298,5044623928,"Peking Union\, Naixin Liang",PRJNA534206,SAMN20228872,Human,1801890403,BURNING ROCK,public,"fastq,run.zq,sra","s3,gs,ncbi","ncbi.public,s3.us-east-1,gs.us-east1",SRX11450750,Illumina NovaSeq 6000,BMD01048,BMD01048,PAIRED,Hybrid Selection,GENOMIC,Homo sapiens,ILLUMINA,2021-07-15T00:00:00Z,2021-07-15T00:11:00Z,1,BMD01048,female,SRP193431,Plasma
SRR15143306,66,Bisulfite-Seq,299,6414998536,"Peking Union\, Naixin Liang",PRJNA534206,SAMN20228871,Human,2300723059,BURNING ROCK,public,"run.zq,fastq,sra","gs,ncbi,s3","gs.us-east1,ncbi.public,s3.us-east-1",SRX11450749,Illumina NovaSeq 6000,BMD01047,BMD01047,PAIRED,Hybrid Selection,GENOMIC,Homo sapiens,ILLUMINA,2021-07-15T00:00:00Z,2021-07-15T00:10:00Z,1,BMD01047,female,SRP193431,Plasma
SRR15143307,61,Bisulfite-Seq,299,6577092959,"Peking Union\, Naixin Liang",PRJNA534206,SAMN20228870,Human,2343112099,BURNING ROCK,public,"sra,run.zq,fastq","s3,ncbi,gs","ncbi.public,gs.us-east1,s3.us-east-1",SRX11450748,Illumina NovaSeq 6000,BMD01046,BMD01046,PAIRED,Hybrid Selection,GENOMIC,Homo sapiens,ILLUMINA,2021-07-14T00:00:00Z,2021-07-14T23:22:00Z,1,BMD01046,female,SRP193431,Plasma
SRR15143308,70,Bisulfite-Seq,298,6131839893,"Peking Union\, Naixin Liang",PRJNA534206,SAMN20228869,Human,2199978421,BURNING ROCK,public,"fastq,run.zq,sra","ncbi,s3,gs","gs.us-east1,ncbi.public,s3.us-east-1",SRX11450747,Illumina NovaSeq 6000,BMD01045,BMD01045,PAIRED,Hybrid Selection,GENOMIC,Homo sapiens,ILLUMINA,2021-07-14T00:00:00Z,2021-07-14T23:34:00Z,1,BMD01045,male,SRP193431,Plasma
SRR15143309,73,Bisulfite-Seq,297,4980695965,"Peking Union\, Naixin Liang",PRJNA534206,SAMN20228868,Human,1768769491,BURNING ROCK,public,"run.zq,fastq,sra","s3,ncbi,gs","s3.us-east-1,ncbi.public,gs.us-east1",SRX11450746,Illumina NovaSeq 6000,BMD01044,BMD01044,PAIRED,Hybrid Selection,GENOMIC,Homo sapiens,ILLUMINA,2021-07-14T00:00:00Z,2021-07-14T23:15:00Z,1,BMD01044,male,SRP193431,Plasma
SRR15143310,45,Bisulfite-Seq,282,3218911447,"Peking Union\, Naixin Liang",PRJNA534206,SAMN20228832,Human,1121754178,BURNING ROCK,public,"sra,fastq,run.zq","gs,ncbi,s3","s3.us-east-1,ncbi.public,gs.us-east1",SRX11450745,Illumina NovaSeq 6000,BMD01005,BMD01005,PAIRED,Hybrid Selection,GENOMIC,Homo sapiens,ILLUMINA,2021-07-14T00:00:00Z,2021-07-14T23:32:00Z,1,BMD01005,male,SRP193431,Plasma
SRR15143311,69,Bisulfite-Seq,298,5141740347,"Peking Union\, Naixin Liang",PRJNA534206,SAMN20228867,Human,1829458026,BURNING ROCK,public,"fastq,run.zq,sra","gs,ncbi,s3","ncbi.public,gs.us-east1,s3.us-east-1",SRX11450744,Illumina NovaSeq 6000,BMD01043,BMD01043,PAIRED,Hybrid Selection,GENOMIC,Homo sapiens,ILLUMINA,2021-07-14T00:00:00Z,2021-07-14T23:26:00Z,1,BMD01043,male,SRP193431,Plasma
SRR15143312,70,Bisulfite-Seq,298,4929895682,"Peking Union\, Naixin Liang",PRJNA534206,SAMN20228866,Human,1754154211,BURNING ROCK,public,"run.zq,fastq,sra","s3,ncbi,gs","ncbi.public,s3.us-east-1,gs.us-east1",SRX11450743,Illumina NovaSeq 6000,BMD01042,BMD01042,PAIRED,Hybrid Selection,GENOMIC,Homo sapiens,ILLUMINA,2021-07-14T00:00:00Z,2021-07-14T23:32:00Z,1,BMD01042,female,SRP193431,Plasma
SRR15143313,66,Bisulfite-Seq,298,5442360716,"Peking Union\, Naixin Liang",PRJNA534206,SAMN20228865,Human,1923128647,BURNING ROCK,public,"fastq,sra,run.zq","ncbi,s3,gs","ncbi.public,s3.us-east-1,gs.us-east1",SRX11450742,Illumina NovaSeq 6000,BMD01041,BMD01041,PAIRED,Hybrid Selection,GENOMIC,Homo sapiens,ILLUMINA,2021-07-14T00:00:00Z,2021-07-14T23:24:00Z,1,BMD01041,female,SRP193431,Plasma
SRR15143314,68,Bisulfite-Seq,281,4704541938,"Peking Union\, Naixin Liang",PRJNA534206,SAMN20228864,Human,1620199010,BURNING ROCK,public,"sra,run.zq,fastq","gs,s3,ncbi","gs.us-east1,s3.us-east-1,ncbi.public",SRX11450741,Illumina NovaSeq 6000,BMD01040,BMD01040,PAIRED,Hybrid Selection,GENOMIC,Homo sapiens,ILLUMINA,2021-07-14T00:00:00Z,2021-07-14T23:36:00Z,1,BMD01040,male,SRP193431,Plasma
SRR15143315,54,Bisulfite-Seq,296,5314575648,"Peking Union\, Naixin Liang",PRJNA534206,SAMN20228863,Human,1968479571,BURNING ROCK,public,"run.zq,sra,fastq","ncbi,s3,gs","s3.us-east-1,gs.us-east1,ncbi.public",SRX11450740,Illumina NovaSeq 6000,BMD01039,BMD01039,PAIRED,Hybrid Selection,GENOMIC,Homo sapiens,ILLUMINA,2021-07-14T00:00:00Z,2021-07-14T23:18:00Z,1,BMD01039,male,SRP193431,Plasma
SRR15143316,51,Bisulfite-Seq,298,7338258695,"Peking Union\, Naixin Liang",PRJNA534206,SAMN20228862,Human,2619219514,BURNING ROCK,public,"run.zq,sra,fastq","ncbi,gs,s3","ncbi.public,gs.us-east1,s3.us-east-1",SRX11450739,Illumina NovaSeq 6000,BMD01038,BMD01038,PAIRED,Hybrid Selection,GENOMIC,Homo sapiens,ILLUMINA,2021-07-15T00:00:00Z,2021-07-14T23:47:00Z,1,BMD01038,female,SRP193431,Plasma
SRR15143317,39,Bisulfite-Seq,291,4126595774,"Peking Union\, Naixin Liang",PRJNA534206,SAMN20228861,Human,2479573775,BURNING ROCK,public,"fastq,sra,run.zq","ncbi,gs,s3","gs.us-east1,s3.us-east-1,ncbi.public",SRX11450738,Illumina NovaSeq 6000,BMD01037,BMD01037,PAIRED,Hybrid Selection,GENOMIC,Homo sapiens,ILLUMINA,2021-07-14T00:00:00Z,2021-07-14T23:21:00Z,1,BMD01037,female,SRP193431,Plasma
SRR15143318,47,Bisulfite-Seq,296,5548208606,"Peking Union\, Naixin Liang",PRJNA534206,SAMN20228860,Human,1997272376,BURNING ROCK,public,"fastq,sra,run.zq","ncbi,s3,gs","ncbi.public,gs.us-east1,s3.us-east-1",SRX11450737,Illumina NovaSeq 6000,BMD01036,BMD01036,PAIRED,Hybrid Selection,GENOMIC,Homo sapiens,ILLUMINA,2021-07-14T00:00:00Z,2021-07-14T23:25:00Z,1,BMD01036,female,SRP193431,Plasma
SRR15143319,50,Bisulfite-Seq,294,3713628155,"Peking Union\, Naixin Liang",PRJNA534206,SAMN20228859,Human,2216413895,BURNING ROCK,public,"sra,fastq,run.zq","gs,ncbi,s3","ncbi.public,s3.us-east-1,gs.us-east1",SRX11450736,Illumina NovaSeq 6000,BMD01033,BMD01033,PAIRED,Hybrid Selection,GENOMIC,Homo sapiens,ILLUMINA,2021-07-14T00:00:00Z,2021-07-14T23:22:00Z,1,BMD01033,female,SRP193431,Plasma
SRR15143320,59,Bisulfite-Seq,294,5699582046,"Peking Union\, Naixin Liang",PRJNA534206,SAMN20228858,Human,1979858099,BURNING ROCK,public,"fastq,run.zq,sra","gs,ncbi,s3","gs.us-east1,ncbi.public,s3.us-east-1",SRX11450735,Illumina NovaSeq 6000,BMD01032,BMD01032,PAIRED,Hybrid Selection,GENOMIC,Homo sapiens,ILLUMINA,2021-07-14T00:00:00Z,2021-07-14T23:35:00Z,1,BMD01032,female,SRP193431,Plasma
SRR15143321,48,Bisulfite-Seq,283,3782285215,"Peking Union\, Naixin Liang",PRJNA534206,SAMN20228831,Human,1321931934,BURNING ROCK,public,"sra,fastq,run.zq","s3,gs,ncbi","s3.us-east-1,ncbi.public,gs.us-east1",SRX11450734,Illumina NovaSeq 6000,BMD01004,BMD01004,PAIRED,Hybrid Selection,GENOMIC,Homo sapiens,ILLUMINA,2021-07-14T00:00:00Z,2021-07-14T23:19:00Z,1,BMD01004,female,SRP193431,Plasma
SRR15143322,49,Bisulfite-Seq,291,5882898250,"Peking Union\, Naixin Liang",PRJNA534206,SAMN20228857,Human,2044400225,BURNING ROCK,public,"sra,run.zq,fastq","s3,gs,ncbi","ncbi.public,gs.us-east1,s3.us-east-1",SRX11450733,Illumina NovaSeq 6000,BMD01030,BMD01030,PAIRED,Hybrid Selection,GENOMIC,Homo sapiens,ILLUMINA,2021-07-14T00:00:00Z,2021-07-14T23:25:00Z,1,BMD01030,female,SRP193431,Plasma
SRR15143323,71,Bisulfite-Seq,291,5966253984,"Peking Union\, Naixin Liang",PRJNA534206,SAMN20228856,Human,2144708252,BURNING ROCK,public,"fastq,run.zq,sra","gs,ncbi,s3","ncbi.public,gs.us-east1,s3.us-east-1",SRX11450732,Illumina NovaSeq 6000,BMD01029,BMD01029,PAIRED,Hybrid Selection,GENOMIC,Homo sapiens,ILLUMINA,2021-07-15T00:00:00Z,2021-07-14T23:49:00Z,1,BMD01029,male,SRP193431,Plasma
SRR15143324,66,Bisulfite-Seq,289,3763812174,"Peking Union\, Naixin Liang",PRJNA534206,SAMN20228855,Human,2329495335,BURNING ROCK,public,"fastq,sra,run.zq","gs,s3,ncbi","ncbi.public,gs.us-east1,s3.us-east-1",SRX11450731,Illumina NovaSeq 6000,BMD01028,BMD01028,PAIRED,Hybrid Selection,GENOMIC,Homo sapiens,ILLUMINA,2021-07-14T00:00:00Z,2021-07-14T23:20:00Z,1,BMD01028,female,SRP193431,Plasma
SRR15143325,56,Bisulfite-Seq,295,5648473758,"Peking Union\, Naixin Liang",PRJNA534206,SAMN20228854,Human,2096045046,BURNING ROCK,public,"sra,fastq,run.zq","s3,ncbi,gs","gs.us-east1,ncbi.public,s3.us-east-1",SRX11450730,Illumina NovaSeq 6000,BMD01027,BMD01027,PAIRED,Hybrid Selection,GENOMIC,Homo sapiens,ILLUMINA,2021-07-14T00:00:00Z,2021-07-14T23:30:00Z,1,BMD01027,male,SRP193431,Plasma
SRR15143326,47,Bisulfite-Seq,292,13090797674,"Peking Union\, Naixin Liang",PRJNA534206,SAMN20228853,Human,4875562345,BURNING ROCK,public,"fastq,run.zq,sra","ncbi,s3,gs","gs.us-east1,ncbi.public,s3.us-east-1",SRX11450729,Illumina NovaSeq 6000,BMD01026,BMD01026,PAIRED,Hybrid Selection,GENOMIC,Homo sapiens,ILLUMINA,2021-07-15T00:00:00Z,2021-07-15T00:59:00Z,1,BMD01026,male,SRP193431,Plasma
SRR15143327,71,Bisulfite-Seq,293,11207065827,"Peking Union\, Naixin Liang",PRJNA534206,SAMN20228852,Human,4200810396,BURNING ROCK,public,"fastq,run.zq,sra","s3,gs,ncbi","s3.us-east-1,ncbi.public,gs.us-east1",SRX11450728,Illumina NovaSeq 6000,BMD01025,BMD01025,PAIRED,Hybrid Selection,GENOMIC,Homo sapiens,ILLUMINA,2021-07-15T00:00:00Z,2021-07-14T23:55:00Z,1,BMD01025,female,SRP193431,Plasma
SRR15143328,55,Bisulfite-Seq,292,14186351740,"Peking Union\, Naixin Liang",PRJNA534206,SAMN20228851,Human,5248406300,BURNING ROCK,public,"run.zq,sra,fastq","ncbi,s3,gs","gs.us-east1,ncbi.public,s3.us-east-1",SRX11450727,Illumina NovaSeq 6000,BMD01024,BMD01024,PAIRED,Hybrid Selection,GENOMIC,Homo sapiens,ILLUMINA,2021-07-15T00:00:00Z,2021-07-15T00:04:00Z,1,BMD01024,female,SRP193431,Plasma
SRR15143329,72,Bisulfite-Seq,291,11007679773,"Peking Union\, Naixin Liang",PRJNA534206,SAMN20228850,Human,4079542640,BURNING ROCK,public,"sra,run.zq,fastq","s3,gs,ncbi","ncbi.public,gs.us-east1,s3.us-east-1",SRX11450726,Illumina NovaSeq 6000,BMD01023,BMD01023,PAIRED,Hybrid Selection,GENOMIC,Homo sapiens,ILLUMINA,2021-07-15T00:00:00Z,2021-07-14T23:43:00Z,1,BMD01023,male,SRP193431,Plasma
SRR15143330,70,Bisulfite-Seq,292,5902809759,"Peking Union\, Naixin Liang",PRJNA534206,SAMN20228849,Human,2146569699,BURNING ROCK,public,"run.zq,fastq,sra","ncbi,gs,s3","s3.us-east-1,ncbi.public,gs.us-east1",SRX11450725,Illumina NovaSeq 6000,BMD01022,BMD01022,PAIRED,Hybrid Selection,GENOMIC,Homo sapiens,ILLUMINA,2021-07-14T00:00:00Z,2021-07-14T23:32:00Z,1,BMD01022,male,SRP193431,Plasma
SRR15143331,66,Bisulfite-Seq,292,6032198431,"Peking Union\, Naixin Liang",PRJNA534206,SAMN20228848,Human,2198227607,BURNING ROCK,public,"fastq,sra,run.zq","gs,ncbi,s3","ncbi.public,s3.us-east-1,gs.us-east1",SRX11450724,Illumina NovaSeq 6000,BMD01021,BMD01021,PAIRED,Hybrid Selection,GENOMIC,Homo sapiens,ILLUMINA,2021-07-15T00:00:00Z,2021-07-14T23:51:00Z,1,BMD01021,female,SRP193431,Plasma
SRR15143332,59,Bisulfite-Seq,298,7253210058,"Peking Union\, Naixin Liang",PRJNA534206,SAMN20228830,Human,2575686231,BURNING ROCK,public,"run.zq,sra,fastq","ncbi,gs,s3","gs.us-east1,ncbi.public,s3.us-east-1",SRX11450723,Illumina NovaSeq 6000,BMD01003,BMD01003,PAIRED,Hybrid Selection,GENOMIC,Homo sapiens,ILLUMINA,2021-07-15T00:00:00Z,2021-07-14T23:53:00Z,1,BMD01003,male,SRP193431,Plasma
SRR15143333,46,Bisulfite-Seq,296,4587886334,"Peking Union\, Naixin Liang",PRJNA534206,SAMN20228847,Human,1707302738,BURNING ROCK,public,"sra,fastq,run.zq","gs,s3,ncbi","ncbi.public,s3.us-east-1,gs.us-east1",SRX11450722,Illumina NovaSeq 6000,BMD01020,BMD01020,PAIRED,Hybrid Selection,GENOMIC,Homo sapiens,ILLUMINA,2021-07-15T00:00:00Z,2021-07-14T23:44:00Z,1,BMD01020,female,SRP193431,Plasma
SRR15143334,41,Bisulfite-Seq,294,13429177522,"Peking Union\, Naixin Liang",PRJNA534206,SAMN20228846,Human,5149085509,BURNING ROCK,public,"fastq,sra,run.zq","ncbi,gs,s3","s3.us-east-1,ncbi.public,gs.us-east1",SRX11450721,Illumina NovaSeq 6000,BMD01019,BMD01019,PAIRED,Hybrid Selection,GENOMIC,Homo sapiens,ILLUMINA,2021-07-15T00:00:00Z,2021-07-15T00:34:00Z,1,BMD01019,female,SRP193431,Plasma
SRR15143335,41,Bisulfite-Seq,295,4300906216,"Peking Union\, Naixin Liang",PRJNA534206,SAMN20228845,Human,1660842886,BURNING ROCK,public,"run.zq,sra,fastq","gs,s3,ncbi","ncbi.public,s3.us-east-1,gs.us-east1",SRX11450720,Illumina NovaSeq 6000,BMD01018,BMD01018,PAIRED,Hybrid Selection,GENOMIC,Homo sapiens,ILLUMINA,2021-07-14T00:00:00Z,2021-07-14T23:35:00Z,1,BMD01018,female,SRP193431,Plasma
SRR15143336,52,Bisulfite-Seq,295,6036231018,"Peking Union\, Naixin Liang",PRJNA534206,SAMN20228844,Human,2321559516,BURNING ROCK,public,"run.zq,sra,fastq","s3,ncbi,gs","ncbi.public,gs.us-east1,s3.us-east-1",SRX11450719,Illumina NovaSeq 6000,BMD01017,BMD01017,PAIRED,Hybrid Selection,GENOMIC,Homo sapiens,ILLUMINA,2021-07-15T00:00:00Z,2021-07-15T00:16:00Z,1,BMD01017,female,SRP193431,Plasma
SRR15143337,56,Bisulfite-Seq,295,4189874294,"Peking Union\, Naixin Liang",PRJNA534206,SAMN20228843,Human,1594629958,BURNING ROCK,public,"run.zq,sra,fastq","gs,ncbi,s3","s3.us-east-1,ncbi.public,gs.us-east1",SRX11450718,Illumina NovaSeq 6000,BMD01016,BMD01016,PAIRED,Hybrid Selection,GENOMIC,Homo sapiens,ILLUMINA,2021-07-14T00:00:00Z,2021-07-14T23:27:00Z,1,BMD01016,female,SRP193431,Plasma
SRR15143338,41,Bisulfite-Seq,295,4652892279,"Peking Union\, Naixin Liang",PRJNA534206,SAMN20228842,Human,1779972531,BURNING ROCK,public,"sra,run.zq,fastq","ncbi,s3,gs","gs.us-east1,s3.us-east-1,ncbi.public",SRX11450717,Illumina NovaSeq 6000,BMD01015,BMD01015,PAIRED,Hybrid Selection,GENOMIC,Homo sapiens,ILLUMINA,2021-07-14T00:00:00Z,2021-07-14T23:39:00Z,1,BMD01015,female,SRP193431,Plasma
SRR15143339,40,Bisulfite-Seq,302,7117334264,"Peking Union\, Naixin Liang",PRJNA534206,SAMN20228963,Human,2523300804,BURNING ROCK,public,"sra,fastq,run.zq","gs,s3,ncbi","ncbi.public,s3.us-east-1,gs.us-east1",SRX11450716,Illumina NovaSeq 6000,BMD01141,BMD01141,PAIRED,Hybrid Selection,GENOMIC,Homo sapiens,ILLUMINA,2021-07-15T00:00:00Z,2021-07-14T23:47:00Z,1,BMD01141,male,SRP193431,Plasma
SRR15143340,57,Bisulfite-Seq,302,6497639022,"Peking Union\, Naixin Liang",PRJNA534206,SAMN20228962,Human,2327816687,BURNING ROCK,public,"fastq,sra,run.zq","ncbi,s3,gs","ncbi.public,s3.us-east-1,gs.us-east1",SRX11450715,Illumina NovaSeq 6000,BMD01140,BMD01140,PAIRED,Hybrid Selection,GENOMIC,Homo sapiens,ILLUMINA,2021-07-15T00:00:00Z,2021-07-14T23:52:00Z,1,BMD01140,female,SRP193431,Plasma
SRR15143341,57,Bisulfite-Seq,302,5650188668,"Peking Union\, Naixin Liang",PRJNA534206,SAMN20228961,Human,1999431006,BURNING ROCK,public,"fastq,run.zq,sra","s3,gs,ncbi","ncbi.public,s3.us-east-1,gs.us-east1",SRX11450714,Illumina NovaSeq 6000,BMD01139,BMD01139,PAIRED,Hybrid Selection,GENOMIC,Homo sapiens,ILLUMINA,2021-07-15T00:00:00Z,2021-07-15T00:12:00Z,1,BMD01139,female,SRP193431,Plasma
SRR15143342,59,Bisulfite-Seq,302,6631056280,"Peking Union\, Naixin Liang",PRJNA534206,SAMN20228960,Human,2283724369,BURNING ROCK,public,"fastq,sra,run.zq","ncbi,s3,gs","gs.us-east1,s3.us-east-1,ncbi.public",SRX11450713,Illumina NovaSeq 6000,BMD01138,BMD01138,PAIRED,Hybrid Selection,GENOMIC,Homo sapiens,ILLUMINA,2021-07-15T00:00:00Z,2021-07-14T23:49:00Z,1,BMD01138,male,SRP193431,Plasma
SRR15143343,59,Bisulfite-Seq,302,5805320330,"Peking Union\, Naixin Liang",PRJNA534206,SAMN20228959,Human,2075690281,BURNING ROCK,public,"fastq,sra,run.zq","s3,ncbi,gs","ncbi.public,gs.us-east1,s3.us-east-1",SRX11450712,Illumina NovaSeq 6000,BMD01137,BMD01137,PAIRED,Hybrid Selection,GENOMIC,Homo sapiens,ILLUMINA,2021-07-14T00:00:00Z,2021-07-14T23:30:00Z,1,BMD01137,female,SRP193431,Plasma
SRR15143344,74,Bisulfite-Seq,302,7392150640,"Peking Union\, Naixin Liang",PRJNA534206,SAMN20228958,Human,2553094562,BURNING ROCK,public,"run.zq,fastq,sra","gs,s3,ncbi","s3.us-east-1,gs.us-east1,ncbi.public",SRX11450711,Illumina NovaSeq 6000,BMD01136,BMD01136,PAIRED,Hybrid Selection,GENOMIC,Homo sapiens,ILLUMINA,2021-07-15T00:00:00Z,2021-07-14T23:51:00Z,1,BMD01136,female,SRP193431,Plasma
SRR15143345,59,Bisulfite-Seq,296,4290384290,"Peking Union\, Naixin Liang",PRJNA534206,SAMN20228841,Human,1671978252,BURNING ROCK,public,"fastq,sra,run.zq","gs,s3,ncbi","s3.us-east-1,gs.us-east1,ncbi.public",SRX11450710,Illumina NovaSeq 6000,BMD01014,BMD01014,PAIRED,Hybrid Selection,GENOMIC,Homo sapiens,ILLUMINA,2021-07-14T00:00:00Z,2021-07-14T23:39:00Z,1,BMD01014,female,SRP193431,Plasma
SRR15143346,48,Bisulfite-Seq,302,8679667240,"Peking Union\, Naixin Liang",PRJNA534206,SAMN20228957,Human,2998372695,BURNING ROCK,public,"sra,run.zq,fastq","ncbi,s3,gs","s3.us-east-1,gs.us-east1,ncbi.public",SRX11450709,Illumina NovaSeq 6000,BMD01135,BMD01135,PAIRED,Hybrid Selection,GENOMIC,Homo sapiens,ILLUMINA,2021-07-15T00:00:00Z,2021-07-14T23:54:00Z,1,BMD01135,male,SRP193431,Plasma
SRR15143347,68,Bisulfite-Seq,302,7089891222,"Peking Union\, Naixin Liang",PRJNA534206,SAMN20228956,Human,2459785751,BURNING ROCK,public,"sra,run.zq,fastq","s3,gs,ncbi","s3.us-east-1,ncbi.public,gs.us-east1",SRX11450708,Illumina NovaSeq 6000,BMD01134,BMD01134,PAIRED,Hybrid Selection,GENOMIC,Homo sapiens,ILLUMINA,2021-07-15T00:00:00Z,2021-07-14T23:43:00Z,1,BMD01134,male,SRP193431,Plasma
SRR15143348,62,Bisulfite-Seq,302,6368931756,"Peking Union\, Naixin Liang",PRJNA534206,SAMN20228955,Human,2242091860,BURNING ROCK,public,"run.zq,sra,fastq","gs,ncbi,s3","gs.us-east1,s3.us-east-1,ncbi.public",SRX11450707,Illumina NovaSeq 6000,BMD01133,BMD01133,PAIRED,Hybrid Selection,GENOMIC,Homo sapiens,ILLUMINA,2021-07-15T00:00:00Z,2021-07-14T23:52:00Z,1,BMD01133,female,SRP193431,Plasma
SRR15143349,68,Bisulfite-Seq,302,5626960640,"Peking Union\, Naixin Liang",PRJNA534206,SAMN20228954,Human,1978570994,BURNING ROCK,public,"fastq,sra,run.zq","ncbi,s3,gs","ncbi.public,s3.us-east-1,gs.us-east1",SRX11450706,Illumina NovaSeq 6000,BMD01132,BMD01132,PAIRED,Hybrid Selection,GENOMIC,Homo sapiens,ILLUMINA,2021-07-15T00:00:00Z,2021-07-15T01:37:00Z,1,BMD01132,male,SRP193431,Plasma
SRR15143350,55,Bisulfite-Seq,302,13025735952,"Peking Union\, Naixin Liang",PRJNA534206,SAMN20228953,Human,4689416156,BURNING ROCK,public,"run.zq,sra,fastq","gs,ncbi,s3","gs.us-east1,ncbi.public,s3.us-east-1",SRX11450705,Illumina NovaSeq 6000,BMD01131,BMD01131,PAIRED,Hybrid Selection,GENOMIC,Homo sapiens,ILLUMINA,2021-07-15T00:00:00Z,2021-07-15T00:26:00Z,1,BMD01131,male,SRP193431,Plasma
SRR15143351,58,Bisulfite-Seq,302,7861386160,"Peking Union\, Naixin Liang",PRJNA534206,SAMN20228952,Human,2763393280,BURNING ROCK,public,"sra,run.zq,fastq","gs,ncbi,s3","gs.us-east1,s3.us-east-1,ncbi.public",SRX11450704,Illumina NovaSeq 6000,BMD01130,BMD01130,PAIRED,Hybrid Selection,GENOMIC,Homo sapiens,ILLUMINA,2021-07-15T00:00:00Z,2021-07-14T23:57:00Z,1,BMD01130,male,SRP193431,Plasma
SRR15143352,71,Bisulfite-Seq,290,4869598295,"Peking Union\, Naixin Liang",PRJNA534206,SAMN20228951,Human,1838858287,BURNING ROCK,public,"sra,fastq,run.zq","ncbi,gs,s3","s3.us-east-1,ncbi.public,gs.us-east1",SRX11450703,Illumina NovaSeq 6000,BMD01129,BMD01129,PAIRED,Hybrid Selection,GENOMIC,Homo sapiens,ILLUMINA,2021-07-14T00:00:00Z,2021-07-14T23:42:00Z,1,BMD01129,female,SRP193431,Plasma
SRR15143353,55,Bisulfite-Seq,302,7294597090,"Peking Union\, Naixin Liang",PRJNA534206,SAMN20228950,Human,2535727690,BURNING ROCK,public,"sra,fastq,run.zq","ncbi,s3,gs","gs.us-east1,s3.us-east-1,ncbi.public",SRX11450702,Illumina NovaSeq 6000,BMD01128,BMD01128,PAIRED,Hybrid Selection,GENOMIC,Homo sapiens,ILLUMINA,2021-07-14T00:00:00Z,2021-07-14T23:41:00Z,1,BMD01128,male,SRP193431,Plasma
SRR15143354,66,Bisulfite-Seq,302,5512793466,"Peking Union\, Naixin Liang",PRJNA534206,SAMN20228949,Human,1897178691,BURNING ROCK,public,"fastq,sra,run.zq","gs,ncbi,s3","s3.us-east-1,ncbi.public,gs.us-east1",SRX11450701,Illumina NovaSeq 6000,BMD01127,BMD01127,PAIRED,Hybrid Selection,GENOMIC,Homo sapiens,ILLUMINA,2021-07-15T00:00:00Z,2021-07-15T00:12:00Z,1,BMD01127,male,SRP193431,Plasma
SRR15143355,45,Bisulfite-Seq,293,4162366503,"Peking Union\, Naixin Liang",PRJNA534206,SAMN20228948,Human,1566830605,BURNING ROCK,public,"run.zq,sra,fastq","ncbi,s3,gs","gs.us-east1,ncbi.public,s3.us-east-1",SRX11450700,Illumina NovaSeq 6000,BMD01126,BMD01126,PAIRED,Hybrid Selection,GENOMIC,Homo sapiens,ILLUMINA,2021-07-14T00:00:00Z,2021-07-14T23:31:00Z,1,BMD01126,male,SRP193431,Plasma
SRR15143356,47,Bisulfite-Seq,296,3950093629,"Peking Union\, Naixin Liang",PRJNA534206,SAMN20228840,Human,1526168909,BURNING ROCK,public,"sra,fastq,run.zq","gs,ncbi,s3","gs.us-east1,s3.us-east-1,ncbi.public",SRX11450699,Illumina NovaSeq 6000,BMD01013,BMD01013,PAIRED,Hybrid Selection,GENOMIC,Homo sapiens,ILLUMINA,2021-07-14T00:00:00Z,2021-07-14T23:35:00Z,1,BMD01013,female,SRP193431,Plasma
SRR15143357,52,Bisulfite-Seq,293,4761747376,"Peking Union\, Naixin Liang",PRJNA534206,SAMN20228947,Human,1806829041,BURNING ROCK,public,"sra,fastq,run.zq","s3,gs,ncbi","gs.us-east1,s3.us-east-1,ncbi.public",SRX11450698,Illumina NovaSeq 6000,BMD01125,BMD01125,PAIRED,Hybrid Selection,GENOMIC,Homo sapiens,ILLUMINA,2021-07-15T00:00:00Z,2021-07-14T23:50:00Z,1,BMD01125,female,SRP193431,Plasma
SRR15143358,54,Bisulfite-Seq,293,5988287418,"Peking Union\, Naixin Liang",PRJNA534206,SAMN20228946,Human,2181222108,BURNING ROCK,public,"sra,fastq,run.zq","ncbi,gs,s3","gs.us-east1,s3.us-east-1,ncbi.public",SRX11450697,Illumina NovaSeq 6000,BMD01124,BMD01124,PAIRED,Hybrid Selection,GENOMIC,Homo sapiens,ILLUMINA,2021-07-15T00:00:00Z,2021-07-15T00:03:00Z,1,BMD01124,male,SRP193431,Plasma
SRR15143359,56,Bisulfite-Seq,296,5059895430,"Peking Union\, Naixin Liang",PRJNA534206,SAMN20228945,Human,1827053122,BURNING ROCK,public,"sra,fastq,run.zq","ncbi,gs,s3","gs.us-east1,s3.us-east-1,ncbi.public",SRX11450696,Illumina NovaSeq 6000,BMD01123,BMD01123,PAIRED,Hybrid Selection,GENOMIC,Homo sapiens,ILLUMINA,2021-07-14T00:00:00Z,2021-07-14T23:36:00Z,1,BMD01123,female,SRP193431,Plasma
SRR15143360,49,Bisulfite-Seq,296,5565826019,"Peking Union\, Naixin Liang",PRJNA534206,SAMN20228944,Human,2009842454,BURNING ROCK,public,"run.zq,fastq,sra","gs,ncbi,s3","gs.us-east1,s3.us-east-1,ncbi.public",SRX11450695,Illumina NovaSeq 6000,BMD01122,BMD01122,PAIRED,Hybrid Selection,GENOMIC,Homo sapiens,ILLUMINA,2021-07-15T00:00:00Z,2021-07-14T23:48:00Z,1,BMD01122,female,SRP193431,Plasma
SRR15143361,53,Bisulfite-Seq,293,5801654269,"Peking Union\, Naixin Liang",PRJNA534206,SAMN20228943,Human,2136711385,BURNING ROCK,public,"run.zq,sra,fastq","ncbi,s3,gs","gs.us-east1,s3.us-east-1,ncbi.public",SRX11450694,Illumina NovaSeq 6000,BMD01121,BMD01121,PAIRED,Hybrid Selection,GENOMIC,Homo sapiens,ILLUMINA,2021-07-15T00:00:00Z,2021-07-14T23:39:00Z,1,BMD01121,female,SRP193431,Plasma
SRR15143362,53,Bisulfite-Seq,294,4437166427,"Peking Union\, Naixin Liang",PRJNA534206,SAMN20228942,Human,1718520268,BURNING ROCK,public,"sra,run.zq,fastq","ncbi,s3,gs","s3.us-east-1,gs.us-east1,ncbi.public",SRX11450693,Illumina NovaSeq 6000,BMD01120,BMD01120,PAIRED,Hybrid Selection,GENOMIC,Homo sapiens,ILLUMINA,2021-07-14T00:00:00Z,2021-07-14T23:37:00Z,1,BMD01120,male,SRP193431,Plasma
SRR15143363,64,Bisulfite-Seq,295,5144931279,"Peking Union\, Naixin Liang",PRJNA534206,SAMN20228941,Human,1940160925,BURNING ROCK,public,"fastq,run.zq,sra","ncbi,gs,s3","ncbi.public,gs.us-east1,s3.us-east-1",SRX11450692,Illumina NovaSeq 6000,BMD01119,BMD01119,PAIRED,Hybrid Selection,GENOMIC,Homo sapiens,ILLUMINA,2021-07-15T00:00:00Z,2021-07-14T23:47:00Z,1,BMD01119,male,SRP193431,Plasma
SRR15143364,57,Bisulfite-Seq,294,5410059947,"Peking Union\, Naixin Liang",PRJNA534206,SAMN20228940,Human,2138097687,BURNING ROCK,public,"run.zq,fastq,sra","gs,ncbi,s3","s3.us-east-1,ncbi.public,gs.us-east1",SRX11450691,Illumina NovaSeq 6000,BMD01118,BMD01118,PAIRED,Hybrid Selection,GENOMIC,Homo sapiens,ILLUMINA,2021-07-15T00:00:00Z,2021-07-14T23:45:00Z,1,BMD01118,female,SRP193431,Plasma
SRR15143365,59,Bisulfite-Seq,294,5593039222,"Peking Union\, Naixin Liang",PRJNA534206,SAMN20228939,Human,2087845991,BURNING ROCK,public,"sra,run.zq,fastq","ncbi,gs,s3","gs.us-east1,ncbi.public,s3.us-east-1",SRX11450690,Illumina NovaSeq 6000,BMD01117,BMD01117,PAIRED,Hybrid Selection,GENOMIC,Homo sapiens,ILLUMINA,2021-07-15T00:00:00Z,2021-07-14T23:40:00Z,1,BMD01117,male,SRP193431,Plasma
SRR15143366,54,Bisulfite-Seq,292,6437243628,"Peking Union\, Naixin Liang",PRJNA534206,SAMN20228938,Human,2474965530,BURNING ROCK,public,"fastq,sra,run.zq","gs,s3,ncbi","s3.us-east-1,ncbi.public,gs.us-east1",SRX11450689,Illumina NovaSeq 6000,BMD01116,BMD01116,PAIRED,Hybrid Selection,GENOMIC,Homo sapiens,ILLUMINA,2021-07-15T00:00:00Z,2021-07-14T23:52:00Z,1,BMD01116,male,SRP193431,Plasma
SRR15143367,63,Bisulfite-Seq,295,3578267694,"Peking Union\, Naixin Liang",PRJNA534206,SAMN20228839,Human,1386027404,BURNING ROCK,public,"fastq,sra,run.zq","ncbi,s3,gs","s3.us-east-1,gs.us-east1,ncbi.public",SRX11450688,Illumina NovaSeq 6000,BMD01012,BMD01012,PAIRED,Hybrid Selection,GENOMIC,Homo sapiens,ILLUMINA,2021-07-15T00:00:00Z,2021-07-14T23:53:00Z,1,BMD01012,female,SRP193431,Plasma
SRR15143368,55,Bisulfite-Seq,291,12670763530,"Peking Union\, Naixin Liang",PRJNA534206,SAMN20228937,Human,4816054456,BURNING ROCK,public,"sra,run.zq,fastq","s3,gs,ncbi","ncbi.public,gs.us-east1,s3.us-east-1",SRX11450687,Illumina NovaSeq 6000,BMD01115,BMD01115,PAIRED,Hybrid Selection,GENOMIC,Homo sapiens,ILLUMINA,2021-07-15T00:00:00Z,2021-07-15T00:16:00Z,1,BMD01115,female,SRP193431,Plasma
SRR15143369,74,Bisulfite-Seq,302,6494475270,"Peking Union\, Naixin Liang",PRJNA534206,SAMN20228936,Human,2340900475,BURNING ROCK,public,"run.zq,fastq,sra","gs,s3,ncbi","s3.us-east-1,ncbi.public,gs.us-east1",SRX11450686,Illumina NovaSeq 6000,BMD01114,BMD01114,PAIRED,Hybrid Selection,GENOMIC,Homo sapiens,ILLUMINA,2021-07-15T00:00:00Z,2021-07-14T23:48:00Z,1,BMD01114,male,SRP193431,Plasma
SRR15143370,63,Bisulfite-Seq,294,5172331650,"Peking Union\, Naixin Liang",PRJNA534206,SAMN20228935,Human,1967221094,BURNING ROCK,public,"fastq,sra,run.zq","gs,s3,ncbi","s3.us-east-1,ncbi.public,gs.us-east1",SRX11450685,Illumina NovaSeq 6000,BMD01113,BMD01113,PAIRED,Hybrid Selection,GENOMIC,Homo sapiens,ILLUMINA,2021-07-15T00:00:00Z,2021-07-14T23:43:00Z,1,BMD01113,female,SRP193431,Plasma
SRR15143371,50,Bisulfite-Seq,294,9768649000,"Peking Union\, Naixin Liang",PRJNA534206,SAMN20228934,Human,3689080159,BURNING ROCK,public,"run.zq,sra,fastq","s3,ncbi,gs","s3.us-east-1,ncbi.public,gs.us-east1",SRX11450684,Illumina NovaSeq 6000,BMD01112,BMD01112,PAIRED,Hybrid Selection,GENOMIC,Homo sapiens,ILLUMINA,2021-07-15T00:00:00Z,2021-07-15T00:17:00Z,1,BMD01112,female,SRP193431,Plasma
SRR15143372,56,Bisulfite-Seq,294,4750429298,"Peking Union\, Naixin Liang",PRJNA534206,SAMN20228933,Human,1794626046,BURNING ROCK,public,"run.zq,sra,fastq","ncbi,gs,s3","gs.us-east1,ncbi.public,s3.us-east-1",SRX11450683,Illumina NovaSeq 6000,BMD01111,BMD01111,PAIRED,Hybrid Selection,GENOMIC,Homo sapiens,ILLUMINA,2021-07-15T00:00:00Z,2021-07-15T00:37:00Z,1,BMD01111,male,SRP193431,Plasma
SRR15143373,50,Bisulfite-Seq,302,5610203566,"Peking Union\, Naixin Liang",PRJNA534206,SAMN20228932,Human,1904303954,BURNING ROCK,public,"run.zq,sra,fastq","gs,ncbi,s3","s3.us-east-1,ncbi.public,gs.us-east1",SRX11450682,Illumina NovaSeq 6000,BMD01110,BMD01110,PAIRED,Hybrid Selection,GENOMIC,Homo sapiens,ILLUMINA,2021-07-15T00:00:00Z,2021-07-14T23:44:00Z,1,BMD01110,male,SRP193431,Plasma
SRR15143374,60,Bisulfite-Seq,294,5835467574,"Peking Union\, Naixin Liang",PRJNA534206,SAMN20228931,Human,2209498702,BURNING ROCK,public,"fastq,sra,run.zq","ncbi,gs,s3","gs.us-east1,ncbi.public,s3.us-east-1",SRX11450681,Illumina NovaSeq 6000,BMD01109,BMD01109,PAIRED,Hybrid Selection,GENOMIC,Homo sapiens,ILLUMINA,2021-07-15T00:00:00Z,2021-07-14T23:47:00Z,1,BMD01109,male,SRP193431,Plasma
SRR15143375,46,Bisulfite-Seq,294,6222487619,"Peking Union\, Naixin Liang",PRJNA534206,SAMN20228930,Human,2296165815,BURNING ROCK,public,"fastq,sra,run.zq","s3,gs,ncbi","ncbi.public,s3.us-east-1,gs.us-east1",SRX11450680,Illumina NovaSeq 6000,BMD01108,BMD01108,PAIRED,Hybrid Selection,GENOMIC,Homo sapiens,ILLUMINA,2021-07-15T00:00:00Z,2021-07-14T23:48:00Z,1,BMD01108,male,SRP193431,Plasma
SRR15143376,56,Bisulfite-Seq,295,6586574818,"Peking Union\, Naixin Liang",PRJNA534206,SAMN20228929,Human,2402235342,BURNING ROCK,public,"run.zq,sra,fastq","ncbi,gs,s3","gs.us-east1,ncbi.public,s3.us-east-1",SRX11450679,Illumina NovaSeq 6000,BMD01107,BMD01107,PAIRED,Hybrid Selection,GENOMIC,Homo sapiens,ILLUMINA,2021-07-15T00:00:00Z,2021-07-14T23:49:00Z,1,BMD01107,male,SRP193431,Plasma
SRR15143377,72,Bisulfite-Seq,302,6895228062,"Peking Union\, Naixin Liang",PRJNA534206,SAMN20228928,Human,2418173500,BURNING ROCK,public,"run.zq,fastq,sra","ncbi,s3,gs","s3.us-east-1,ncbi.public,gs.us-east1",SRX11450678,Illumina NovaSeq 6000,BMD01106,BMD01106,PAIRED,Hybrid Selection,GENOMIC,Homo sapiens,ILLUMINA,2021-07-15T00:00:00Z,2021-07-14T23:50:00Z,1,BMD01106,male,SRP193431,Plasma
SRR15143378,63,Bisulfite-Seq,282,4408583192,"Peking Union\, Naixin Liang",PRJNA534206,SAMN20228838,Human,1534983015,BURNING ROCK,public,"sra,fastq,run.zq","ncbi,s3,gs","gs.us-east1,ncbi.public,s3.us-east-1",SRX11450677,Illumina NovaSeq 6000,BMD01011,BMD01011,PAIRED,Hybrid Selection,GENOMIC,Homo sapiens,ILLUMINA,2021-07-15T00:00:00Z,2021-07-15T00:05:00Z,1,BMD01011,male,SRP193431,Plasma
SRR15143379,42,Bisulfite-Seq,298,6181822772,"Peking Union\, Naixin Liang",PRJNA534206,SAMN20228829,Human,2174798159,BURNING ROCK,public,"fastq,sra,run.zq","s3,ncbi,gs","gs.us-east1,ncbi.public,s3.us-east-1",SRX11450676,Illumina NovaSeq 6000,BMD01002,BMD01002,PAIRED,Hybrid Selection,GENOMIC,Homo sapiens,ILLUMINA,2021-07-15T00:00:00Z,2021-07-14T23:49:00Z,1,BMD01002,male,SRP193431,Plasma
SRR15143380,79,Bisulfite-Seq,298,6375948743,"Peking Union\, Naixin Liang",PRJNA534206,SAMN20228828,Human,2213222307,BURNING ROCK,public,"run.zq,sra,fastq","gs,s3,ncbi","gs.us-east1,ncbi.public,s3.us-east-1",SRX11450675,Illumina NovaSeq 6000,BMD01001,BMD01001,PAIRED,Hybrid Selection,GENOMIC,Homo sapiens,ILLUMINA,2021-07-15T00:00:00Z,2021-07-14T23:58:00Z,1,BMD01001,male,SRP193431,Plasma
SRR8944225,50,Bisulfite-Seq,287,4809887614,Liang,PRJNA534206,SAMN11479480,Human,2980457075,DEPARTMENT OF THORACIC SURGERY,public,"sra,run.zq,fastq","s3,ncbi,gs","s3.us-east-1,gs.us-east1,ncbi.public",SRX5724431,Illumina NovaSeq 6000,blood,RD1702813MET,PAIRED,Hybrid Selection,GENOMIC,Homo sapiens,ILLUMINA,2019-12-31T00:00:00Z,2019-04-23T07:44:00Z,1,RD1702813MET,female,SRP193431,blood
SRR9982156,missing,Bisulfite-Seq,295,4524883677,"Peking Union\, Naixin Liang",PRJNA534206,SAMN12258328,Human,1670841833,DEPARTMENT OF THORACIC SURGERY,public,"sra,fastq,run.zq","s3,ncbi,gs","s3.us-east-1,gs.us-east1,ncbi.public",SRX6723448,Illumina NovaSeq 6000,BMD00194,BMD00194,PAIRED,Hybrid Selection,GENOMIC,Homo sapiens,ILLUMINA,2019-12-31T00:00:00Z,2019-08-16T06:07:00Z,1,BMD00194,missing,SRP193431,Plasma
SRR9982157,missing,Bisulfite-Seq,296,5031144592,"Peking Union\, Naixin Liang",PRJNA534206,SAMN12258327,Human,1877266072,DEPARTMENT OF THORACIC SURGERY,public,"run.zq,fastq,sra","gs,ncbi,s3","gs.us-east1,s3.us-east-1,ncbi.public",SRX6723447,Illumina NovaSeq 6000,BMD00193,BMD00193,PAIRED,Hybrid Selection,GENOMIC,Homo sapiens,ILLUMINA,2019-12-31T00:00:00Z,2019-08-16T06:07:00Z,1,BMD00193,missing,SRP193431,Plasma
SRR9982158,missing,Bisulfite-Seq,296,5684537380,"Peking Union\, Naixin Liang",PRJNA534206,SAMN12258837,Human,2057679382,DEPARTMENT OF THORACIC SURGERY,public,"sra,fastq,run.zq","gs,ncbi,s3","ncbi.public,s3.us-east-1,gs.us-east1",SRX6723446,Illumina NovaSeq 6000,BMD00718,BMD00718,PAIRED,Hybrid Selection,GENOMIC,Homo sapiens,ILLUMINA,2019-12-31T00:00:00Z,2019-08-16T06:07:00Z,1,BMD00718,missing,SRP193431,Plasma
SRR9982159,missing,Bisulfite-Seq,294,5371078400,"Peking Union\, Naixin Liang",PRJNA534206,SAMN12258902,Human,2005266626,DEPARTMENT OF THORACIC SURGERY,public,"run.zq,sra,fastq","s3,ncbi,gs","gs.us-east1,ncbi.public,s3.us-east-1",SRX6723445,Illumina NovaSeq 6000,BMD00783,BMD00783,PAIRED,Hybrid Selection,GENOMIC,Homo sapiens,ILLUMINA,2019-12-31T00:00:00Z,2019-08-16T06:08:00Z,1,BMD00783,missing,SRP193431,Plasma
SRR9982160,missing,Bisulfite-Seq,294,4800839019,"Peking Union\, Naixin Liang",PRJNA534206,SAMN12258899,Human,1806095366,DEPARTMENT OF THORACIC SURGERY,public,"sra,fastq,run.zq","s3,ncbi,gs","s3.us-east-1,gs.us-east1,ncbi.public",SRX6723444,Illumina NovaSeq 6000,BMD00780,BMD00780,PAIRED,Hybrid Selection,GENOMIC,Homo sapiens,ILLUMINA,2019-12-31T00:00:00Z,2019-08-16T06:09:00Z,1,BMD00780,missing,SRP193431,Plasma
SRR9982161,missing,Bisulfite-Seq,294,5181014261,"Peking Union\, Naixin Liang",PRJNA534206,SAMN12258900,Human,1957991577,DEPARTMENT OF THORACIC SURGERY,public,"fastq,run.zq,sra","ncbi,gs,s3","ncbi.public,gs.us-east1,s3.us-east-1",SRX6723443,Illumina NovaSeq 6000,BMD00781,BMD00781,PAIRED,Hybrid Selection,GENOMIC,Homo sapiens,ILLUMINA,2019-12-31T00:00:00Z,2019-08-16T06:06:00Z,1,BMD00781,missing,SRP193431,Plasma
SRR9982162,missing,Bisulfite-Seq,293,5835081700,"Peking Union\, Naixin Liang",PRJNA534206,SAMN12258897,Human,2146115544,DEPARTMENT OF THORACIC SURGERY,public,"fastq,run.zq,sra","gs,ncbi,s3","gs.us-east1,s3.us-east-1,ncbi.public",SRX6723442,Illumina NovaSeq 6000,BMD00778,BMD00778,PAIRED,Hybrid Selection,GENOMIC,Homo sapiens,ILLUMINA,2019-12-31T00:00:00Z,2019-08-16T06:07:00Z,1,BMD00778,missing,SRP193431,Plasma
SRR9982163,missing,Bisulfite-Seq,294,5315926402,"Peking Union\, Naixin Liang",PRJNA534206,SAMN12258898,Human,1986163415,DEPARTMENT OF THORACIC SURGERY,public,"sra,run.zq,fastq","gs,s3,ncbi","s3.us-east-1,gs.us-east1,ncbi.public",SRX6723441,Illumina NovaSeq 6000,BMD00779,BMD00779,PAIRED,Hybrid Selection,GENOMIC,Homo sapiens,ILLUMINA,2019-12-31T00:00:00Z,2019-08-16T06:05:00Z,1,BMD00779,missing,SRP193431,Plasma
SRR9982164,missing,Bisulfite-Seq,294,7595278259,"Peking Union\, Naixin Liang",PRJNA534206,SAMN12258838,Human,2767012782,DEPARTMENT OF THORACIC SURGERY,public,"sra,run.zq,fastq","ncbi,gs,s3","ncbi.public,s3.us-east-1,gs.us-east1",SRX6723440,Illumina NovaSeq 6000,BMD00719,BMD00719,PAIRED,Hybrid Selection,GENOMIC,Homo sapiens,ILLUMINA,2019-12-31T00:00:00Z,2019-08-16T06:12:00Z,1,BMD00719,missing,SRP193431,Plasma
SRR9982165,missing,Bisulfite-Seq,294,6555560949,"Peking Union\, Naixin Liang",PRJNA534206,SAMN12258896,Human,2402273216,DEPARTMENT OF THORACIC SURGERY,public,"run.zq,fastq,sra","ncbi,s3,gs","gs.us-east1,s3.us-east-1,ncbi.public",SRX6723439,Illumina NovaSeq 6000,BMD00777,BMD00777,PAIRED,Hybrid Selection,GENOMIC,Homo sapiens,ILLUMINA,2019-12-31T00:00:00Z,2019-08-16T06:09:00Z,1,BMD00777,missing,SRP193431,Plasma
SRR9982166,missing,Bisulfite-Seq,294,10809985356,"Peking Union\, Naixin Liang",PRJNA534206,SAMN12258903,Human,4092402349,DEPARTMENT OF THORACIC SURGERY,public,"run.zq,sra,fastq","ncbi,s3,gs","gs.us-east1,ncbi.public,s3.us-east-1",SRX6723438,Illumina NovaSeq 6000,BMD00784,BMD00784,PAIRED,Hybrid Selection,GENOMIC,Homo sapiens,ILLUMINA,2019-12-31T00:00:00Z,2019-08-16T06:18:00Z,1,BMD00784,missing,SRP193431,Plasma
SRR9982167,missing,Bisulfite-Seq,295,12047279480,"Peking Union\, Naixin Liang",PRJNA534206,SAMN12258904,Human,4538344275,DEPARTMENT OF THORACIC SURGERY,public,"run.zq,fastq,sra","s3,gs,ncbi","s3.us-east-1,ncbi.public,gs.us-east1",SRX6723437,Illumina NovaSeq 6000,BMD00785,BMD00785,PAIRED,Hybrid Selection,GENOMIC,Homo sapiens,ILLUMINA,2019-12-31T00:00:00Z,2019-08-16T06:24:00Z,1,BMD00785,missing,SRP193431,Plasma
SRR9982168,missing,Bisulfite-Seq,294,6027656874,"Peking Union\, Naixin Liang",PRJNA534206,SAMN12258843,Human,2248328754,DEPARTMENT OF THORACIC SURGERY,public,"sra,fastq,run.zq","s3,ncbi,gs","ncbi.public,gs.us-east1,s3.us-east-1",SRX6723436,Illumina NovaSeq 6000,BMD00724,BMD00724,PAIRED,Hybrid Selection,GENOMIC,Homo sapiens,ILLUMINA,2019-12-31T00:00:00Z,2019-08-16T06:11:00Z,1,BMD00724,missing,SRP193431,Plasma
SRR9982169,missing,Bisulfite-Seq,301,7854899224,"Peking Union\, Naixin Liang",PRJNA534206,SAMN12258762,Human,2786130427,DEPARTMENT OF THORACIC SURGERY,public,"fastq,run.zq,sra","gs,ncbi,s3","ncbi.public,s3.us-east-1,gs.us-east1",SRX6723435,Illumina NovaSeq 6000,BMD00630,BMD00630,PAIRED,Hybrid Selection,GENOMIC,Homo sapiens,ILLUMINA,2019-12-31T00:00:00Z,2019-08-16T06:13:00Z,1,BMD00630,missing,SRP193431,Plasma
SRR9982170,missing,Bisulfite-Seq,292,4219694174,"Peking Union\, Naixin Liang",PRJNA534206,SAMN12258154,Human,1461304786,DEPARTMENT OF THORACIC SURGERY,public,"run.zq,fastq,sra","s3,ncbi,gs","gs.us-east1,ncbi.public,s3.us-east-1",SRX6723434,Illumina NovaSeq 6000,BMD00020,BMD00020,PAIRED,Hybrid Selection,GENOMIC,Homo sapiens,ILLUMINA,2019-12-31T00:00:00Z,2019-08-16T06:04:00Z,1,BMD00020,missing,SRP193431,Plasma
SRR9982171,missing,Bisulfite-Seq,295,3612312863,"Peking Union\, Naixin Liang",PRJNA534206,SAMN12258153,Human,1260026652,DEPARTMENT OF THORACIC SURGERY,public,"run.zq,fastq,sra","ncbi,s3,gs","gs.us-east1,s3.us-east-1,ncbi.public",SRX6723433,Illumina NovaSeq 6000,BMD00019,BMD00019,PAIRED,Hybrid Selection,GENOMIC,Homo sapiens,ILLUMINA,2019-12-31T00:00:00Z,2019-08-16T06:03:00Z,1,BMD00019,missing,SRP193431,Plasma
SRR9982172,missing,Bisulfite-Seq,296,4896435721,"Peking Union\, Naixin Liang",PRJNA534206,SAMN12258152,Human,1694657308,DEPARTMENT OF THORACIC SURGERY,public,"run.zq,sra,fastq","gs,ncbi,s3","ncbi.public,gs.us-east1,s3.us-east-1",SRX6723432,Illumina NovaSeq 6000,BMD00018,BMD00018,PAIRED,Hybrid Selection,GENOMIC,Homo sapiens,ILLUMINA,2019-12-31T00:00:00Z,2019-08-16T06:07:00Z,1,BMD00018,missing,SRP193431,Plasma
SRR9982173,missing,Bisulfite-Seq,296,4725352319,"Peking Union\, Naixin Liang",PRJNA534206,SAMN12258151,Human,1643769418,DEPARTMENT OF THORACIC SURGERY,public,"run.zq,fastq,sra","ncbi,s3,gs","gs.us-east1,ncbi.public,s3.us-east-1",SRX6723431,Illumina NovaSeq 6000,BMD00017,BMD00017,PAIRED,Hybrid Selection,GENOMIC,Homo sapiens,ILLUMINA,2019-12-31T00:00:00Z,2019-08-16T06:04:00Z,1,BMD00017,missing,SRP193431,Plasma
SRR9982174,missing,Bisulfite-Seq,293,5663905503,"Peking Union\, Naixin Liang",PRJNA534206,SAMN12258150,Human,1959390048,DEPARTMENT OF THORACIC SURGERY,public,"sra,run.zq,fastq","s3,ncbi,gs","gs.us-east1,ncbi.public,s3.us-east-1",SRX6723430,Illumina NovaSeq 6000,BMD00016,BMD00016,PAIRED,Hybrid Selection,GENOMIC,Homo sapiens,ILLUMINA,2019-12-31T00:00:00Z,2019-08-16T06:09:00Z,1,BMD00016,missing,SRP193431,Plasma
SRR9982175,missing,Bisulfite-Seq,296,5560698656,"Peking Union\, Naixin Liang",PRJNA534206,SAMN12258149,Human,1927427716,DEPARTMENT OF THORACIC SURGERY,public,"run.zq,fastq,sra","gs,ncbi,s3","gs.us-east1,ncbi.public,s3.us-east-1",SRX6723429,Illumina NovaSeq 6000,BMD00015,BMD00015,PAIRED,Hybrid Selection,GENOMIC,Homo sapiens,ILLUMINA,2019-12-31T00:00:00Z,2019-08-16T06:07:00Z,1,BMD00015,missing,SRP193431,Plasma
SRR9982176,missing,Bisulfite-Seq,294,4250745668,"Peking Union\, Naixin Liang",PRJNA534206,SAMN12258148,Human,1468305821,DEPARTMENT OF THORACIC SURGERY,public,"sra,fastq,run.zq","ncbi,s3,gs","gs.us-east1,s3.us-east-1,ncbi.public",SRX6723428,Illumina NovaSeq 6000,BMD00014,BMD00014,PAIRED,Hybrid Selection,GENOMIC,Homo sapiens,ILLUMINA,2019-12-31T00:00:00Z,2019-08-16T06:04:00Z,1,BMD00014,missing,SRP193431,Plasma
SRR9982177,missing,Bisulfite-Seq,293,5841310275,"Peking Union\, Naixin Liang",PRJNA534206,SAMN12258147,Human,1987694368,DEPARTMENT OF THORACIC SURGERY,public,"run.zq,fastq,sra","s3,ncbi,gs","ncbi.public,s3.us-east-1,gs.us-east1",SRX6723427,Illumina NovaSeq 6000,BMD00013,BMD00013,PAIRED,Hybrid Selection,GENOMIC,Homo sapiens,ILLUMINA,2019-12-31T00:00:00Z,2019-08-16T06:05:00Z,1,BMD00013,missing,SRP193431,Plasma
SRR9982178,missing,Bisulfite-Seq,292,4020110865,"Peking Union\, Naixin Liang",PRJNA534206,SAMN12258146,Human,1367563731,DEPARTMENT OF THORACIC SURGERY,public,"sra,fastq,run.zq","s3,ncbi,gs","gs.us-east1,s3.us-east-1,ncbi.public",SRX6723426,Illumina NovaSeq 6000,BMD00012,BMD00012,PAIRED,Hybrid Selection,GENOMIC,Homo sapiens,ILLUMINA,2019-12-31T00:00:00Z,2019-08-16T06:04:00Z,1,BMD00012,missing,SRP193431,Plasma
SRR9982179,missing,Bisulfite-Seq,292,4089391840,"Peking Union\, Naixin Liang",PRJNA534206,SAMN12258145,Human,1400323791,DEPARTMENT OF THORACIC SURGERY,public,"sra,run.zq,fastq","s3,gs,ncbi","gs.us-east1,s3.us-east-1,ncbi.public",SRX6723425,Illumina NovaSeq 6000,BMD00011,BMD00011,PAIRED,Hybrid Selection,GENOMIC,Homo sapiens,ILLUMINA,2019-12-31T00:00:00Z,2019-08-16T06:05:00Z,1,BMD00011,missing,SRP193431,Plasma
SRR9982180,missing,Bisulfite-Seq,293,7052032139,"Peking Union\, Naixin Liang",PRJNA534206,SAMN12258975,Human,2720061814,DEPARTMENT OF THORACIC SURGERY,public,"run.zq,fastq,sra","ncbi,s3,gs","s3.us-east-1,gs.us-east1,ncbi.public",SRX6723424,Illumina NovaSeq 6000,BMD00843,BMD00843,PAIRED,Hybrid Selection,GENOMIC,Homo sapiens,ILLUMINA,2019-12-31T00:00:00Z,2019-08-16T06:15:00Z,1,BMD00843,missing,SRP193431,Plasma
SRR9982181,missing,Bisulfite-Seq,297,6407280165,"Peking Union\, Naixin Liang",PRJNA534206,SAMN12258866,Human,2315502082,DEPARTMENT OF THORACIC SURGERY,public,"run.zq,sra,fastq","s3,ncbi,gs","s3.us-east-1,ncbi.public,gs.us-east1",SRX6723423,Illumina NovaSeq 6000,BMD00747,BMD00747,PAIRED,Hybrid Selection,GENOMIC,Homo sapiens,ILLUMINA,2019-12-31T00:00:00Z,2019-08-16T06:08:00Z,1,BMD00747,missing,SRP193431,Plasma
SRR9982182,missing,Bisulfite-Seq,301,5220752203,"Peking Union\, Naixin Liang",PRJNA534206,SAMN12258865,Human,2027514508,DEPARTMENT OF THORACIC SURGERY,public,"sra,run.zq,fastq","s3,ncbi,gs","gs.us-east1,ncbi.public,s3.us-east-1",SRX6723422,Illumina NovaSeq 6000,BMD00746,BMD00746,PAIRED,Hybrid Selection,GENOMIC,Homo sapiens,ILLUMINA,2019-12-31T00:00:00Z,2019-08-16T06:05:00Z,1,BMD00746,missing,SRP193431,Plasma
SRR9982183,missing,Bisulfite-Seq,295,7740766214,"Peking Union\, Naixin Liang",PRJNA534206,SAMN12258868,Human,2816979037,DEPARTMENT OF THORACIC SURGERY,public,"run.zq,fastq,sra","ncbi,s3,gs","gs.us-east1,s3.us-east-1,ncbi.public",SRX6723421,Illumina NovaSeq 6000,BMD00749,BMD00749,PAIRED,Hybrid Selection,GENOMIC,Homo sapiens,ILLUMINA,2019-12-31T00:00:00Z,2019-08-16T06:11:00Z,1,BMD00749,missing,SRP193431,Plasma
SRR9982184,missing,Bisulfite-Seq,294,4732012624,"Peking Union\, Naixin Liang",PRJNA534206,SAMN12258867,Human,1719100135,DEPARTMENT OF THORACIC SURGERY,public,"sra,fastq,run.zq","s3,gs,ncbi","gs.us-east1,s3.us-east-1,ncbi.public",SRX6723420,Illumina NovaSeq 6000,BMD00748,BMD00748,PAIRED,Hybrid Selection,GENOMIC,Homo sapiens,ILLUMINA,2019-12-31T00:00:00Z,2019-08-16T06:05:00Z,1,BMD00748,missing,SRP193431,Plasma
SRR9982185,missing,Bisulfite-Seq,294,5727523206,"Peking Union\, Naixin Liang",PRJNA534206,SAMN12258870,Human,2105844198,DEPARTMENT OF THORACIC SURGERY,public,"fastq,sra,run.zq","ncbi,s3,gs","ncbi.public,gs.us-east1,s3.us-east-1",SRX6723419,Illumina NovaSeq 6000,BMD00751,BMD00751,PAIRED,Hybrid Selection,GENOMIC,Homo sapiens,ILLUMINA,2019-12-31T00:00:00Z,2019-08-16T06:07:00Z,1,BMD00751,missing,SRP193431,Plasma
SRR9982186,missing,Bisulfite-Seq,295,3755453401,"Peking Union\, Naixin Liang",PRJNA534206,SAMN12258791,Human,1380078127,DEPARTMENT OF THORACIC SURGERY,public,"fastq,sra,run.zq","gs,s3,ncbi","ncbi.public,gs.us-east1,s3.us-east-1",SRX6723418,Illumina NovaSeq 6000,BMD00647,BMD00647,PAIRED,Hybrid Selection,GENOMIC,Homo sapiens,ILLUMINA,2019-12-31T00:00:00Z,2019-08-16T06:03:00Z,1,BMD00647,missing,SRP193431,Plasma
SRR9982187,missing,Bisulfite-Seq,297,4903303349,"Peking Union\, Naixin Liang",PRJNA534206,SAMN12258982,Human,1767576257,DEPARTMENT OF THORACIC SURGERY,public,"fastq,run.zq,sra","gs,s3,ncbi","gs.us-east1,s3.us-east-1,ncbi.public",SRX6723417,Illumina NovaSeq 6000,BMD00851,BMD00851,PAIRED,Hybrid Selection,GENOMIC,Homo sapiens,ILLUMINA,2019-12-31T00:00:00Z,2019-08-16T06:07:00Z,1,BMD00851,missing,SRP193431,Plasma
SRR9982188,missing,Bisulfite-Seq,294,5565396076,"Peking Union\, Naixin Liang",PRJNA534206,SAMN12258869,Human,2055772512,DEPARTMENT OF THORACIC SURGERY,public,"run.zq,sra,fastq","ncbi,gs,s3","ncbi.public,gs.us-east1,s3.us-east-1",SRX6723416,Illumina NovaSeq 6000,BMD00750,BMD00750,PAIRED,Hybrid Selection,GENOMIC,Homo sapiens,ILLUMINA,2019-12-31T00:00:00Z,2019-08-16T06:10:00Z,1,BMD00750,missing,SRP193431,Plasma
SRR9982189,missing,Bisulfite-Seq,295,9903431235,"Peking Union\, Naixin Liang",PRJNA534206,SAMN12259004,Human,3600344939,DEPARTMENT OF THORACIC SURGERY,public,"run.zq,fastq,sra","gs,ncbi,s3","s3.us-east-1,gs.us-east1,ncbi.public",SRX6723415,Illumina NovaSeq 6000,BMD00874,BMD00874,PAIRED,Hybrid Selection,GENOMIC,Homo sapiens,ILLUMINA,2019-12-31T00:00:00Z,2019-08-16T06:16:00Z,1,BMD00874,missing,SRP193431,Plasma
SRR9982190,missing,Bisulfite-Seq,296,5679521286,"Peking Union\, Naixin Liang",PRJNA534206,SAMN12259003,Human,2112642058,DEPARTMENT OF THORACIC SURGERY,public,"run.zq,fastq,sra","s3,ncbi,gs","gs.us-east1,ncbi.public,s3.us-east-1",SRX6723414,Illumina NovaSeq 6000,BMD00873,BMD00873,PAIRED,Hybrid Selection,GENOMIC,Homo sapiens,ILLUMINA,2019-12-31T00:00:00Z,2019-08-16T06:09:00Z,1,BMD00873,missing,SRP193431,Plasma
SRR9982191,missing,Bisulfite-Seq,294,4922061196,"Peking Union\, Naixin Liang",PRJNA534206,SAMN12258872,Human,1865530038,DEPARTMENT OF THORACIC SURGERY,public,"sra,run.zq,fastq","ncbi,gs,s3","gs.us-east1,ncbi.public,s3.us-east-1",SRX6723413,Illumina NovaSeq 6000,BMD00753,BMD00753,PAIRED,Hybrid Selection,GENOMIC,Homo sapiens,ILLUMINA,2019-12-31T00:00:00Z,2019-08-16T06:08:00Z,1,BMD00753,missing,SRP193431,Plasma
SRR9982192,missing,Bisulfite-Seq,295,5628052421,"Peking Union\, Naixin Liang",PRJNA534206,SAMN12258999,Human,2044493975,DEPARTMENT OF THORACIC SURGERY,public,"fastq,sra,run.zq","gs,s3,ncbi","gs.us-east1,ncbi.public,s3.us-east-1",SRX6723412,Illumina NovaSeq 6000,BMD00869,BMD00869,PAIRED,Hybrid Selection,GENOMIC,Homo sapiens,ILLUMINA,2019-12-31T00:00:00Z,2019-08-16T06:07:00Z,1,BMD00869,missing,SRP193431,Plasma
SRR9982193,missing,Bisulfite-Seq,296,4968665643,"Peking Union\, Naixin Liang",PRJNA534206,SAMN12259002,Human,1764134080,DEPARTMENT OF THORACIC SURGERY,public,"run.zq,sra,fastq","gs,ncbi,s3","ncbi.public,s3.us-east-1,gs.us-east1",SRX6723411,Illumina NovaSeq 6000,BMD00872,BMD00872,PAIRED,Hybrid Selection,GENOMIC,Homo sapiens,ILLUMINA,2019-12-31T00:00:00Z,2019-08-16T06:06:00Z,1,BMD00872,missing,SRP193431,Plasma
SRR9982194,missing,Bisulfite-Seq,296,5042932939,"Peking Union\, Naixin Liang",PRJNA534206,SAMN12259001,Human,1817360609,DEPARTMENT OF THORACIC SURGERY,public,"sra,fastq,run.zq","ncbi,s3,gs","ncbi.public,s3.us-east-1,gs.us-east1",SRX6723410,Illumina NovaSeq 6000,BMD00871,BMD00871,PAIRED,Hybrid Selection,GENOMIC,Homo sapiens,ILLUMINA,2019-12-31T00:00:00Z,2019-08-16T06:09:00Z,1,BMD00871,missing,SRP193431,Plasma
SRR9982195,missing,Bisulfite-Seq,294,5365670831,"Peking Union\, Naixin Liang",PRJNA534206,SAMN12258996,Human,1939353659,DEPARTMENT OF THORACIC SURGERY,public,"fastq,sra,run.zq","gs,ncbi,s3","s3.us-east-1,ncbi.public,gs.us-east1",SRX6723409,Illumina NovaSeq 6000,BMD00866,BMD00866,PAIRED,Hybrid Selection,GENOMIC,Homo sapiens,ILLUMINA,2019-12-31T00:00:00Z,2019-08-16T06:06:00Z,1,BMD00866,missing,SRP193431,Plasma
SRR9982196,missing,Bisulfite-Seq,295,5673890499,"Peking Union\, Naixin Liang",PRJNA534206,SAMN12258995,Human,2046136198,DEPARTMENT OF THORACIC SURGERY,public,"sra,fastq,run.zq","ncbi,gs,s3","gs.us-east1,s3.us-east-1,ncbi.public",SRX6723408,Illumina NovaSeq 6000,BMD00865,BMD00865,PAIRED,Hybrid Selection,GENOMIC,Homo sapiens,ILLUMINA,2019-12-31T00:00:00Z,2019-08-16T06:08:00Z,1,BMD00865,missing,SRP193431,Plasma
SRR9982197,missing,Bisulfite-Seq,295,5362598100,"Peking Union\, Naixin Liang",PRJNA534206,SAMN12258871,Human,1969791770,DEPARTMENT OF THORACIC SURGERY,public,"sra,run.zq,fastq","gs,ncbi,s3","gs.us-east1,ncbi.public,s3.us-east-1",SRX6723407,Illumina NovaSeq 6000,BMD00752,BMD00752,PAIRED,Hybrid Selection,GENOMIC,Homo sapiens,ILLUMINA,2019-12-31T00:00:00Z,2019-08-16T06:06:00Z,1,BMD00752,missing,SRP193431,Plasma
SRR9982198,missing,Bisulfite-Seq,296,5151982866,"Peking Union\, Naixin Liang",PRJNA534206,SAMN12258997,Human,1838376073,DEPARTMENT OF THORACIC SURGERY,public,"sra,fastq,run.zq","s3,gs,ncbi","s3.us-east-1,gs.us-east1,ncbi.public",SRX6723406,Illumina NovaSeq 6000,BMD00867,BMD00867,PAIRED,Hybrid Selection,GENOMIC,Homo sapiens,ILLUMINA,2019-12-31T00:00:00Z,2019-08-16T06:07:00Z,1,BMD00867,missing,SRP193431,Plasma
SRR9982199,missing,Bisulfite-Seq,295,4006803454,"Peking Union\, Naixin Liang",PRJNA534206,SAMN12258792,Human,1454122848,DEPARTMENT OF THORACIC SURGERY,public,"sra,run.zq,fastq","gs,s3,ncbi","gs.us-east1,s3.us-east-1,ncbi.public",SRX6723405,Illumina NovaSeq 6000,BMD00648,BMD00648,PAIRED,Hybrid Selection,GENOMIC,Homo sapiens,ILLUMINA,2019-12-31T00:00:00Z,2019-08-16T06:06:00Z,1,BMD00648,missing,SRP193431,Plasma
SRR9982200,missing,Bisulfite-Seq,301,5463136651,"Peking Union\, Naixin Liang",PRJNA534206,SAMN12258769,Human,1952301755,DEPARTMENT OF THORACIC SURGERY,public,"fastq,sra,run.zq","gs,ncbi,s3","s3.us-east-1,ncbi.public,gs.us-east1",SRX6723404,Illumina NovaSeq 6000,BMD00637,BMD00637,PAIRED,Hybrid Selection,GENOMIC,Homo sapiens,ILLUMINA,2019-12-31T00:00:00Z,2019-08-16T06:10:00Z,1,BMD00637,missing,SRP193431,Plasma
SRR9982201,missing,Bisulfite-Seq,301,6928277749,"Peking Union\, Naixin Liang",PRJNA534206,SAMN12258744,Human,2473606704,DEPARTMENT OF THORACIC SURGERY,public,"sra,fastq,run.zq","ncbi,gs,s3","gs.us-east1,ncbi.public,s3.us-east-1",SRX6723403,Illumina NovaSeq 6000,BMD00612,BMD00612,PAIRED,Hybrid Selection,GENOMIC,Homo sapiens,ILLUMINA,2019-12-31T00:00:00Z,2019-08-16T06:12:00Z,1,BMD00612,missing,SRP193431,Plasma
SRR9982202,missing,Bisulfite-Seq,301,5567120360,"Peking Union\, Naixin Liang",PRJNA534206,SAMN12258743,Human,1985326821,DEPARTMENT OF THORACIC SURGERY,public,"run.zq,fastq,sra","s3,gs,ncbi","gs.us-east1,s3.us-east-1,ncbi.public",SRX6723402,Illumina NovaSeq 6000,BMD00611,BMD00611,PAIRED,Hybrid Selection,GENOMIC,Homo sapiens,ILLUMINA,2019-12-31T00:00:00Z,2019-08-16T06:08:00Z,1,BMD00611,missing,SRP193431,Plasma
SRR9982203,missing,Bisulfite-Seq,294,4050530016,"Peking Union\, Naixin Liang",PRJNA534206,SAMN12258789,Human,1483906919,DEPARTMENT OF THORACIC SURGERY,public,"sra,run.zq,fastq","gs,s3,ncbi","s3.us-east-1,gs.us-east1,ncbi.public",SRX6723401,Illumina NovaSeq 6000,BMD00645,BMD00645,PAIRED,Hybrid Selection,GENOMIC,Homo sapiens,ILLUMINA,2019-12-31T00:00:00Z,2019-08-16T06:04:00Z,1,BMD00645,missing,SRP193431,Plasma
SRR9982204,missing,Bisulfite-Seq,294,4983609995,"Peking Union\, Naixin Liang",PRJNA534206,SAMN12258932,Human,1913836665,DEPARTMENT OF THORACIC SURGERY,public,"sra,run.zq,fastq","s3,ncbi,gs","gs.us-east1,ncbi.public,s3.us-east-1",SRX6723400,Illumina NovaSeq 6000,BMD00809,BMD00809,PAIRED,Hybrid Selection,GENOMIC,Homo sapiens,ILLUMINA,2019-12-31T00:00:00Z,2019-08-16T06:07:00Z,1,BMD00809,missing,SRP193431,Plasma
SRR9982205,missing,Bisulfite-Seq,295,5191411836,"Peking Union\, Naixin Liang",PRJNA534206,SAMN12258931,Human,1942424719,DEPARTMENT OF THORACIC SURGERY,public,"fastq,sra,run.zq","gs,ncbi,s3","s3.us-east-1,ncbi.public,gs.us-east1",SRX6723399,Illumina NovaSeq 6000,BMD00808,BMD00808,PAIRED,Hybrid Selection,GENOMIC,Homo sapiens,ILLUMINA,2019-12-31T00:00:00Z,2019-08-16T06:07:00Z,1,BMD00808,missing,SRP193431,Plasma
SRR9982206,missing,Bisulfite-Seq,295,5087344811,"Peking Union\, Naixin Liang",PRJNA534206,SAMN12258930,Human,1947121558,DEPARTMENT OF THORACIC SURGERY,public,"sra,fastq,run.zq","ncbi,s3,gs","gs.us-east1,ncbi.public,s3.us-east-1",SRX6723398,Illumina NovaSeq 6000,BMD00807,BMD00807,PAIRED,Hybrid Selection,GENOMIC,Homo sapiens,ILLUMINA,2019-12-31T00:00:00Z,2019-08-16T06:07:00Z,1,BMD00807,missing,SRP193431,Plasma
SRR9982207,missing,Bisulfite-Seq,294,5233038186,"Peking Union\, Naixin Liang",PRJNA534206,SAMN12258929,Human,1987828533,DEPARTMENT OF THORACIC SURGERY,public,"run.zq,sra,fastq","gs,ncbi,s3","s3.us-east-1,ncbi.public,gs.us-east1",SRX6723397,Illumina NovaSeq 6000,BMD00806,BMD00806,PAIRED,Hybrid Selection,GENOMIC,Homo sapiens,ILLUMINA,2019-12-31T00:00:00Z,2019-08-16T06:11:00Z,1,BMD00806,missing,SRP193431,Plasma
SRR9982208,missing,Bisulfite-Seq,294,4884471582,"Peking Union\, Naixin Liang",PRJNA534206,SAMN12258928,Human,1861556654,DEPARTMENT OF THORACIC SURGERY,public,"sra,run.zq,fastq","gs,ncbi,s3","ncbi.public,gs.us-east1,s3.us-east-1",SRX6723396,Illumina NovaSeq 6000,BMD00805,BMD00805,PAIRED,Hybrid Selection,GENOMIC,Homo sapiens,ILLUMINA,2019-12-31T00:00:00Z,2019-08-16T06:08:00Z,1,BMD00805,missing,SRP193431,Plasma
SRR9982209,missing,Bisulfite-Seq,295,4461393872,"Peking Union\, Naixin Liang",PRJNA534206,SAMN12258927,Human,1707854733,DEPARTMENT OF THORACIC SURGERY,public,"sra,run.zq,fastq","ncbi,gs,s3","s3.us-east-1,ncbi.public,gs.us-east1",SRX6723395,Illumina NovaSeq 6000,BMD00804,BMD00804,PAIRED,Hybrid Selection,GENOMIC,Homo sapiens,ILLUMINA,2019-12-31T00:00:00Z,2019-08-16T06:05:00Z,1,BMD00804,missing,SRP193431,Plasma
SRR9982210,missing,Bisulfite-Seq,294,5419360210,"Peking Union\, Naixin Liang",PRJNA534206,SAMN12258926,Human,2044852497,DEPARTMENT OF THORACIC SURGERY,public,"sra,run.zq,fastq","s3,ncbi,gs","gs.us-east1,ncbi.public,s3.us-east-1",SRX6723394,Illumina NovaSeq 6000,BMD00803,BMD00803,PAIRED,Hybrid Selection,GENOMIC,Homo sapiens,ILLUMINA,2019-12-31T00:00:00Z,2019-08-16T06:10:00Z,1,BMD00803,missing,SRP193431,Plasma
SRR9982211,missing,Bisulfite-Seq,294,5315879089,"Peking Union\, Naixin Liang",PRJNA534206,SAMN12258925,Human,2012779441,DEPARTMENT OF THORACIC SURGERY,public,"run.zq,sra,fastq","gs,ncbi,s3","gs.us-east1,s3.us-east-1,ncbi.public",SRX6723393,Illumina NovaSeq 6000,BMD00802,BMD00802,PAIRED,Hybrid Selection,GENOMIC,Homo sapiens,ILLUMINA,2019-12-31T00:00:00Z,2019-08-16T06:08:00Z,1,BMD00802,missing,SRP193431,Plasma
SRR9982212,missing,Bisulfite-Seq,294,6105383000,"Peking Union\, Naixin Liang",PRJNA534206,SAMN12258934,Human,2309465625,DEPARTMENT OF THORACIC SURGERY,public,"run.zq,fastq,sra","s3,gs,ncbi","ncbi.public,s3.us-east-1,gs.us-east1",SRX6723392,Illumina NovaSeq 6000,BMD00811,BMD00811,PAIRED,Hybrid Selection,GENOMIC,Homo sapiens,ILLUMINA,2019-12-31T00:00:00Z,2019-08-16T06:08:00Z,1,BMD00811,missing,SRP193431,Plasma
SRR9982213,missing,Bisulfite-Seq,293,5403381996,"Peking Union\, Naixin Liang",PRJNA534206,SAMN12258788,Human,2036008946,DEPARTMENT OF THORACIC SURGERY,public,"run.zq,sra,fastq","gs,s3,ncbi","ncbi.public,s3.us-east-1,gs.us-east1",SRX6723391,Illumina NovaSeq 6000,BMD00680,BMD00680,PAIRED,Hybrid Selection,GENOMIC,Homo sapiens,ILLUMINA,2019-12-31T00:00:00Z,2019-08-16T06:07:00Z,1,BMD00680,missing,SRP193431,Plasma
SRR9982214,missing,Bisulfite-Seq,297,4476324405,"Peking Union\, Naixin Liang",PRJNA534206,SAMN12258402,Human,1687199573,DEPARTMENT OF THORACIC SURGERY,public,"fastq,sra,run.zq","s3,gs,ncbi","s3.us-east-1,gs.us-east1,ncbi.public",SRX6723390,Illumina NovaSeq 6000,BMD00268,BMD00268,PAIRED,Hybrid Selection,GENOMIC,Homo sapiens,ILLUMINA,2019-12-31T00:00:00Z,2019-08-16T06:06:00Z,1,BMD00268,missing,SRP193431,Plasma
SRR9982215,missing,Bisulfite-Seq,296,4485709033,"Peking Union\, Naixin Liang",PRJNA534206,SAMN12258401,Human,1675989896,DEPARTMENT OF THORACIC SURGERY,public,"fastq,run.zq,sra","s3,gs,ncbi","ncbi.public,gs.us-east1,s3.us-east-1",SRX6723389,Illumina NovaSeq 6000,BMD00267,BMD00267,PAIRED,Hybrid Selection,GENOMIC,Homo sapiens,ILLUMINA,2019-12-31T00:00:00Z,2019-08-16T06:07:00Z,1,BMD00267,missing,SRP193431,Plasma
SRR9982216,missing,Bisulfite-Seq,297,4308785724,"Peking Union\, Naixin Liang",PRJNA534206,SAMN12258400,Human,1639205394,DEPARTMENT OF THORACIC SURGERY,public,"run.zq,sra,fastq","gs,ncbi,s3","gs.us-east1,s3.us-east-1,ncbi.public",SRX6723388,Illumina NovaSeq 6000,BMD00266,BMD00266,PAIRED,Hybrid Selection,GENOMIC,Homo sapiens,ILLUMINA,2019-12-31T00:00:00Z,2019-08-16T06:04:00Z,1,BMD00266,missing,SRP193431,Plasma
SRR9982217,missing,Bisulfite-Seq,301,6099263812,"Peking Union\, Naixin Liang",PRJNA534206,SAMN12258399,Human,2216333397,DEPARTMENT OF THORACIC SURGERY,public,"run.zq,sra,fastq","s3,ncbi,gs","gs.us-east1,s3.us-east-1,ncbi.public",SRX6723387,Illumina NovaSeq 6000,BMD00265,BMD00265,PAIRED,Hybrid Selection,GENOMIC,Homo sapiens,ILLUMINA,2019-12-31T00:00:00Z,2019-08-16T06:09:00Z,1,BMD00265,missing,SRP193431,Plasma
SRR9982218,missing,Bisulfite-Seq,301,6167435291,"Peking Union\, Naixin Liang",PRJNA534206,SAMN12258398,Human,2277542444,DEPARTMENT OF THORACIC SURGERY,public,"sra,run.zq,fastq","ncbi,gs,s3","s3.us-east-1,ncbi.public,gs.us-east1",SRX6723386,Illumina NovaSeq 6000,BMD00264,BMD00264,PAIRED,Hybrid Selection,GENOMIC,Homo sapiens,ILLUMINA,2019-12-31T00:00:00Z,2019-08-16T06:10:00Z,1,BMD00264,missing,SRP193431,Plasma
SRR9982219,missing,Bisulfite-Seq,301,4631125643,"Peking Union\, Naixin Liang",PRJNA534206,SAMN12258397,Human,1711626651,DEPARTMENT OF THORACIC SURGERY,public,"run.zq,fastq,sra","s3,ncbi,gs","s3.us-east-1,gs.us-east1,ncbi.public",SRX6723385,Illumina NovaSeq 6000,BMD00263,BMD00263,PAIRED,Hybrid Selection,GENOMIC,Homo sapiens,ILLUMINA,2019-12-31T00:00:00Z,2019-08-16T06:07:00Z,1,BMD00263,missing,SRP193431,Plasma
SRR9982220,missing,Bisulfite-Seq,301,5392112809,"Peking Union\, Naixin Liang",PRJNA534206,SAMN12258396,Human,1989150192,DEPARTMENT OF THORACIC SURGERY,public,"run.zq,sra,fastq","s3,gs,ncbi","ncbi.public,gs.us-east1,s3.us-east-1",SRX6723384,Illumina NovaSeq 6000,BMD00262,BMD00262,PAIRED,Hybrid Selection,GENOMIC,Homo sapiens,ILLUMINA,2019-12-31T00:00:00Z,2019-08-16T06:08:00Z,1,BMD00262,missing,SRP193431,Plasma
SRR9982221,missing,Bisulfite-Seq,301,5129756666,"Peking Union\, Naixin Liang",PRJNA534206,SAMN12258395,Human,1918684700,DEPARTMENT OF THORACIC SURGERY,public,"fastq,sra,run.zq","ncbi,gs,s3","ncbi.public,gs.us-east1,s3.us-east-1",SRX6723383,Illumina NovaSeq 6000,BMD00261,BMD00261,PAIRED,Hybrid Selection,GENOMIC,Homo sapiens,ILLUMINA,2019-12-31T00:00:00Z,2019-08-16T06:09:00Z,1,BMD00261,missing,SRP193431,Plasma
SRR9982222,missing,Bisulfite-Seq,293,4352843742,"Peking Union\, Naixin Liang",PRJNA534206,SAMN12258353,Human,1675032280,DEPARTMENT OF THORACIC SURGERY,public,"run.zq,fastq,sra","gs,s3,ncbi","s3.us-east-1,ncbi.public,gs.us-east1",SRX6723382,Illumina NovaSeq 6000,BMD00219,BMD00219,PAIRED,Hybrid Selection,GENOMIC,Homo sapiens,ILLUMINA,2019-12-31T00:00:00Z,2019-08-16T06:05:00Z,1,BMD00219,missing,SRP193431,Plasma
SRR9982223,missing,Bisulfite-Seq,296,5676464762,"Peking Union\, Naixin Liang",PRJNA534206,SAMN12258682,Human,2136382999,DEPARTMENT OF THORACIC SURGERY,public,"fastq,sra,run.zq","s3,ncbi,gs","s3.us-east-1,ncbi.public,gs.us-east1",SRX6723381,Illumina NovaSeq 6000,BMD00549,BMD00549,PAIRED,Hybrid Selection,GENOMIC,Homo sapiens,ILLUMINA,2019-12-31T00:00:00Z,2019-08-16T06:11:00Z,1,BMD00549,missing,SRP193431,Plasma
SRR9982224,missing,Bisulfite-Seq,295,5168939672,"Peking Union\, Naixin Liang",PRJNA534206,SAMN12258184,Human,1837012381,DEPARTMENT OF THORACIC SURGERY,public,"sra,fastq,run.zq","gs,ncbi,s3","s3.us-east-1,ncbi.public,gs.us-east1",SRX6723380,Illumina NovaSeq 6000,BMD00050,BMD00050,PAIRED,Hybrid Selection,GENOMIC,Homo sapiens,ILLUMINA,2019-12-31T00:00:00Z,2019-08-16T06:06:00Z,1,BMD00050,missing,SRP193431,Plasma
SRR9982225,missing,Bisulfite-Seq,296,3671620590,"Peking Union\, Naixin Liang",PRJNA534206,SAMN12258680,Human,1403240296,DEPARTMENT OF THORACIC SURGERY,public,"sra,fastq,run.zq","ncbi,s3,gs","ncbi.public,s3.us-east-1,gs.us-east1",SRX6723379,Illumina NovaSeq 6000,BMD00547,BMD00547,PAIRED,Hybrid Selection,GENOMIC,Homo sapiens,ILLUMINA,2019-12-31T00:00:00Z,2019-08-16T06:03:00Z,1,BMD00547,missing,SRP193431,Plasma
SRR9982226,missing,Bisulfite-Seq,297,4374572790,"Peking Union\, Naixin Liang",PRJNA534206,SAMN12258677,Human,1641131172,DEPARTMENT OF THORACIC SURGERY,public,"sra,fastq,run.zq","gs,ncbi,s3","ncbi.public,gs.us-east1,s3.us-east-1",SRX6723378,Illumina NovaSeq 6000,BMD00544,BMD00544,PAIRED,Hybrid Selection,GENOMIC,Homo sapiens,ILLUMINA,2019-12-31T00:00:00Z,2019-08-16T06:10:00Z,1,BMD00544,missing,SRP193431,Plasma
SRR9982227,missing,Bisulfite-Seq,297,5737812660,"Peking Union\, Naixin Liang",PRJNA534206,SAMN12258678,Human,2180537330,DEPARTMENT OF THORACIC SURGERY,public,"fastq,sra,run.zq","gs,s3,ncbi","s3.us-east-1,gs.us-east1,ncbi.public",SRX6723377,Illumina NovaSeq 6000,BMD00545,BMD00545,PAIRED,Hybrid Selection,GENOMIC,Homo sapiens,ILLUMINA,2019-12-31T00:00:00Z,2019-08-16T06:08:00Z,1,BMD00545,missing,SRP193431,Plasma
SRR9982228,missing,Bisulfite-Seq,297,3848601923,"Peking Union\, Naixin Liang",PRJNA534206,SAMN12258404,Human,1441284881,DEPARTMENT OF THORACIC SURGERY,public,"sra,fastq,run.zq","s3,ncbi,gs","ncbi.public,s3.us-east-1,gs.us-east1",SRX6723376,Illumina NovaSeq 6000,BMD00270,BMD00270,PAIRED,Hybrid Selection,GENOMIC,Homo sapiens,ILLUMINA,2019-12-31T00:00:00Z,2019-08-16T06:04:00Z,1,BMD00270,missing,SRP193431,Plasma
SRR9982229,missing,Bisulfite-Seq,297,4773522145,"Peking Union\, Naixin Liang",PRJNA534206,SAMN12258403,Human,1805925803,DEPARTMENT OF THORACIC SURGERY,public,"sra,run.zq,fastq","s3,ncbi,gs","ncbi.public,gs.us-east1,s3.us-east-1",SRX6723375,Illumina NovaSeq 6000,BMD00269,BMD00269,PAIRED,Hybrid Selection,GENOMIC,Homo sapiens,ILLUMINA,2019-12-31T00:00:00Z,2019-08-16T06:06:00Z,1,BMD00269,missing,SRP193431,Plasma
SRR9982230,missing,Bisulfite-Seq,294,5843057962,"Peking Union\, Naixin Liang",PRJNA534206,SAMN12258736,Human,2200423433,DEPARTMENT OF THORACIC SURGERY,public,"run.zq,fastq,sra","gs,ncbi,s3","gs.us-east1,s3.us-east-1,ncbi.public",SRX6723374,Illumina NovaSeq 6000,BMD00604,BMD00604,PAIRED,Hybrid Selection,GENOMIC,Homo sapiens,ILLUMINA,2019-12-31T00:00:00Z,2019-08-16T06:10:00Z,1,BMD00604,missing,SRP193431,Plasma
SRR9982231,missing,Bisulfite-Seq,293,6711028190,"Peking Union\, Naixin Liang",PRJNA534206,SAMN12258735,Human,2494762053,DEPARTMENT OF THORACIC SURGERY,public,"fastq,sra,run.zq","s3,gs,ncbi","s3.us-east-1,gs.us-east1,ncbi.public",SRX6723373,Illumina NovaSeq 6000,BMD00603,BMD00603,PAIRED,Hybrid Selection,GENOMIC,Homo sapiens,ILLUMINA,2019-12-31T00:00:00Z,2019-08-16T06:11:00Z,1,BMD00603,missing,SRP193431,Plasma
SRR9982232,missing,Bisulfite-Seq,293,13999780461,"Peking Union\, Naixin Liang",PRJNA534206,SAMN12258738,Human,5253232848,DEPARTMENT OF THORACIC SURGERY,public,"sra,fastq,run.zq","s3,gs,ncbi","gs.us-east1,s3.us-east-1,ncbi.public",SRX6723372,Illumina NovaSeq 6000,BMD00606,BMD00606,PAIRED,Hybrid Selection,GENOMIC,Homo sapiens,ILLUMINA,2019-12-31T00:00:00Z,2019-08-16T06:27:00Z,1,BMD00606,missing,SRP193431,Plasma
SRR9982233,missing,Bisulfite-Seq,293,6380373852,"Peking Union\, Naixin Liang",PRJNA534206,SAMN12258737,Human,2413449236,DEPARTMENT OF THORACIC SURGERY,public,"sra,fastq,run.zq","gs,ncbi,s3","ncbi.public,gs.us-east1,s3.us-east-1",SRX6723371,Illumina NovaSeq 6000,BMD00605,BMD00605,PAIRED,Hybrid Selection,GENOMIC,Homo sapiens,ILLUMINA,2019-12-31T00:00:00Z,2019-08-16T06:10:00Z,1,BMD00605,missing,SRP193431,Plasma
SRR9982234,missing,Bisulfite-Seq,294,5457541485,"Peking Union\, Naixin Liang",PRJNA534206,SAMN12258787,Human,2052203943,DEPARTMENT OF THORACIC SURGERY,public,"sra,run.zq,fastq","gs,ncbi,s3","ncbi.public,s3.us-east-1,gs.us-east1",SRX6723370,Illumina NovaSeq 6000,BMD00679,BMD00679,PAIRED,Hybrid Selection,GENOMIC,Homo sapiens,ILLUMINA,2019-12-31T00:00:00Z,2019-08-16T06:11:00Z,1,BMD00679,missing,SRP193431,Plasma
SRR9982235,missing,Bisulfite-Seq,294,5242064877,"Peking Union\, Naixin Liang",PRJNA534206,SAMN12258740,Human,1974749032,DEPARTMENT OF THORACIC SURGERY,public,"sra,fastq,run.zq","ncbi,s3,gs","gs.us-east1,ncbi.public,s3.us-east-1",SRX6723369,Illumina NovaSeq 6000,BMD00608,BMD00608,PAIRED,Hybrid Selection,GENOMIC,Homo sapiens,ILLUMINA,2019-12-31T00:00:00Z,2019-08-16T06:09:00Z,1,BMD00608,missing,SRP193431,Plasma
SRR9982236,missing,Bisulfite-Seq,295,5585806301,"Peking Union\, Naixin Liang",PRJNA534206,SAMN12258739,Human,2100904969,DEPARTMENT OF THORACIC SURGERY,public,"fastq,run.zq,sra","ncbi,s3,gs","ncbi.public,gs.us-east1,s3.us-east-1",SRX6723368,Illumina NovaSeq 6000,BMD00607,BMD00607,PAIRED,Hybrid Selection,GENOMIC,Homo sapiens,ILLUMINA,2019-12-31T00:00:00Z,2019-08-16T06:09:00Z,1,BMD00607,missing,SRP193431,Plasma
SRR9982237,missing,Bisulfite-Seq,297,3824854105,"Peking Union\, Naixin Liang",PRJNA534206,SAMN12258494,Human,1360996025,DEPARTMENT OF THORACIC SURGERY,public,"sra,run.zq,fastq","gs,ncbi,s3","s3.us-east-1,gs.us-east1,ncbi.public",SRX6723367,Illumina NovaSeq 6000,BMD00360,BMD00360,PAIRED,Hybrid Selection,GENOMIC,Homo sapiens,ILLUMINA,2019-12-31T00:00:00Z,2019-08-16T06:03:00Z,1,BMD00360,missing,SRP193431,Plasma
SRR9982238,missing,Bisulfite-Seq,296,5020094407,"Peking Union\, Naixin Liang",PRJNA534206,SAMN12258183,Human,1778713216,DEPARTMENT OF THORACIC SURGERY,public,"sra,run.zq,fastq","gs,s3,ncbi","ncbi.public,gs.us-east1,s3.us-east-1",SRX6723366,Illumina NovaSeq 6000,BMD00049,BMD00049,PAIRED,Hybrid Selection,GENOMIC,Homo sapiens,ILLUMINA,2019-12-31T00:00:00Z,2019-08-16T06:07:00Z,1,BMD00049,missing,SRP193431,Plasma
SRR9982239,missing,Bisulfite-Seq,298,3575752275,"Peking Union\, Naixin Liang",PRJNA534206,SAMN12258493,Human,1284977932,DEPARTMENT OF THORACIC SURGERY,public,"fastq,sra,run.zq","gs,s3,ncbi","ncbi.public,gs.us-east1,s3.us-east-1",SRX6723365,Illumina NovaSeq 6000,BMD00359,BMD00359,PAIRED,Hybrid Selection,GENOMIC,Homo sapiens,ILLUMINA,2019-12-31T00:00:00Z,2019-08-16T06:03:00Z,1,BMD00359,missing,SRP193431,Plasma
SRR9982240,missing,Bisulfite-Seq,298,5318543996,"Peking Union\, Naixin Liang",PRJNA534206,SAMN12258618,Human,1983393071,DEPARTMENT OF THORACIC SURGERY,public,"fastq,sra,run.zq","gs,s3,ncbi","s3.us-east-1,gs.us-east1,ncbi.public",SRX6723364,Illumina NovaSeq 6000,BMD00485,BMD00485,PAIRED,Hybrid Selection,GENOMIC,Homo sapiens,ILLUMINA,2019-12-31T00:00:00Z,2019-08-16T06:05:00Z,1,BMD00485,missing,SRP193431,Plasma
SRR9982241,missing,Bisulfite-Seq,298,4689434417,"Peking Union\, Naixin Liang",PRJNA534206,SAMN12258617,Human,1770568356,DEPARTMENT OF THORACIC SURGERY,public,"fastq,run.zq,sra","ncbi,s3,gs","s3.us-east-1,ncbi.public,gs.us-east1",SRX6723363,Illumina NovaSeq 6000,BMD00484,BMD00484,PAIRED,Hybrid Selection,GENOMIC,Homo sapiens,ILLUMINA,2019-12-31T00:00:00Z,2019-08-16T06:06:00Z,1,BMD00484,missing,SRP193431,Plasma
SRR9982242,missing,Bisulfite-Seq,288,4156618892,"Peking Union\, Naixin Liang",PRJNA534206,SAMN12258616,Human,1524263095,DEPARTMENT OF THORACIC SURGERY,public,"sra,fastq,run.zq","s3,ncbi,gs","ncbi.public,gs.us-east1,s3.us-east-1",SRX6723362,Illumina NovaSeq 6000,BMD00483,BMD00483,PAIRED,Hybrid Selection,GENOMIC,Homo sapiens,ILLUMINA,2019-12-31T00:00:00Z,2019-08-16T06:05:00Z,1,BMD00483,missing,SRP193431,Plasma
SRR9982243,missing,Bisulfite-Seq,281,4862006304,"Peking Union\, Naixin Liang",PRJNA534206,SAMN12258615,Human,1694492512,DEPARTMENT OF THORACIC SURGERY,public,"sra,run.zq,fastq","s3,gs,ncbi","s3.us-east-1,gs.us-east1,ncbi.public",SRX6723361,Illumina NovaSeq 6000,BMD00482,BMD00482,PAIRED,Hybrid Selection,GENOMIC,Homo sapiens,ILLUMINA,2019-12-31T00:00:00Z,2019-08-16T06:08:00Z,1,BMD00482,missing,SRP193431,Plasma
SRR9982244,missing,Bisulfite-Seq,298,4809633177,"Peking Union\, Naixin Liang",PRJNA534206,SAMN12258622,Human,1791922962,DEPARTMENT OF THORACIC SURGERY,public,"sra,run.zq,fastq","gs,ncbi,s3","ncbi.public,s3.us-east-1,gs.us-east1",SRX6723360,Illumina NovaSeq 6000,BMD00489,BMD00489,PAIRED,Hybrid Selection,GENOMIC,Homo sapiens,ILLUMINA,2019-12-31T00:00:00Z,2019-08-16T06:07:00Z,1,BMD00489,missing,SRP193431,Plasma
SRR9982245,missing,Bisulfite-Seq,298,4689868709,"Peking Union\, Naixin Liang",PRJNA534206,SAMN12258621,Human,1742415465,DEPARTMENT OF THORACIC SURGERY,public,"fastq,run.zq,sra","gs,ncbi,s3","gs.us-east1,ncbi.public,s3.us-east-1",SRX6723359,Illumina NovaSeq 6000,BMD00488,BMD00488,PAIRED,Hybrid Selection,GENOMIC,Homo sapiens,ILLUMINA,2019-12-31T00:00:00Z,2019-08-16T06:06:00Z,1,BMD00488,missing,SRP193431,Plasma
SRR9982246,missing,Bisulfite-Seq,298,5099605896,"Peking Union\, Naixin Liang",PRJNA534206,SAMN12258620,Human,1897523720,DEPARTMENT OF THORACIC SURGERY,public,"sra,fastq,run.zq","gs,ncbi,s3","s3.us-east-1,gs.us-east1,ncbi.public",SRX6723358,Illumina NovaSeq 6000,BMD00487,BMD00487,PAIRED,Hybrid Selection,GENOMIC,Homo sapiens,ILLUMINA,2019-12-31T00:00:00Z,2019-08-16T06:06:00Z,1,BMD00487,missing,SRP193431,Plasma
SRR9982247,missing,Bisulfite-Seq,298,5104272807,"Peking Union\, Naixin Liang",PRJNA534206,SAMN12258619,Human,1902765934,DEPARTMENT OF THORACIC SURGERY,public,"run.zq,sra,fastq","ncbi,s3,gs","ncbi.public,s3.us-east-1,gs.us-east1",SRX6723357,Illumina NovaSeq 6000,BMD00486,BMD00486,PAIRED,Hybrid Selection,GENOMIC,Homo sapiens,ILLUMINA,2019-12-31T00:00:00Z,2019-08-16T06:08:00Z,1,BMD00486,missing,SRP193431,Plasma
SRR9982248,missing,Bisulfite-Seq,294,5792263723,"Peking Union\, Naixin Liang",PRJNA534206,SAMN12258857,Human,2150356382,DEPARTMENT OF THORACIC SURGERY,public,"fastq,run.zq,sra","ncbi,s3,gs","s3.us-east-1,gs.us-east1,ncbi.public",SRX6723356,Illumina NovaSeq 6000,BMD00738,BMD00738,PAIRED,Hybrid Selection,GENOMIC,Homo sapiens,ILLUMINA,2019-12-31T00:00:00Z,2019-08-16T06:11:00Z,1,BMD00738,missing,SRP193431,Plasma
SRR9982249,missing,Bisulfite-Seq,295,4965032192,"Peking Union\, Naixin Liang",PRJNA534206,SAMN12258858,Human,1795123187,DEPARTMENT OF THORACIC SURGERY,public,"fastq,run.zq,sra","gs,s3,ncbi","gs.us-east1,s3.us-east-1,ncbi.public",SRX6723355,Illumina NovaSeq 6000,BMD00739,BMD00739,PAIRED,Hybrid Selection,GENOMIC,Homo sapiens,ILLUMINA,2019-12-31T00:00:00Z,2019-08-16T06:06:00Z,1,BMD00739,missing,SRP193431,Plasma
SRR9982250,missing,Bisulfite-Seq,293,4038241557,"Peking Union\, Naixin Liang",PRJNA534206,SAMN12258624,Human,1550630100,DEPARTMENT OF THORACIC SURGERY,public,"sra,fastq,run.zq","s3,gs,ncbi","ncbi.public,s3.us-east-1,gs.us-east1",SRX6723354,Illumina NovaSeq 6000,BMD00491,BMD00491,PAIRED,Hybrid Selection,GENOMIC,Homo sapiens,ILLUMINA,2019-12-31T00:00:00Z,2019-08-16T06:04:00Z,1,BMD00491,missing,SRP193431,Plasma
SRR9982251,missing,Bisulfite-Seq,297,4298490305,"Peking Union\, Naixin Liang",PRJNA534206,SAMN12258623,Human,1583205075,DEPARTMENT OF THORACIC SURGERY,public,"run.zq,sra,fastq","ncbi,s3,gs","s3.us-east-1,ncbi.public,gs.us-east1",SRX6723353,Illumina NovaSeq 6000,BMD00490,BMD00490,PAIRED,Hybrid Selection,GENOMIC,Homo sapiens,ILLUMINA,2019-12-31T00:00:00Z,2019-08-16T06:04:00Z,1,BMD00490,missing,SRP193431,Plasma
SRR9982252,missing,Bisulfite-Seq,293,5316089400,"Peking Union\, Naixin Liang",PRJNA534206,SAMN12258861,Human,1953907336,DEPARTMENT OF THORACIC SURGERY,public,"fastq,sra,run.zq","ncbi,s3,gs","gs.us-east1,s3.us-east-1,ncbi.public",SRX6723352,Illumina NovaSeq 6000,BMD00742,BMD00742,PAIRED,Hybrid Selection,GENOMIC,Homo sapiens,ILLUMINA,2019-12-31T00:00:00Z,2019-08-16T06:06:00Z,1,BMD00742,missing,SRP193431,Plasma
SRR9982253,missing,Bisulfite-Seq,296,5865369091,"Peking Union\, Naixin Liang",PRJNA534206,SAMN12258862,Human,2136979168,DEPARTMENT OF THORACIC SURGERY,public,"run.zq,sra,fastq","ncbi,s3,gs","ncbi.public,s3.us-east-1,gs.us-east1",SRX6723351,Illumina NovaSeq 6000,BMD00743,BMD00743,PAIRED,Hybrid Selection,GENOMIC,Homo sapiens,ILLUMINA,2019-12-31T00:00:00Z,2019-08-16T06:06:00Z,1,BMD00743,missing,SRP193431,Plasma
SRR9982254,missing,Bisulfite-Seq,293,5269844821,"Peking Union\, Naixin Liang",PRJNA534206,SAMN12258859,Human,1987588090,DEPARTMENT OF THORACIC SURGERY,public,"run.zq,sra,fastq","ncbi,s3,gs","ncbi.public,s3.us-east-1,gs.us-east1",SRX6723350,Illumina NovaSeq 6000,BMD00740,BMD00740,PAIRED,Hybrid Selection,GENOMIC,Homo sapiens,ILLUMINA,2019-12-31T00:00:00Z,2019-08-16T06:06:00Z,1,BMD00740,missing,SRP193431,Plasma
SRR9982255,missing,Bisulfite-Seq,295,4201449435,"Peking Union\, Naixin Liang",PRJNA534206,SAMN12258681,Human,1643907931,DEPARTMENT OF THORACIC SURGERY,public,"run.zq,sra,fastq","ncbi,gs,s3","ncbi.public,gs.us-east1,s3.us-east-1",SRX6723349,Illumina NovaSeq 6000,BMD00548,BMD00548,PAIRED,Hybrid Selection,GENOMIC,Homo sapiens,ILLUMINA,2019-12-31T00:00:00Z,2019-08-16T06:05:00Z,1,BMD00548,missing,SRP193431,Plasma
SRR9982256,missing,Bisulfite-Seq,293,3570100024,"Peking Union\, Naixin Liang",PRJNA534206,SAMN12258448,Human,2180180191,DEPARTMENT OF THORACIC SURGERY,public,"run.zq,fastq,sra","gs,s3,ncbi","gs.us-east1,s3.us-east-1,ncbi.public",SRX6723348,Illumina NovaSeq 6000,BMD00314,BMD00314,PAIRED,Hybrid Selection,GENOMIC,Homo sapiens,ILLUMINA,2019-12-31T00:00:00Z,2019-08-16T06:05:00Z,1,BMD00314,missing,SRP193431,Plasma
SRR9982257,missing,Bisulfite-Seq,296,5294975598,"Peking Union\, Naixin Liang",PRJNA534206,SAMN12258447,Human,1876243981,DEPARTMENT OF THORACIC SURGERY,public,"run.zq,fastq,sra","gs,s3,ncbi","gs.us-east1,s3.us-east-1,ncbi.public",SRX6723347,Illumina NovaSeq 6000,BMD00313,BMD00313,PAIRED,Hybrid Selection,GENOMIC,Homo sapiens,ILLUMINA,2019-12-31T00:00:00Z,2019-08-16T06:07:00Z,1,BMD00313,missing,SRP193431,Plasma
SRR9982258,missing,Bisulfite-Seq,291,3543259472,"Peking Union\, Naixin Liang",PRJNA534206,SAMN12258446,Human,2196810659,DEPARTMENT OF THORACIC SURGERY,public,"sra,fastq,run.zq","s3,ncbi,gs","gs.us-east1,s3.us-east-1,ncbi.public",SRX6723346,Illumina NovaSeq 6000,BMD00312,BMD00312,PAIRED,Hybrid Selection,GENOMIC,Homo sapiens,ILLUMINA,2019-12-31T00:00:00Z,2019-08-16T06:03:00Z,1,BMD00312,missing,SRP193431,Plasma
SRR9982259,missing,Bisulfite-Seq,291,3707538551,"Peking Union\, Naixin Liang",PRJNA534206,SAMN12258445,Human,2291147564,DEPARTMENT OF THORACIC SURGERY,public,"run.zq,fastq,sra","ncbi,s3,gs","ncbi.public,s3.us-east-1,gs.us-east1",SRX6723345,Illumina NovaSeq 6000,BMD00311,BMD00311,PAIRED,Hybrid Selection,GENOMIC,Homo sapiens,ILLUMINA,2019-12-31T00:00:00Z,2019-08-16T06:03:00Z,1,BMD00311,missing,SRP193431,Plasma
SRR9982260,missing,Bisulfite-Seq,291,3462464637,"Peking Union\, Naixin Liang",PRJNA534206,SAMN12258452,Human,2090493794,DEPARTMENT OF THORACIC SURGERY,public,"fastq,run.zq,sra","s3,gs,ncbi","ncbi.public,gs.us-east1,s3.us-east-1",SRX6723344,Illumina NovaSeq 6000,BMD00318,BMD00318,PAIRED,Hybrid Selection,GENOMIC,Homo sapiens,ILLUMINA,2019-12-31T00:00:00Z,2019-08-16T06:08:00Z,1,BMD00318,missing,SRP193431,Plasma
SRR9982261,missing,Bisulfite-Seq,290,3758934180,"Peking Union\, Naixin Liang",PRJNA534206,SAMN12258451,Human,2265387536,DEPARTMENT OF THORACIC SURGERY,public,"run.zq,sra,fastq","ncbi,s3,gs","s3.us-east-1,ncbi.public,gs.us-east1",SRX6723343,Illumina NovaSeq 6000,BMD00317,BMD00317,PAIRED,Hybrid Selection,GENOMIC,Homo sapiens,ILLUMINA,2019-12-31T00:00:00Z,2019-08-16T06:06:00Z,1,BMD00317,missing,SRP193431,Plasma
SRR9982262,missing,Bisulfite-Seq,293,3792891530,"Peking Union\, Naixin Liang",PRJNA534206,SAMN12258450,Human,2305122976,DEPARTMENT OF THORACIC SURGERY,public,"run.zq,sra,fastq","s3,ncbi,gs","gs.us-east1,s3.us-east-1,ncbi.public",SRX6723342,Illumina NovaSeq 6000,BMD00316,BMD00316,PAIRED,Hybrid Selection,GENOMIC,Homo sapiens,ILLUMINA,2019-12-31T00:00:00Z,2019-08-16T06:07:00Z,1,BMD00316,missing,SRP193431,Plasma
SRR9982263,missing,Bisulfite-Seq,291,3808972700,"Peking Union\, Naixin Liang",PRJNA534206,SAMN12258449,Human,2324259029,DEPARTMENT OF THORACIC SURGERY,public,"sra,run.zq,fastq","ncbi,s3,gs","gs.us-east1,ncbi.public,s3.us-east-1",SRX6723341,Illumina NovaSeq 6000,BMD00315,BMD00315,PAIRED,Hybrid Selection,GENOMIC,Homo sapiens,ILLUMINA,2019-12-31T00:00:00Z,2019-08-16T06:06:00Z,1,BMD00315,missing,SRP193431,Plasma
SRR9982264,missing,Bisulfite-Seq,284,4322672847,"Peking Union\, Naixin Liang",PRJNA534206,SAMN12258454,Human,1498387699,DEPARTMENT OF THORACIC SURGERY,public,"run.zq,fastq,sra","s3,gs,ncbi","gs.us-east1,s3.us-east-1,ncbi.public",SRX6723340,Illumina NovaSeq 6000,BMD00320,BMD00320,PAIRED,Hybrid Selection,GENOMIC,Homo sapiens,ILLUMINA,2019-12-31T00:00:00Z,2019-08-16T06:11:00Z,1,BMD00320,missing,SRP193431,Plasma
SRR9982265,missing,Bisulfite-Seq,289,3421223846,"Peking Union\, Naixin Liang",PRJNA534206,SAMN12258453,Human,2042748246,DEPARTMENT OF THORACIC SURGERY,public,"sra,run.zq,fastq","s3,gs,ncbi","s3.us-east-1,ncbi.public,gs.us-east1",SRX6723339,Illumina NovaSeq 6000,BMD00319,BMD00319,PAIRED,Hybrid Selection,GENOMIC,Homo sapiens,ILLUMINA,2019-12-31T00:00:00Z,2019-08-16T06:07:00Z,1,BMD00319,missing,SRP193431,Plasma
SRR9982266,missing,Bisulfite-Seq,294,5879335259,"Peking Union\, Naixin Liang",PRJNA534206,SAMN12258784,Human,2234593529,DEPARTMENT OF THORACIC SURGERY,public,"run.zq,sra,fastq","ncbi,s3,gs","s3.us-east-1,gs.us-east1,ncbi.public",SRX6723338,Illumina NovaSeq 6000,BMD00676,BMD00676,PAIRED,Hybrid Selection,GENOMIC,Homo sapiens,ILLUMINA,2019-12-31T00:00:00Z,2019-08-16T06:08:00Z,1,BMD00676,missing,SRP193431,Plasma
SRR9982267,missing,Bisulfite-Seq,293,5741199559,"Peking Union\, Naixin Liang",PRJNA534206,SAMN12258783,Human,2159195808,DEPARTMENT OF THORACIC SURGERY,public,"sra,fastq,run.zq","s3,ncbi,gs","gs.us-east1,s3.us-east-1,ncbi.public",SRX6723337,Illumina NovaSeq 6000,BMD00675,BMD00675,PAIRED,Hybrid Selection,GENOMIC,Homo sapiens,ILLUMINA,2019-12-31T00:00:00Z,2019-08-16T06:08:00Z,1,BMD00675,missing,SRP193431,Plasma
SRR9982268,missing,Bisulfite-Seq,294,8025894108,"Peking Union\, Naixin Liang",PRJNA534206,SAMN12258933,Human,2925759935,DEPARTMENT OF THORACIC SURGERY,public,"fastq,sra,run.zq","gs,ncbi,s3","s3.us-east-1,gs.us-east1,ncbi.public",SRX6723336,Illumina NovaSeq 6000,BMD00810,BMD00810,PAIRED,Hybrid Selection,GENOMIC,Homo sapiens,ILLUMINA,2019-12-31T00:00:00Z,2019-08-16T06:13:00Z,1,BMD00810,missing,SRP193431,Plasma
SRR9982269,missing,Bisulfite-Seq,282,4562318077,"Peking Union\, Naixin Liang",PRJNA534206,SAMN12258274,Human,1593168606,DEPARTMENT OF THORACIC SURGERY,public,"fastq,run.zq,sra","ncbi,s3,gs","ncbi.public,gs.us-east1,s3.us-east-1",SRX6723335,Illumina NovaSeq 6000,BMD00140,BMD00140,PAIRED,Hybrid Selection,GENOMIC,Homo sapiens,ILLUMINA,2019-12-31T00:00:00Z,2019-08-16T06:05:00Z,1,BMD00140,missing,SRP193431,Plasma
SRR9982270,missing,Bisulfite-Seq,297,4964243225,"Peking Union\, Naixin Liang",PRJNA534206,SAMN12258273,Human,1847561021,DEPARTMENT OF THORACIC SURGERY,public,"fastq,run.zq,sra","ncbi,gs,s3","s3.us-east-1,gs.us-east1,ncbi.public",SRX6723334,Illumina NovaSeq 6000,BMD00139,BMD00139,PAIRED,Hybrid Selection,GENOMIC,Homo sapiens,ILLUMINA,2019-12-31T00:00:00Z,2019-08-16T06:07:00Z,1,BMD00139,missing,SRP193431,Plasma
SRR9982271,missing,Bisulfite-Seq,295,5163911355,"Peking Union\, Naixin Liang",PRJNA534206,SAMN12258230,Human,1862439872,DEPARTMENT OF THORACIC SURGERY,public,"fastq,sra,run.zq","gs,ncbi,s3","gs.us-east1,s3.us-east-1,ncbi.public",SRX6723333,Illumina NovaSeq 6000,BMD00096,BMD00096,PAIRED,Hybrid Selection,GENOMIC,Homo sapiens,ILLUMINA,2019-12-31T00:00:00Z,2019-08-16T06:09:00Z,1,BMD00096,missing,SRP193431,Plasma
SRR9982272,missing,Bisulfite-Seq,296,6025096333,"Peking Union\, Naixin Liang",PRJNA534206,SAMN12258268,Human,2230525609,DEPARTMENT OF THORACIC SURGERY,public,"sra,run.zq,fastq","s3,gs,ncbi","ncbi.public,gs.us-east1,s3.us-east-1",SRX6723332,Illumina NovaSeq 6000,BMD00134,BMD00134,PAIRED,Hybrid Selection,GENOMIC,Homo sapiens,ILLUMINA,2019-12-31T00:00:00Z,2019-08-16T06:09:00Z,1,BMD00134,missing,SRP193431,Plasma
SRR9982273,missing,Bisulfite-Seq,296,6517294865,"Peking Union\, Naixin Liang",PRJNA534206,SAMN12258267,Human,2421345707,DEPARTMENT OF THORACIC SURGERY,public,"run.zq,sra,fastq","gs,ncbi,s3","s3.us-east-1,gs.us-east1,ncbi.public",SRX6723331,Illumina NovaSeq 6000,BMD00133,BMD00133,PAIRED,Hybrid Selection,GENOMIC,Homo sapiens,ILLUMINA,2019-12-31T00:00:00Z,2019-08-16T06:09:00Z,1,BMD00133,missing,SRP193431,Plasma
SRR9982274,missing,Bisulfite-Seq,296,5235491112,"Peking Union\, Naixin Liang",PRJNA534206,SAMN12258266,Human,1952529984,DEPARTMENT OF THORACIC SURGERY,public,"run.zq,sra,fastq","gs,s3,ncbi","gs.us-east1,ncbi.public,s3.us-east-1",SRX6723330,Illumina NovaSeq 6000,BMD00132,BMD00132,PAIRED,Hybrid Selection,GENOMIC,Homo sapiens,ILLUMINA,2019-12-31T00:00:00Z,2019-08-16T06:08:00Z,1,BMD00132,missing,SRP193431,Plasma
SRR9982275,missing,Bisulfite-Seq,296,5916690708,"Peking Union\, Naixin Liang",PRJNA534206,SAMN12258265,Human,2185598955,DEPARTMENT OF THORACIC SURGERY,public,"fastq,sra,run.zq","gs,ncbi,s3","gs.us-east1,s3.us-east-1,ncbi.public",SRX6723329,Illumina NovaSeq 6000,BMD00131,BMD00131,PAIRED,Hybrid Selection,GENOMIC,Homo sapiens,ILLUMINA,2019-12-31T00:00:00Z,2019-08-16T06:08:00Z,1,BMD00131,missing,SRP193431,Plasma
SRR9982276,missing,Bisulfite-Seq,296,4724893932,"Peking Union\, Naixin Liang",PRJNA534206,SAMN12258272,Human,1751250814,DEPARTMENT OF THORACIC SURGERY,public,"run.zq,sra,fastq","s3,gs,ncbi","s3.us-east-1,ncbi.public,gs.us-east1",SRX6723328,Illumina NovaSeq 6000,BMD00138,BMD00138,PAIRED,Hybrid Selection,GENOMIC,Homo sapiens,ILLUMINA,2019-12-31T00:00:00Z,2019-08-16T06:09:00Z,1,BMD00138,missing,SRP193431,Plasma
SRR9982277,missing,Bisulfite-Seq,297,5474814841,"Peking Union\, Naixin Liang",PRJNA534206,SAMN12258271,Human,2025398666,DEPARTMENT OF THORACIC SURGERY,public,"run.zq,fastq,sra","gs,s3,ncbi","gs.us-east1,ncbi.public,s3.us-east-1",SRX6723327,Illumina NovaSeq 6000,BMD00137,BMD00137,PAIRED,Hybrid Selection,GENOMIC,Homo sapiens,ILLUMINA,2019-12-31T00:00:00Z,2019-08-16T06:06:00Z,1,BMD00137,missing,SRP193431,Plasma
SRR9982278,missing,Bisulfite-Seq,296,4978589832,"Peking Union\, Naixin Liang",PRJNA534206,SAMN12258270,Human,1848605511,DEPARTMENT OF THORACIC SURGERY,public,"sra,fastq,run.zq","gs,ncbi,s3","ncbi.public,gs.us-east1,s3.us-east-1",SRX6723326,Illumina NovaSeq 6000,BMD00136,BMD00136,PAIRED,Hybrid Selection,GENOMIC,Homo sapiens,ILLUMINA,2019-12-31T00:00:00Z,2019-08-16T06:07:00Z,1,BMD00136,missing,SRP193431,Plasma
SRR9982279,missing,Bisulfite-Seq,296,5415314500,"Peking Union\, Naixin Liang",PRJNA534206,SAMN12258269,Human,2017406250,DEPARTMENT OF THORACIC SURGERY,public,"run.zq,fastq,sra","ncbi,gs,s3","s3.us-east-1,gs.us-east1,ncbi.public",SRX6723325,Illumina NovaSeq 6000,BMD00135,BMD00135,PAIRED,Hybrid Selection,GENOMIC,Homo sapiens,ILLUMINA,2019-12-31T00:00:00Z,2019-08-16T06:16:00Z,1,BMD00135,missing,SRP193431,Plasma
SRR9982280,missing,Bisulfite-Seq,299,4174192227,"Peking Union\, Naixin Liang",PRJNA534206,SAMN12258188,Human,1500948356,DEPARTMENT OF THORACIC SURGERY,public,"sra,run.zq,fastq","gs,ncbi,s3","ncbi.public,gs.us-east1,s3.us-east-1",SRX6723324,Illumina NovaSeq 6000,BMD00054,BMD00054,PAIRED,Hybrid Selection,GENOMIC,Homo sapiens,ILLUMINA,2019-12-31T00:00:00Z,2019-08-16T06:04:00Z,1,BMD00054,missing,SRP193431,Plasma
SRR9982281,missing,Bisulfite-Seq,299,4711375486,"Peking Union\, Naixin Liang",PRJNA534206,SAMN12258187,Human,1698832908,DEPARTMENT OF THORACIC SURGERY,public,"sra,fastq,run.zq","s3,ncbi,gs","ncbi.public,gs.us-east1,s3.us-east-1",SRX6723323,Illumina NovaSeq 6000,BMD00053,BMD00053,PAIRED,Hybrid Selection,GENOMIC,Homo sapiens,ILLUMINA,2019-12-31T00:00:00Z,2019-08-16T06:09:00Z,1,BMD00053,missing,SRP193431,Plasma
SRR9982282,missing,Bisulfite-Seq,298,3739806063,"Peking Union\, Naixin Liang",PRJNA534206,SAMN12258186,Human,1342022177,DEPARTMENT OF THORACIC SURGERY,public,"fastq,run.zq,sra","ncbi,gs,s3","ncbi.public,s3.us-east-1,gs.us-east1",SRX6723322,Illumina NovaSeq 6000,BMD00052,BMD00052,PAIRED,Hybrid Selection,GENOMIC,Homo sapiens,ILLUMINA,2019-12-31T00:00:00Z,2019-08-16T06:04:00Z,1,BMD00052,missing,SRP193431,Plasma
SRR9982283,missing,Bisulfite-Seq,297,4166933274,"Peking Union\, Naixin Liang",PRJNA534206,SAMN12258185,Human,1492731352,DEPARTMENT OF THORACIC SURGERY,public,"run.zq,fastq,sra","ncbi,s3,gs","s3.us-east-1,ncbi.public,gs.us-east1",SRX6723321,Illumina NovaSeq 6000,BMD00051,BMD00051,PAIRED,Hybrid Selection,GENOMIC,Homo sapiens,ILLUMINA,2019-12-31T00:00:00Z,2019-08-16T06:06:00Z,1,BMD00051,missing,SRP193431,Plasma
SRR9982284,missing,Bisulfite-Seq,297,4276577633,"Peking Union\, Naixin Liang",PRJNA534206,SAMN12258192,Human,1537896921,DEPARTMENT OF THORACIC SURGERY,public,"sra,run.zq,fastq","ncbi,s3,gs","ncbi.public,gs.us-east1,s3.us-east-1",SRX6723320,Illumina NovaSeq 6000,BMD00058,BMD00058,PAIRED,Hybrid Selection,GENOMIC,Homo sapiens,ILLUMINA,2019-12-31T00:00:00Z,2019-08-16T06:07:00Z,1,BMD00058,missing,SRP193431,Plasma
SRR9982285,missing,Bisulfite-Seq,298,4774937352,"Peking Union\, Naixin Liang",PRJNA534206,SAMN12258191,Human,1707829081,DEPARTMENT OF THORACIC SURGERY,public,"fastq,run.zq,sra","ncbi,s3,gs","s3.us-east-1,gs.us-east1,ncbi.public",SRX6723319,Illumina NovaSeq 6000,BMD00057,BMD00057,PAIRED,Hybrid Selection,GENOMIC,Homo sapiens,ILLUMINA,2019-12-31T00:00:00Z,2019-08-16T06:05:00Z,1,BMD00057,missing,SRP193431,Plasma
SRR9982286,missing,Bisulfite-Seq,298,5319468327,"Peking Union\, Naixin Liang",PRJNA534206,SAMN12258190,Human,1912839232,DEPARTMENT OF THORACIC SURGERY,public,"run.zq,sra,fastq","ncbi,gs,s3","ncbi.public,s3.us-east-1,gs.us-east1",SRX6723318,Illumina NovaSeq 6000,BMD00056,BMD00056,PAIRED,Hybrid Selection,GENOMIC,Homo sapiens,ILLUMINA,2019-12-31T00:00:00Z,2019-08-16T06:07:00Z,1,BMD00056,missing,SRP193431,Plasma
SRR9982287,missing,Bisulfite-Seq,298,3797232453,"Peking Union\, Naixin Liang",PRJNA534206,SAMN12258189,Human,1366601751,DEPARTMENT OF THORACIC SURGERY,public,"fastq,sra,run.zq","s3,ncbi,gs","gs.us-east1,s3.us-east-1,ncbi.public",SRX6723317,Illumina NovaSeq 6000,BMD00055,BMD00055,PAIRED,Hybrid Selection,GENOMIC,Homo sapiens,ILLUMINA,2019-12-31T00:00:00Z,2019-08-16T06:04:00Z,1,BMD00055,missing,SRP193431,Plasma
SRR9982288,missing,Bisulfite-Seq,295,5333232652,"Peking Union\, Naixin Liang",PRJNA534206,SAMN12258177,Human,1905188736,DEPARTMENT OF THORACIC SURGERY,public,"run.zq,sra,fastq","ncbi,s3,gs","gs.us-east1,ncbi.public,s3.us-east-1",SRX6723316,Illumina NovaSeq 6000,BMD00043,BMD00043,PAIRED,Hybrid Selection,GENOMIC,Homo sapiens,ILLUMINA,2019-12-31T00:00:00Z,2019-08-16T06:06:00Z,1,BMD00043,missing,SRP193431,Plasma
SRR9982289,missing,Bisulfite-Seq,298,4138588069,"Peking Union\, Naixin Liang",PRJNA534206,SAMN12258194,Human,1479954687,DEPARTMENT OF THORACIC SURGERY,public,"sra,run.zq,fastq","s3,ncbi,gs","s3.us-east-1,gs.us-east1,ncbi.public",SRX6723315,Illumina NovaSeq 6000,BMD00060,BMD00060,PAIRED,Hybrid Selection,GENOMIC,Homo sapiens,ILLUMINA,2019-12-31T00:00:00Z,2019-08-16T06:05:00Z,1,BMD00060,missing,SRP193431,Plasma
SRR9982290,missing,Bisulfite-Seq,298,5371465570,"Peking Union\, Naixin Liang",PRJNA534206,SAMN12258193,Human,1919828167,DEPARTMENT OF THORACIC SURGERY,public,"sra,run.zq,fastq","gs,ncbi,s3","s3.us-east-1,ncbi.public,gs.us-east1",SRX6723314,Illumina NovaSeq 6000,BMD00059,BMD00059,PAIRED,Hybrid Selection,GENOMIC,Homo sapiens,ILLUMINA,2019-12-31T00:00:00Z,2019-08-16T06:08:00Z,1,BMD00059,missing,SRP193431,Plasma
SRR9982291,missing,Bisulfite-Seq,296,6407106665,"Peking Union\, Naixin Liang",PRJNA534206,SAMN12258178,Human,2289740339,DEPARTMENT OF THORACIC SURGERY,public,"fastq,run.zq,sra","ncbi,s3,gs","gs.us-east1,s3.us-east-1,ncbi.public",SRX6723313,Illumina NovaSeq 6000,BMD00044,BMD00044,PAIRED,Hybrid Selection,GENOMIC,Homo sapiens,ILLUMINA,2019-12-31T00:00:00Z,2019-08-16T06:09:00Z,1,BMD00044,missing,SRP193431,Plasma
SRR9982292,missing,Bisulfite-Seq,297,3974094055,"Peking Union\, Naixin Liang",PRJNA534206,SAMN12258683,Human,1527107769,DEPARTMENT OF THORACIC SURGERY,public,"run.zq,sra,fastq","ncbi,s3,gs","ncbi.public,gs.us-east1,s3.us-east-1",SRX6723312,Illumina NovaSeq 6000,BMD00550,BMD00550,PAIRED,Hybrid Selection,GENOMIC,Homo sapiens,ILLUMINA,2019-12-31T00:00:00Z,2019-08-16T06:06:00Z,1,BMD00550,missing,SRP193431,Plasma
SRR9982293,missing,Bisulfite-Seq,296,4643006232,"Peking Union\, Naixin Liang",PRJNA534206,SAMN12258684,Human,1793918114,DEPARTMENT OF THORACIC SURGERY,public,"run.zq,sra,fastq","s3,ncbi,gs","ncbi.public,gs.us-east1,s3.us-east-1",SRX6723311,Illumina NovaSeq 6000,BMD00551,BMD00551,PAIRED,Hybrid Selection,GENOMIC,Homo sapiens,ILLUMINA,2019-12-31T00:00:00Z,2019-08-16T06:06:00Z,1,BMD00551,missing,SRP193431,Plasma
SRR9982294,missing,Bisulfite-Seq,282,2993807089,"Peking Union\, Naixin Liang",PRJNA534206,SAMN12258571,Human,1043760623,DEPARTMENT OF THORACIC SURGERY,public,"fastq,sra,run.zq","gs,ncbi,s3","gs.us-east1,s3.us-east-1,ncbi.public",SRX6723310,Illumina NovaSeq 6000,BMD00438,BMD00438,PAIRED,Hybrid Selection,GENOMIC,Homo sapiens,ILLUMINA,2019-12-31T00:00:00Z,2019-08-16T06:02:00Z,1,BMD00438,missing,SRP193431,Plasma
SRR9982295,missing,Bisulfite-Seq,282,6515963702,"Peking Union\, Naixin Liang",PRJNA534206,SAMN12258572,Human,2274028062,DEPARTMENT OF THORACIC SURGERY,public,"sra,run.zq,fastq","s3,gs,ncbi","s3.us-east-1,ncbi.public,gs.us-east1",SRX6723309,Illumina NovaSeq 6000,BMD00439,BMD00439,PAIRED,Hybrid Selection,GENOMIC,Homo sapiens,ILLUMINA,2019-12-31T00:00:00Z,2019-08-16T06:09:00Z,1,BMD00439,missing,SRP193431,Plasma
SRR9982296,missing,Bisulfite-Seq,282,3930756970,"Peking Union\, Naixin Liang",PRJNA534206,SAMN12258569,Human,1362618472,DEPARTMENT OF THORACIC SURGERY,public,"sra,run.zq,fastq","ncbi,s3,gs","ncbi.public,gs.us-east1,s3.us-east-1",SRX6723308,Illumina NovaSeq 6000,BMD00436,BMD00436,PAIRED,Hybrid Selection,GENOMIC,Homo sapiens,ILLUMINA,2019-12-31T00:00:00Z,2019-08-16T06:04:00Z,1,BMD00436,missing,SRP193431,Plasma
SRR9982297,missing,Bisulfite-Seq,281,4625830364,"Peking Union\, Naixin Liang",PRJNA534206,SAMN12258570,Human,1607712603,DEPARTMENT OF THORACIC SURGERY,public,"run.zq,fastq,sra","ncbi,s3,gs","ncbi.public,gs.us-east1,s3.us-east-1",SRX6723307,Illumina NovaSeq 6000,BMD00437,BMD00437,PAIRED,Hybrid Selection,GENOMIC,Homo sapiens,ILLUMINA,2019-12-31T00:00:00Z,2019-08-16T06:08:00Z,1,BMD00437,missing,SRP193431,Plasma
SRR9982298,missing,Bisulfite-Seq,296,5249013858,"Peking Union\, Naixin Liang",PRJNA534206,SAMN12258567,Human,1979587217,DEPARTMENT OF THORACIC SURGERY,public,"fastq,sra,run.zq","s3,gs,ncbi","s3.us-east-1,ncbi.public,gs.us-east1",SRX6723306,Illumina NovaSeq 6000,BMD00434,BMD00434,PAIRED,Hybrid Selection,GENOMIC,Homo sapiens,ILLUMINA,2019-12-31T00:00:00Z,2019-08-16T06:12:00Z,1,BMD00434,missing,SRP193431,Plasma
SRR9982299,missing,Bisulfite-Seq,296,5173618025,"Peking Union\, Naixin Liang",PRJNA534206,SAMN12258568,Human,1922446727,DEPARTMENT OF THORACIC SURGERY,public,"fastq,sra,run.zq","gs,ncbi,s3","s3.us-east-1,gs.us-east1,ncbi.public",SRX6723305,Illumina NovaSeq 6000,BMD00435,BMD00435,PAIRED,Hybrid Selection,GENOMIC,Homo sapiens,ILLUMINA,2019-12-31T00:00:00Z,2019-08-16T06:07:00Z,1,BMD00435,missing,SRP193431,Plasma
SRR9982300,missing,Bisulfite-Seq,296,5230785326,"Peking Union\, Naixin Liang",PRJNA534206,SAMN12258565,Human,1948028230,DEPARTMENT OF THORACIC SURGERY,public,"run.zq,fastq,sra","s3,ncbi,gs","gs.us-east1,s3.us-east-1,ncbi.public",SRX6723304,Illumina NovaSeq 6000,BMD00432,BMD00432,PAIRED,Hybrid Selection,GENOMIC,Homo sapiens,ILLUMINA,2019-12-31T00:00:00Z,2019-08-16T06:07:00Z,1,BMD00432,missing,SRP193431,Plasma
SRR9982301,missing,Bisulfite-Seq,296,5919201207,"Peking Union\, Naixin Liang",PRJNA534206,SAMN12258566,Human,2207359447,DEPARTMENT OF THORACIC SURGERY,public,"fastq,sra,run.zq","ncbi,s3,gs","ncbi.public,s3.us-east-1,gs.us-east1",SRX6723303,Illumina NovaSeq 6000,BMD00433,BMD00433,PAIRED,Hybrid Selection,GENOMIC,Homo sapiens,ILLUMINA,2019-12-31T00:00:00Z,2019-08-16T06:10:00Z,1,BMD00433,missing,SRP193431,Plasma
SRR9982302,missing,Bisulfite-Seq,282,4775400614,"Peking Union\, Naixin Liang",PRJNA534206,SAMN12258573,Human,1667482357,DEPARTMENT OF THORACIC SURGERY,public,"run.zq,sra,fastq","ncbi,s3,gs","ncbi.public,gs.us-east1,s3.us-east-1",SRX6723302,Illumina NovaSeq 6000,BMD00440,BMD00440,PAIRED,Hybrid Selection,GENOMIC,Homo sapiens,ILLUMINA,2019-12-31T00:00:00Z,2019-08-16T06:07:00Z,1,BMD00440,missing,SRP193431,Plasma
SRR9982303,missing,Bisulfite-Seq,281,2720868346,"Peking Union\, Naixin Liang",PRJNA534206,SAMN12258574,Human,945845482,DEPARTMENT OF THORACIC SURGERY,public,"fastq,run.zq,sra","gs,s3,ncbi","ncbi.public,s3.us-east-1,gs.us-east1",SRX6723301,Illumina NovaSeq 6000,BMD00441,BMD00441,PAIRED,Hybrid Selection,GENOMIC,Homo sapiens,ILLUMINA,2019-12-31T00:00:00Z,2019-08-16T06:02:00Z,1,BMD00441,missing,SRP193431,Plasma
SRR9982304,missing,Bisulfite-Seq,296,4241021565,"Peking Union\, Naixin Liang",PRJNA534206,SAMN12258679,Human,1655370021,DEPARTMENT OF THORACIC SURGERY,public,"run.zq,sra,fastq","gs,s3,ncbi","ncbi.public,gs.us-east1,s3.us-east-1",SRX6723300,Illumina NovaSeq 6000,BMD00546,BMD00546,PAIRED,Hybrid Selection,GENOMIC,Homo sapiens,ILLUMINA,2019-12-31T00:00:00Z,2019-08-16T06:10:00Z,1,BMD00546,missing,SRP193431,Plasma
SRR9982305,missing,Bisulfite-Seq,292,9097944908,"Peking Union\, Naixin Liang",PRJNA534206,SAMN12258956,Human,3393904253,DEPARTMENT OF THORACIC SURGERY,public,"sra,fastq,run.zq","gs,ncbi,s3","ncbi.public,gs.us-east1,s3.us-east-1",SRX6723299,Illumina NovaSeq 6000,BMD00824,BMD00824,PAIRED,Hybrid Selection,GENOMIC,Homo sapiens,ILLUMINA,2019-12-31T00:00:00Z,2019-08-16T06:16:00Z,1,BMD00824,missing,SRP193431,Plasma
SRR9982306,missing,Bisulfite-Seq,293,4770343116,"Peking Union\, Naixin Liang",PRJNA534206,SAMN12258955,Human,1765195336,DEPARTMENT OF THORACIC SURGERY,public,"run.zq,fastq,sra","ncbi,gs,s3","ncbi.public,gs.us-east1,s3.us-east-1",SRX6723298,Illumina NovaSeq 6000,BMD00823,BMD00823,PAIRED,Hybrid Selection,GENOMIC,Homo sapiens,ILLUMINA,2019-12-31T00:00:00Z,2019-08-16T06:12:00Z,1,BMD00823,missing,SRP193431,Plasma
SRR9982307,missing,Bisulfite-Seq,293,5446825402,"Peking Union\, Naixin Liang",PRJNA534206,SAMN12258958,Human,2030283860,DEPARTMENT OF THORACIC SURGERY,public,"fastq,sra,run.zq","ncbi,s3,gs","gs.us-east1,ncbi.public,s3.us-east-1",SRX6723297,Illumina NovaSeq 6000,BMD00826,BMD00826,PAIRED,Hybrid Selection,GENOMIC,Homo sapiens,ILLUMINA,2019-12-31T00:00:00Z,2019-08-16T06:04:00Z,1,BMD00826,missing,SRP193431,Plasma
SRR9982308,missing,Bisulfite-Seq,293,11934673579,"Peking Union\, Naixin Liang",PRJNA534206,SAMN12258957,Human,4430520863,DEPARTMENT OF THORACIC SURGERY,public,"sra,fastq,run.zq","ncbi,gs,s3","ncbi.public,s3.us-east-1,gs.us-east1",SRX6723296,Illumina NovaSeq 6000,BMD00825,BMD00825,PAIRED,Hybrid Selection,GENOMIC,Homo sapiens,ILLUMINA,2019-12-31T00:00:00Z,2019-08-16T06:21:00Z,1,BMD00825,missing,SRP193431,Plasma
SRR9982309,missing,Bisulfite-Seq,292,5336213389,"Peking Union\, Naixin Liang",PRJNA534206,SAMN12258960,Human,1993322847,DEPARTMENT OF THORACIC SURGERY,public,"fastq,run.zq,sra","s3,gs,ncbi","ncbi.public,gs.us-east1,s3.us-east-1",SRX6723295,Illumina NovaSeq 6000,BMD00828,BMD00828,PAIRED,Hybrid Selection,GENOMIC,Homo sapiens,ILLUMINA,2019-12-31T00:00:00Z,2019-08-16T06:07:00Z,1,BMD00828,missing,SRP193431,Plasma
SRR9982310,missing,Bisulfite-Seq,292,6223890708,"Peking Union\, Naixin Liang",PRJNA534206,SAMN12258959,Human,2307734110,DEPARTMENT OF THORACIC SURGERY,public,"fastq,sra,run.zq","ncbi,gs,s3","gs.us-east1,s3.us-east-1,ncbi.public",SRX6723294,Illumina NovaSeq 6000,BMD00827,BMD00827,PAIRED,Hybrid Selection,GENOMIC,Homo sapiens,ILLUMINA,2019-12-31T00:00:00Z,2019-08-16T06:10:00Z,1,BMD00827,missing,SRP193431,Plasma
SRR9982311,missing,Bisulfite-Seq,294,5054080919,"Peking Union\, Naixin Liang",PRJNA534206,SAMN12258962,Human,1881329578,DEPARTMENT OF THORACIC SURGERY,public,"run.zq,fastq,sra","ncbi,gs,s3","gs.us-east1,ncbi.public,s3.us-east-1",SRX6723293,Illumina NovaSeq 6000,BMD00830,BMD00830,PAIRED,Hybrid Selection,GENOMIC,Homo sapiens,ILLUMINA,2019-12-31T00:00:00Z,2019-08-16T06:06:00Z,1,BMD00830,missing,SRP193431,Plasma
SRR9982312,missing,Bisulfite-Seq,293,5775874345,"Peking Union\, Naixin Liang",PRJNA534206,SAMN12258961,Human,2165764330,DEPARTMENT OF THORACIC SURGERY,public,"fastq,sra,run.zq","s3,gs,ncbi","ncbi.public,gs.us-east1,s3.us-east-1",SRX6723292,Illumina NovaSeq 6000,BMD00829,BMD00829,PAIRED,Hybrid Selection,GENOMIC,Homo sapiens,ILLUMINA,2019-12-31T00:00:00Z,2019-08-16T06:14:00Z,1,BMD00829,missing,SRP193431,Plasma
SRR9982313,missing,Bisulfite-Seq,298,4728369982,"Peking Union\, Naixin Liang",PRJNA534206,SAMN12258675,Human,1798431579,DEPARTMENT OF THORACIC SURGERY,public,"run.zq,sra,fastq","s3,gs,ncbi","s3.us-east-1,ncbi.public,gs.us-east1",SRX6723291,Illumina NovaSeq 6000,BMD00542,BMD00542,PAIRED,Hybrid Selection,GENOMIC,Homo sapiens,ILLUMINA,2019-12-31T00:00:00Z,2019-08-16T06:09:00Z,1,BMD00542,missing,SRP193431,Plasma
SRR9982314,missing,Bisulfite-Seq,291,4765051538,"Peking Union\, Naixin Liang",PRJNA534206,SAMN12258963,Human,1812514883,DEPARTMENT OF THORACIC SURGERY,public,"run.zq,fastq,sra","gs,ncbi,s3","ncbi.public,s3.us-east-1,gs.us-east1",SRX6723290,Illumina NovaSeq 6000,BMD00831,BMD00831,PAIRED,Hybrid Selection,GENOMIC,Homo sapiens,ILLUMINA,2019-12-31T00:00:00Z,2019-08-16T06:06:00Z,1,BMD00831,missing,SRP193431,Plasma
SRR9982315,missing,Bisulfite-Seq,297,4285279708,"Peking Union\, Naixin Liang",PRJNA534206,SAMN12258676,Human,1609877099,DEPARTMENT OF THORACIC SURGERY,public,"sra,fastq,run.zq","ncbi,gs,s3","gs.us-east1,s3.us-east-1,ncbi.public",SRX6723289,Illumina NovaSeq 6000,BMD00543,BMD00543,PAIRED,Hybrid Selection,GENOMIC,Homo sapiens,ILLUMINA,2019-12-31T00:00:00Z,2019-08-16T06:05:00Z,1,BMD00543,missing,SRP193431,Plasma
SRR9982316,missing,Bisulfite-Seq,295,5319896965,"Peking Union\, Naixin Liang",PRJNA534206,SAMN12258827,Human,1916287677,DEPARTMENT OF THORACIC SURGERY,public,"run.zq,fastq,sra","gs,s3,ncbi","s3.us-east-1,ncbi.public,gs.us-east1",SRX6723288,Illumina NovaSeq 6000,BMD00708,BMD00708,PAIRED,Hybrid Selection,GENOMIC,Homo sapiens,ILLUMINA,2019-12-31T00:00:00Z,2019-08-16T06:05:00Z,1,BMD00708,missing,SRP193431,Plasma
SRR9982317,missing,Bisulfite-Seq,301,4499965782,"Peking Union\, Naixin Liang",PRJNA534206,SAMN12258828,Human,1802753071,DEPARTMENT OF THORACIC SURGERY,public,"sra,run.zq,fastq","ncbi,gs,s3","s3.us-east-1,gs.us-east1,ncbi.public",SRX6723287,Illumina NovaSeq 6000,BMD00709,BMD00709,PAIRED,Hybrid Selection,GENOMIC,Homo sapiens,ILLUMINA,2019-12-31T00:00:00Z,2019-08-16T06:06:00Z,1,BMD00709,missing,SRP193431,Plasma
SRR9982318,missing,Bisulfite-Seq,293,6077111732,"Peking Union\, Naixin Liang",PRJNA534206,SAMN12258825,Human,2236888903,DEPARTMENT OF THORACIC SURGERY,public,"run.zq,fastq,sra","ncbi,gs,s3","gs.us-east1,s3.us-east-1,ncbi.public",SRX6723286,Illumina NovaSeq 6000,BMD00706,BMD00706,PAIRED,Hybrid Selection,GENOMIC,Homo sapiens,ILLUMINA,2019-12-31T00:00:00Z,2019-08-16T06:10:00Z,1,BMD00706,missing,SRP193431,Plasma
SRR9982319,missing,Bisulfite-Seq,301,4762631502,"Peking Union\, Naixin Liang",PRJNA534206,SAMN12258826,Human,1911603103,DEPARTMENT OF THORACIC SURGERY,public,"sra,run.zq,fastq","ncbi,gs,s3","ncbi.public,s3.us-east-1,gs.us-east1",SRX6723285,Illumina NovaSeq 6000,BMD00707,BMD00707,PAIRED,Hybrid Selection,GENOMIC,Homo sapiens,ILLUMINA,2019-12-31T00:00:00Z,2019-08-16T06:07:00Z,1,BMD00707,missing,SRP193431,Plasma
SRR9982320,missing,Bisulfite-Seq,298,6122086690,"Peking Union\, Naixin Liang",PRJNA534206,SAMN12258549,Human,2157619260,DEPARTMENT OF THORACIC SURGERY,public,"fastq,run.zq,sra","s3,gs,ncbi","s3.us-east-1,ncbi.public,gs.us-east1",SRX6723284,Illumina NovaSeq 6000,BMD00416,BMD00416,PAIRED,Hybrid Selection,GENOMIC,Homo sapiens,ILLUMINA,2019-12-31T00:00:00Z,2019-08-16T06:09:00Z,1,BMD00416,missing,SRP193431,Plasma
SRR9982321,missing,Bisulfite-Seq,296,5370766785,"Peking Union\, Naixin Liang",PRJNA534206,SAMN12258832,Human,1934450689,DEPARTMENT OF THORACIC SURGERY,public,"run.zq,sra,fastq","ncbi,gs,s3","s3.us-east-1,ncbi.public,gs.us-east1",SRX6723283,Illumina NovaSeq 6000,BMD00713,BMD00713,PAIRED,Hybrid Selection,GENOMIC,Homo sapiens,ILLUMINA,2019-12-31T00:00:00Z,2019-08-16T06:07:00Z,1,BMD00713,missing,SRP193431,Plasma
SRR9982322,missing,Bisulfite-Seq,293,12515483278,"Peking Union\, Naixin Liang",PRJNA534206,SAMN12258829,Human,4540793541,DEPARTMENT OF THORACIC SURGERY,public,"fastq,sra,run.zq","gs,ncbi,s3","gs.us-east1,s3.us-east-1,ncbi.public",SRX6723282,Illumina NovaSeq 6000,BMD00710,BMD00710,PAIRED,Hybrid Selection,GENOMIC,Homo sapiens,ILLUMINA,2019-12-31T00:00:00Z,2019-08-16T06:21:00Z,1,BMD00710,missing,SRP193431,Plasma
SRR9982323,missing,Bisulfite-Seq,294,6565938119,"Peking Union\, Naixin Liang",PRJNA534206,SAMN12258830,Human,2400390310,DEPARTMENT OF THORACIC SURGERY,public,"sra,fastq,run.zq","gs,s3,ncbi","gs.us-east1,ncbi.public,s3.us-east-1",SRX6723281,Illumina NovaSeq 6000,BMD00711,BMD00711,PAIRED,Hybrid Selection,GENOMIC,Homo sapiens,ILLUMINA,2019-12-31T00:00:00Z,2019-08-16T06:07:00Z,1,BMD00711,missing,SRP193431,Plasma
SRR9982324,missing,Bisulfite-Seq,298,6549075444,"Peking Union\, Naixin Liang",PRJNA534206,SAMN12258550,Human,2307815333,DEPARTMENT OF THORACIC SURGERY,public,"sra,run.zq,fastq","gs,ncbi,s3","s3.us-east-1,gs.us-east1,ncbi.public",SRX6723280,Illumina NovaSeq 6000,BMD00417,BMD00417,PAIRED,Hybrid Selection,GENOMIC,Homo sapiens,ILLUMINA,2019-12-31T00:00:00Z,2019-08-16T06:10:00Z,1,BMD00417,missing,SRP193431,Plasma
SRR9982325,missing,Bisulfite-Seq,301,4621760173,"Peking Union\, Naixin Liang",PRJNA534206,SAMN12258834,Human,1802718071,DEPARTMENT OF THORACIC SURGERY,public,"fastq,sra,run.zq","gs,ncbi,s3","ncbi.public,gs.us-east1,s3.us-east-1",SRX6723279,Illumina NovaSeq 6000,BMD00715,BMD00715,PAIRED,Hybrid Selection,GENOMIC,Homo sapiens,ILLUMINA,2019-12-31T00:00:00Z,2019-08-16T06:07:00Z,1,BMD00715,missing,SRP193431,Plasma
SRR9982326,missing,Bisulfite-Seq,298,6731534559,"Peking Union\, Naixin Liang",PRJNA534206,SAMN12258551,Human,2357114828,DEPARTMENT OF THORACIC SURGERY,public,"fastq,run.zq,sra","ncbi,s3,gs","s3.us-east-1,ncbi.public,gs.us-east1",SRX6723278,Illumina NovaSeq 6000,BMD00418,BMD00418,PAIRED,Hybrid Selection,GENOMIC,Homo sapiens,ILLUMINA,2019-12-31T00:00:00Z,2019-08-16T06:11:00Z,1,BMD00418,missing,SRP193431,Plasma
SRR9982327,missing,Bisulfite-Seq,295,5359064863,"Peking Union\, Naixin Liang",PRJNA534206,SAMN12258638,Human,2018070170,DEPARTMENT OF THORACIC SURGERY,public,"run.zq,fastq,sra","s3,ncbi,gs","gs.us-east1,s3.us-east-1,ncbi.public",SRX6723277,Illumina NovaSeq 6000,BMD00505,BMD00505,PAIRED,Hybrid Selection,GENOMIC,Homo sapiens,ILLUMINA,2019-12-31T00:00:00Z,2019-08-16T06:05:00Z,1,BMD00505,missing,SRP193431,Plasma
SRR9982328,missing,Bisulfite-Seq,295,4508532880,"Peking Union\, Naixin Liang",PRJNA534206,SAMN12258635,Human,1673579873,DEPARTMENT OF THORACIC SURGERY,public,"fastq,run.zq,sra","gs,s3,ncbi","s3.us-east-1,ncbi.public,gs.us-east1",SRX6723276,Illumina NovaSeq 6000,BMD00502,BMD00502,PAIRED,Hybrid Selection,GENOMIC,Homo sapiens,ILLUMINA,2019-12-31T00:00:00Z,2019-08-16T06:05:00Z,1,BMD00502,missing,SRP193431,Plasma
SRR9982329,missing,Bisulfite-Seq,294,4748569438,"Peking Union\, Naixin Liang",PRJNA534206,SAMN12258636,Human,1759820973,DEPARTMENT OF THORACIC SURGERY,public,"run.zq,fastq,sra","s3,ncbi,gs","gs.us-east1,s3.us-east-1,ncbi.public",SRX6723275,Illumina NovaSeq 6000,BMD00503,BMD00503,PAIRED,Hybrid Selection,GENOMIC,Homo sapiens,ILLUMINA,2019-12-31T00:00:00Z,2019-08-16T06:05:00Z,1,BMD00503,missing,SRP193431,Plasma
SRR9982330,missing,Bisulfite-Seq,295,4055199569,"Peking Union\, Naixin Liang",PRJNA534206,SAMN12258641,Human,1512512412,DEPARTMENT OF THORACIC SURGERY,public,"sra,run.zq,fastq","s3,ncbi,gs","ncbi.public,s3.us-east-1,gs.us-east1",SRX6723274,Illumina NovaSeq 6000,BMD00508,BMD00508,PAIRED,Hybrid Selection,GENOMIC,Homo sapiens,ILLUMINA,2019-12-31T00:00:00Z,2019-08-16T06:04:00Z,1,BMD00508,missing,SRP193431,Plasma
SRR9982331,missing,Bisulfite-Seq,295,3560513275,"Peking Union\, Naixin Liang",PRJNA534206,SAMN12258642,Human,1353682581,DEPARTMENT OF THORACIC SURGERY,public,"fastq,sra,run.zq","gs,ncbi,s3","ncbi.public,gs.us-east1,s3.us-east-1",SRX6723273,Illumina NovaSeq 6000,BMD00509,BMD00509,PAIRED,Hybrid Selection,GENOMIC,Homo sapiens,ILLUMINA,2019-12-31T00:00:00Z,2019-08-16T06:04:00Z,1,BMD00509,missing,SRP193431,Plasma
SRR9982332,missing,Bisulfite-Seq,298,6642069533,"Peking Union\, Naixin Liang",PRJNA534206,SAMN12258552,Human,2329576022,DEPARTMENT OF THORACIC SURGERY,public,"run.zq,fastq,sra","gs,ncbi,s3","ncbi.public,gs.us-east1,s3.us-east-1",SRX6723272,Illumina NovaSeq 6000,BMD00419,BMD00419,PAIRED,Hybrid Selection,GENOMIC,Homo sapiens,ILLUMINA,2019-12-31T00:00:00Z,2019-08-16T06:09:00Z,1,BMD00419,missing,SRP193431,Plasma
SRR9982333,missing,Bisulfite-Seq,294,5081915913,"Peking Union\, Naixin Liang",PRJNA534206,SAMN12258640,Human,1899919026,DEPARTMENT OF THORACIC SURGERY,public,"sra,run.zq,fastq","gs,ncbi,s3","ncbi.public,s3.us-east-1,gs.us-east1",SRX6723271,Illumina NovaSeq 6000,BMD00507,BMD00507,PAIRED,Hybrid Selection,GENOMIC,Homo sapiens,ILLUMINA,2019-12-31T00:00:00Z,2019-08-16T06:07:00Z,1,BMD00507,missing,SRP193431,Plasma
SRR9982334,missing,Bisulfite-Seq,295,4513892982,"Peking Union\, Naixin Liang",PRJNA534206,SAMN12258643,Human,1692462522,DEPARTMENT OF THORACIC SURGERY,public,"run.zq,sra,fastq","gs,s3,ncbi","s3.us-east-1,gs.us-east1,ncbi.public",SRX6723270,Illumina NovaSeq 6000,BMD00510,BMD00510,PAIRED,Hybrid Selection,GENOMIC,Homo sapiens,ILLUMINA,2019-12-31T00:00:00Z,2019-08-16T06:06:00Z,1,BMD00510,missing,SRP193431,Plasma
SRR9982335,missing,Bisulfite-Seq,297,5131820847,"Peking Union\, Naixin Liang",PRJNA534206,SAMN12258644,Human,1983939670,DEPARTMENT OF THORACIC SURGERY,public,"sra,fastq,run.zq","gs,s3,ncbi","gs.us-east1,ncbi.public,s3.us-east-1",SRX6723269,Illumina NovaSeq 6000,BMD00511,BMD00511,PAIRED,Hybrid Selection,GENOMIC,Homo sapiens,ILLUMINA,2019-12-31T00:00:00Z,2019-08-16T06:06:00Z,1,BMD00511,missing,SRP193431,Plasma
SRR9982336,missing,Bisulfite-Seq,298,7336330582,"Peking Union\, Naixin Liang",PRJNA534206,SAMN12258545,Human,2581471857,DEPARTMENT OF THORACIC SURGERY,public,"run.zq,fastq,sra","gs,s3,ncbi","gs.us-east1,ncbi.public,s3.us-east-1",SRX6723268,Illumina NovaSeq 6000,BMD00412,BMD00412,PAIRED,Hybrid Selection,GENOMIC,Homo sapiens,ILLUMINA,2019-12-31T00:00:00Z,2019-08-16T06:13:00Z,1,BMD00412,missing,SRP193431,Plasma
SRR9982337,missing,Bisulfite-Seq,293,4981207321,"Peking Union\, Naixin Liang",PRJNA534206,SAMN12258994,Human,1792135918,DEPARTMENT OF THORACIC SURGERY,public,"sra,fastq,run.zq","s3,gs,ncbi","s3.us-east-1,ncbi.public,gs.us-east1",SRX6723267,Illumina NovaSeq 6000,BMD00864,BMD00864,PAIRED,Hybrid Selection,GENOMIC,Homo sapiens,ILLUMINA,2019-12-31T00:00:00Z,2019-08-16T06:07:00Z,1,BMD00864,missing,SRP193431,Plasma
SRR9982338,missing,Bisulfite-Seq,298,6125001014,"Peking Union\, Naixin Liang",PRJNA534206,SAMN12258546,Human,2130847057,DEPARTMENT OF THORACIC SURGERY,public,"fastq,sra,run.zq","gs,ncbi,s3","gs.us-east1,s3.us-east-1,ncbi.public",SRX6723266,Illumina NovaSeq 6000,BMD00413,BMD00413,PAIRED,Hybrid Selection,GENOMIC,Homo sapiens,ILLUMINA,2019-12-31T00:00:00Z,2019-08-16T06:09:00Z,1,BMD00413,missing,SRP193431,Plasma
SRR9982339,missing,Bisulfite-Seq,298,7292914320,"Peking Union\, Naixin Liang",PRJNA534206,SAMN12258547,Human,2539547348,DEPARTMENT OF THORACIC SURGERY,public,"run.zq,sra,fastq","s3,gs,ncbi","s3.us-east-1,gs.us-east1,ncbi.public",SRX6723265,Illumina NovaSeq 6000,BMD00414,BMD00414,PAIRED,Hybrid Selection,GENOMIC,Homo sapiens,ILLUMINA,2019-12-31T00:00:00Z,2019-08-16T06:10:00Z,1,BMD00414,missing,SRP193431,Plasma
SRR9982340,missing,Bisulfite-Seq,298,6121728618,"Peking Union\, Naixin Liang",PRJNA534206,SAMN12258542,Human,2150204759,DEPARTMENT OF THORACIC SURGERY,public,"sra,fastq,run.zq","s3,gs,ncbi","gs.us-east1,s3.us-east-1,ncbi.public",SRX6723264,Illumina NovaSeq 6000,BMD00409,BMD00409,PAIRED,Hybrid Selection,GENOMIC,Homo sapiens,ILLUMINA,2019-12-31T00:00:00Z,2019-08-16T06:11:00Z,1,BMD00409,missing,SRP193431,Plasma
SRR9982341,missing,Bisulfite-Seq,299,7113180899,"Peking Union\, Naixin Liang",PRJNA534206,SAMN12258548,Human,2564817617,DEPARTMENT OF THORACIC SURGERY,public,"sra,run.zq,fastq","s3,ncbi,gs","s3.us-east-1,gs.us-east1,ncbi.public",SRX6723263,Illumina NovaSeq 6000,BMD00415,BMD00415,PAIRED,Hybrid Selection,GENOMIC,Homo sapiens,ILLUMINA,2019-12-31T00:00:00Z,2019-08-16T06:10:00Z,1,BMD00415,missing,SRP193431,Plasma
SRR9982342,missing,Bisulfite-Seq,294,5010005943,"Peking Union\, Naixin Liang",PRJNA534206,SAMN12258420,Human,1939183351,DEPARTMENT OF THORACIC SURGERY,public,"fastq,run.zq,sra","s3,gs,ncbi","s3.us-east-1,ncbi.public,gs.us-east1",SRX6723262,Illumina NovaSeq 6000,BMD00286,BMD00286,PAIRED,Hybrid Selection,GENOMIC,Homo sapiens,ILLUMINA,2019-12-31T00:00:00Z,2019-08-16T06:07:00Z,1,BMD00286,missing,SRP193431,Plasma
SRR9982343,missing,Bisulfite-Seq,295,4774198316,"Peking Union\, Naixin Liang",PRJNA534206,SAMN12258419,Human,1843797353,DEPARTMENT OF THORACIC SURGERY,public,"fastq,sra,run.zq","ncbi,s3,gs","s3.us-east-1,ncbi.public,gs.us-east1",SRX6723261,Illumina NovaSeq 6000,BMD00285,BMD00285,PAIRED,Hybrid Selection,GENOMIC,Homo sapiens,ILLUMINA,2019-12-31T00:00:00Z,2019-08-16T06:08:00Z,1,BMD00285,missing,SRP193431,Plasma
SRR9982344,missing,Bisulfite-Seq,294,4449526117,"Peking Union\, Naixin Liang",PRJNA534206,SAMN12258422,Human,1716703642,DEPARTMENT OF THORACIC SURGERY,public,"sra,run.zq,fastq","ncbi,s3,gs","gs.us-east1,s3.us-east-1,ncbi.public",SRX6723260,Illumina NovaSeq 6000,BMD00288,BMD00288,PAIRED,Hybrid Selection,GENOMIC,Homo sapiens,ILLUMINA,2019-12-31T00:00:00Z,2019-08-16T06:07:00Z,1,BMD00288,missing,SRP193431,Plasma
SRR9982345,missing,Bisulfite-Seq,295,4711305720,"Peking Union\, Naixin Liang",PRJNA534206,SAMN12258421,Human,1823394945,DEPARTMENT OF THORACIC SURGERY,public,"run.zq,sra,fastq","s3,gs,ncbi","gs.us-east1,ncbi.public,s3.us-east-1",SRX6723259,Illumina NovaSeq 6000,BMD00287,BMD00287,PAIRED,Hybrid Selection,GENOMIC,Homo sapiens,ILLUMINA,2019-12-31T00:00:00Z,2019-08-16T06:06:00Z,1,BMD00287,missing,SRP193431,Plasma
SRR9982346,missing,Bisulfite-Seq,295,5820729649,"Peking Union\, Naixin Liang",PRJNA534206,SAMN12258416,Human,2177323014,DEPARTMENT OF THORACIC SURGERY,public,"sra,run.zq,fastq","s3,ncbi,gs","ncbi.public,gs.us-east1,s3.us-east-1",SRX6723258,Illumina NovaSeq 6000,BMD00282,BMD00282,PAIRED,Hybrid Selection,GENOMIC,Homo sapiens,ILLUMINA,2019-12-31T00:00:00Z,2019-08-16T06:10:00Z,1,BMD00282,missing,SRP193431,Plasma
SRR9982347,missing,Bisulfite-Seq,293,5293176406,"Peking Union\, Naixin Liang",PRJNA534206,SAMN12258415,Human,1972613813,DEPARTMENT OF THORACIC SURGERY,public,"fastq,run.zq,sra","ncbi,s3,gs","gs.us-east1,ncbi.public,s3.us-east-1",SRX6723257,Illumina NovaSeq 6000,BMD00281,BMD00281,PAIRED,Hybrid Selection,GENOMIC,Homo sapiens,ILLUMINA,2019-12-31T00:00:00Z,2019-08-16T06:06:00Z,1,BMD00281,missing,SRP193431,Plasma
SRR9982348,missing,Bisulfite-Seq,296,6676527247,"Peking Union\, Naixin Liang",PRJNA534206,SAMN12258418,Human,2464779235,DEPARTMENT OF THORACIC SURGERY,public,"sra,run.zq,fastq","ncbi,s3,gs","gs.us-east1,s3.us-east-1,ncbi.public",SRX6723256,Illumina NovaSeq 6000,BMD00284,BMD00284,PAIRED,Hybrid Selection,GENOMIC,Homo sapiens,ILLUMINA,2019-12-31T00:00:00Z,2019-08-16T06:08:00Z,1,BMD00284,missing,SRP193431,Plasma
SRR9982349,missing,Bisulfite-Seq,293,6051201742,"Peking Union\, Naixin Liang",PRJNA534206,SAMN12258417,Human,2253337681,DEPARTMENT OF THORACIC SURGERY,public,"fastq,run.zq,sra","ncbi,gs,s3","s3.us-east-1,ncbi.public,gs.us-east1",SRX6723255,Illumina NovaSeq 6000,BMD00283,BMD00283,PAIRED,Hybrid Selection,GENOMIC,Homo sapiens,ILLUMINA,2019-12-31T00:00:00Z,2019-08-16T06:07:00Z,1,BMD00283,missing,SRP193431,Plasma
SRR9982350,missing,Bisulfite-Seq,294,5244923550,"Peking Union\, Naixin Liang",PRJNA534206,SAMN12258424,Human,2017851226,DEPARTMENT OF THORACIC SURGERY,public,"run.zq,sra,fastq","gs,ncbi,s3","ncbi.public,s3.us-east-1,gs.us-east1",SRX6723254,Illumina NovaSeq 6000,BMD00290,BMD00290,PAIRED,Hybrid Selection,GENOMIC,Homo sapiens,ILLUMINA,2019-12-31T00:00:00Z,2019-08-16T06:10:00Z,1,BMD00290,missing,SRP193431,Plasma
SRR9982351,missing,Bisulfite-Seq,294,6005718692,"Peking Union\, Naixin Liang",PRJNA534206,SAMN12258423,Human,2327300540,DEPARTMENT OF THORACIC SURGERY,public,"fastq,run.zq,sra","s3,ncbi,gs","ncbi.public,gs.us-east1,s3.us-east-1",SRX6723253,Illumina NovaSeq 6000,BMD00289,BMD00289,PAIRED,Hybrid Selection,GENOMIC,Homo sapiens,ILLUMINA,2019-12-31T00:00:00Z,2019-08-16T06:09:00Z,1,BMD00289,missing,SRP193431,Plasma
SRR9982352,missing,Bisulfite-Seq,298,4367096973,"Peking Union\, Naixin Liang",PRJNA534206,SAMN12258492,Human,1575319255,DEPARTMENT OF THORACIC SURGERY,public,"fastq,sra,run.zq","s3,gs,ncbi","ncbi.public,s3.us-east-1,gs.us-east1",SRX6723252,Illumina NovaSeq 6000,BMD00358,BMD00358,PAIRED,Hybrid Selection,GENOMIC,Homo sapiens,ILLUMINA,2019-12-31T00:00:00Z,2019-08-16T06:04:00Z,1,BMD00358,missing,SRP193431,Plasma
SRR9982353,missing,Bisulfite-Seq,298,7311370330,"Peking Union\, Naixin Liang",PRJNA534206,SAMN12258491,Human,2623247699,DEPARTMENT OF THORACIC SURGERY,public,"fastq,run.zq,sra","gs,ncbi,s3","gs.us-east1,ncbi.public,s3.us-east-1",SRX6723251,Illumina NovaSeq 6000,BMD00357,BMD00357,PAIRED,Hybrid Selection,GENOMIC,Homo sapiens,ILLUMINA,2019-12-31T00:00:00Z,2019-08-16T06:09:00Z,1,BMD00357,missing,SRP193431,Plasma
SRR9982354,missing,Bisulfite-Seq,297,7857808590,"Peking Union\, Naixin Liang",PRJNA534206,SAMN12258490,Human,2827007828,DEPARTMENT OF THORACIC SURGERY,public,"sra,fastq,run.zq","ncbi,s3,gs","gs.us-east1,s3.us-east-1,ncbi.public",SRX6723250,Illumina NovaSeq 6000,BMD00356,BMD00356,PAIRED,Hybrid Selection,GENOMIC,Homo sapiens,ILLUMINA,2019-12-31T00:00:00Z,2019-08-16T06:09:00Z,1,BMD00356,missing,SRP193431,Plasma
SRR9982355,missing,Bisulfite-Seq,297,5140198914,"Peking Union\, Naixin Liang",PRJNA534206,SAMN12258489,Human,1848144211,DEPARTMENT OF THORACIC SURGERY,public,"run.zq,fastq,sra","gs,ncbi,s3","gs.us-east1,ncbi.public,s3.us-east-1",SRX6723249,Illumina NovaSeq 6000,BMD00355,BMD00355,PAIRED,Hybrid Selection,GENOMIC,Homo sapiens,ILLUMINA,2019-12-31T00:00:00Z,2019-08-16T06:06:00Z,1,BMD00355,missing,SRP193431,Plasma
SRR9982356,missing,Bisulfite-Seq,297,5351609945,"Peking Union\, Naixin Liang",PRJNA534206,SAMN12258488,Human,1919777688,DEPARTMENT OF THORACIC SURGERY,public,"sra,fastq,run.zq","ncbi,s3,gs","s3.us-east-1,gs.us-east1,ncbi.public",SRX6723248,Illumina NovaSeq 6000,BMD00354,BMD00354,PAIRED,Hybrid Selection,GENOMIC,Homo sapiens,ILLUMINA,2019-12-31T00:00:00Z,2019-08-16T06:09:00Z,1,BMD00354,missing,SRP193431,Plasma
SRR9982357,missing,Bisulfite-Seq,295,5126115648,"Peking Union\, Naixin Liang",PRJNA534206,SAMN12258487,Human,1825609094,DEPARTMENT OF THORACIC SURGERY,public,"fastq,sra,run.zq","ncbi,gs,s3","s3.us-east-1,gs.us-east1,ncbi.public",SRX6723247,Illumina NovaSeq 6000,BMD00353,BMD00353,PAIRED,Hybrid Selection,GENOMIC,Homo sapiens,ILLUMINA,2019-12-31T00:00:00Z,2019-08-16T06:07:00Z,1,BMD00353,missing,SRP193431,Plasma
SRR9982358,missing,Bisulfite-Seq,294,6513614694,"Peking Union\, Naixin Liang",PRJNA534206,SAMN12258486,Human,2304296081,DEPARTMENT OF THORACIC SURGERY,public,"run.zq,sra,fastq","gs,ncbi,s3","s3.us-east-1,gs.us-east1,ncbi.public",SRX6723246,Illumina NovaSeq 6000,BMD00352,BMD00352,PAIRED,Hybrid Selection,GENOMIC,Homo sapiens,ILLUMINA,2019-12-31T00:00:00Z,2019-08-16T06:11:00Z,1,BMD00352,missing,SRP193431,Plasma
SRR9982359,missing,Bisulfite-Seq,296,5649837788,"Peking Union\, Naixin Liang",PRJNA534206,SAMN12258485,Human,2019768725,DEPARTMENT OF THORACIC SURGERY,public,"run.zq,sra,fastq","s3,ncbi,gs","gs.us-east1,ncbi.public,s3.us-east-1",SRX6723245,Illumina NovaSeq 6000,BMD00351,BMD00351,PAIRED,Hybrid Selection,GENOMIC,Homo sapiens,ILLUMINA,2019-12-31T00:00:00Z,2019-08-16T06:08:00Z,1,BMD00351,missing,SRP193431,Plasma
SRR9982360,missing,Bisulfite-Seq,294,4510293812,"Peking Union\, Naixin Liang",PRJNA534206,SAMN12258351,Human,1734603695,DEPARTMENT OF THORACIC SURGERY,public,"sra,run.zq,fastq","gs,ncbi,s3","gs.us-east1,s3.us-east-1,ncbi.public",SRX6723244,Illumina NovaSeq 6000,BMD00217,BMD00217,PAIRED,Hybrid Selection,GENOMIC,Homo sapiens,ILLUMINA,2019-12-31T00:00:00Z,2019-08-16T06:06:00Z,1,BMD00217,missing,SRP193431,Plasma
SRR9982361,missing,Bisulfite-Seq,294,4756261706,"Peking Union\, Naixin Liang",PRJNA534206,SAMN12258352,Human,1814944449,DEPARTMENT OF THORACIC SURGERY,public,"fastq,sra,run.zq","gs,ncbi,s3","gs.us-east1,ncbi.public,s3.us-east-1",SRX6723243,Illumina NovaSeq 6000,BMD00218,BMD00218,PAIRED,Hybrid Selection,GENOMIC,Homo sapiens,ILLUMINA,2019-12-31T00:00:00Z,2019-08-16T06:06:00Z,1,BMD00218,missing,SRP193431,Plasma
SRR9982362,missing,Bisulfite-Seq,294,3810520940,"Peking Union\, Naixin Liang",PRJNA534206,SAMN12258349,Human,1461172389,DEPARTMENT OF THORACIC SURGERY,public,"run.zq,sra,fastq","gs,ncbi,s3","gs.us-east1,s3.us-east-1,ncbi.public",SRX6723242,Illumina NovaSeq 6000,BMD00215,BMD00215,PAIRED,Hybrid Selection,GENOMIC,Homo sapiens,ILLUMINA,2019-12-31T00:00:00Z,2019-08-16T06:04:00Z,1,BMD00215,missing,SRP193431,Plasma
SRR9982363,missing,Bisulfite-Seq,293,4843413424,"Peking Union\, Naixin Liang",PRJNA534206,SAMN12258350,Human,1882396527,DEPARTMENT OF THORACIC SURGERY,public,"sra,fastq,run.zq","gs,s3,ncbi","ncbi.public,gs.us-east1,s3.us-east-1",SRX6723241,Illumina NovaSeq 6000,BMD00216,BMD00216,PAIRED,Hybrid Selection,GENOMIC,Homo sapiens,ILLUMINA,2019-12-31T00:00:00Z,2019-08-16T06:06:00Z,1,BMD00216,missing,SRP193431,Plasma
SRR9982364,missing,Bisulfite-Seq,293,4477537554,"Peking Union\, Naixin Liang",PRJNA534206,SAMN12258347,Human,1696013948,DEPARTMENT OF THORACIC SURGERY,public,"run.zq,sra,fastq","ncbi,gs,s3","ncbi.public,gs.us-east1,s3.us-east-1",SRX6723240,Illumina NovaSeq 6000,BMD00213,BMD00213,PAIRED,Hybrid Selection,GENOMIC,Homo sapiens,ILLUMINA,2019-12-31T00:00:00Z,2019-08-16T06:08:00Z,1,BMD00213,missing,SRP193431,Plasma
SRR9982365,missing,Bisulfite-Seq,293,4289196041,"Peking Union\, Naixin Liang",PRJNA534206,SAMN12258348,Human,1649019987,DEPARTMENT OF THORACIC SURGERY,public,"sra,fastq,run.zq","s3,ncbi,gs","gs.us-east1,s3.us-east-1,ncbi.public",SRX6723239,Illumina NovaSeq 6000,BMD00214,BMD00214,PAIRED,Hybrid Selection,GENOMIC,Homo sapiens,ILLUMINA,2019-12-31T00:00:00Z,2019-08-16T06:06:00Z,1,BMD00214,missing,SRP193431,Plasma
SRR9982366,missing,Bisulfite-Seq,292,4026320325,"Peking Union\, Naixin Liang",PRJNA534206,SAMN12258345,Human,1535507998,DEPARTMENT OF THORACIC SURGERY,public,"sra,run.zq,fastq","s3,gs,ncbi","s3.us-east-1,gs.us-east1,ncbi.public",SRX6723238,Illumina NovaSeq 6000,BMD00211,BMD00211,PAIRED,Hybrid Selection,GENOMIC,Homo sapiens,ILLUMINA,2019-12-31T00:00:00Z,2019-08-16T06:06:00Z,1,BMD00211,missing,SRP193431,Plasma
SRR9982367,missing,Bisulfite-Seq,293,4037584914,"Peking Union\, Naixin Liang",PRJNA534206,SAMN12258346,Human,1545935617,DEPARTMENT OF THORACIC SURGERY,public,"sra,fastq,run.zq","gs,s3,ncbi","s3.us-east-1,ncbi.public,gs.us-east1",SRX6723237,Illumina NovaSeq 6000,BMD00212,BMD00212,PAIRED,Hybrid Selection,GENOMIC,Homo sapiens,ILLUMINA,2019-12-31T00:00:00Z,2019-08-16T06:10:00Z,1,BMD00212,missing,SRP193431,Plasma
SRR9982368,missing,Bisulfite-Seq,295,6049879184,"Peking Union\, Naixin Liang",PRJNA534206,SAMN12258734,Human,2265916892,DEPARTMENT OF THORACIC SURGERY,public,"fastq,sra,run.zq","gs,ncbi,s3","gs.us-east1,s3.us-east-1,ncbi.public",SRX6723236,Illumina NovaSeq 6000,BMD00602,BMD00602,PAIRED,Hybrid Selection,GENOMIC,Homo sapiens,ILLUMINA,2019-12-31T00:00:00Z,2019-08-16T06:14:00Z,1,BMD00602,missing,SRP193431,Plasma
SRR9982369,missing,Bisulfite-Seq,295,5588997630,"Peking Union\, Naixin Liang",PRJNA534206,SAMN12258733,Human,2181636395,DEPARTMENT OF THORACIC SURGERY,public,"run.zq,sra,fastq","s3,gs,ncbi","ncbi.public,s3.us-east-1,gs.us-east1",SRX6723235,Illumina NovaSeq 6000,BMD00601,BMD00601,PAIRED,Hybrid Selection,GENOMIC,Homo sapiens,ILLUMINA,2019-12-31T00:00:00Z,2019-08-16T06:11:00Z,1,BMD00601,missing,SRP193431,Plasma
SRR9982370,missing,Bisulfite-Seq,296,3995780506,"Peking Union\, Naixin Liang",PRJNA534206,SAMN12259006,Human,1453852765,DEPARTMENT OF THORACIC SURGERY,public,"sra,run.zq,fastq","s3,ncbi,gs","ncbi.public,gs.us-east1,s3.us-east-1",SRX6723234,Illumina NovaSeq 6000,BMD00876,BMD00876,PAIRED,Hybrid Selection,GENOMIC,Homo sapiens,ILLUMINA,2019-12-31T00:00:00Z,2019-08-16T06:09:00Z,1,BMD00876,missing,SRP193431,Plasma
SRR9982371,missing,Bisulfite-Seq,293,5389647158,"Peking Union\, Naixin Liang",PRJNA534206,SAMN12258785,Human,2024966697,DEPARTMENT OF THORACIC SURGERY,public,"run.zq,sra,fastq","ncbi,s3,gs","gs.us-east1,ncbi.public,s3.us-east-1",SRX6723784,Illumina NovaSeq 6000,BMD00677,BMD00677,PAIRED,Hybrid Selection,GENOMIC,Homo sapiens,ILLUMINA,2019-12-31T00:00:00Z,2019-08-16T06:12:00Z,1,BMD00677,missing,SRP193431,Plasma
SRR9982372,missing,Bisulfite-Seq,297,4436497055,"Peking Union\, Naixin Liang",PRJNA534206,SAMN12258205,Human,1570082067,DEPARTMENT OF THORACIC SURGERY,public,"run.zq,fastq,sra","ncbi,gs,s3","ncbi.public,s3.us-east-1,gs.us-east1",SRX6723783,Illumina NovaSeq 6000,BMD00071,BMD00071,PAIRED,Hybrid Selection,GENOMIC,Homo sapiens,ILLUMINA,2019-12-31T00:00:00Z,2019-08-16T06:12:00Z,1,BMD00071,missing,SRP193431,Plasma
SRR9982373,missing,Bisulfite-Seq,297,3948308129,"Peking Union\, Naixin Liang",PRJNA534206,SAMN12258208,Human,1405135582,DEPARTMENT OF THORACIC SURGERY,public,"run.zq,sra,fastq","gs,s3,ncbi","ncbi.public,s3.us-east-1,gs.us-east1",SRX6723782,Illumina NovaSeq 6000,BMD00074,BMD00074,PAIRED,Hybrid Selection,GENOMIC,Homo sapiens,ILLUMINA,2019-12-31T00:00:00Z,2019-08-16T06:11:00Z,1,BMD00074,missing,SRP193431,Plasma
SRR9982374,missing,Bisulfite-Seq,297,3422824005,"Peking Union\, Naixin Liang",PRJNA534206,SAMN12258207,Human,1224071991,DEPARTMENT OF THORACIC SURGERY,public,"sra,fastq,run.zq","gs,ncbi,s3","s3.us-east-1,ncbi.public,gs.us-east1",SRX6723781,Illumina NovaSeq 6000,BMD00073,BMD00073,PAIRED,Hybrid Selection,GENOMIC,Homo sapiens,ILLUMINA,2019-12-31T00:00:00Z,2019-08-16T06:11:00Z,1,BMD00073,missing,SRP193431,Plasma
SRR9982375,missing,Bisulfite-Seq,298,6942050929,"Peking Union\, Naixin Liang",PRJNA534206,SAMN12258254,Human,2413848090,DEPARTMENT OF THORACIC SURGERY,public,"run.zq,sra,fastq","ncbi,s3,gs","ncbi.public,s3.us-east-1,gs.us-east1",SRX6723780,Illumina NovaSeq 6000,BMD00120,BMD00120,PAIRED,Hybrid Selection,GENOMIC,Homo sapiens,ILLUMINA,2019-12-31T00:00:00Z,2019-08-16T06:14:00Z,1,BMD00120,missing,SRP193431,Plasma
SRR9982376,missing,Bisulfite-Seq,298,6283265845,"Peking Union\, Naixin Liang",PRJNA534206,SAMN12258253,Human,2237948105,DEPARTMENT OF THORACIC SURGERY,public,"sra,run.zq,fastq","ncbi,gs,s3","s3.us-east-1,ncbi.public,gs.us-east1",SRX6723779,Illumina NovaSeq 6000,BMD00119,BMD00119,PAIRED,Hybrid Selection,GENOMIC,Homo sapiens,ILLUMINA,2019-12-31T00:00:00Z,2019-08-16T06:18:00Z,1,BMD00119,missing,SRP193431,Plasma
SRR9982377,missing,Bisulfite-Seq,293,5067089610,"Peking Union\, Naixin Liang",PRJNA534206,SAMN12258786,Human,1902191311,DEPARTMENT OF THORACIC SURGERY,public,"sra,fastq,run.zq","gs,s3,ncbi","ncbi.public,gs.us-east1,s3.us-east-1",SRX6723778,Illumina NovaSeq 6000,BMD00678,BMD00678,PAIRED,Hybrid Selection,GENOMIC,Homo sapiens,ILLUMINA,2019-12-31T00:00:00Z,2019-08-16T06:12:00Z,1,BMD00678,missing,SRP193431,Plasma
SRR9982378,missing,Bisulfite-Seq,296,4165825993,"Peking Union\, Naixin Liang",PRJNA534206,SAMN12258211,Human,1483553170,DEPARTMENT OF THORACIC SURGERY,public,"run.zq,fastq,sra","gs,ncbi,s3","ncbi.public,s3.us-east-1,gs.us-east1",SRX6723777,Illumina NovaSeq 6000,BMD00077,BMD00077,PAIRED,Hybrid Selection,GENOMIC,Homo sapiens,ILLUMINA,2019-12-31T00:00:00Z,2019-08-16T06:12:00Z,1,BMD00077,missing,SRP193431,Plasma
SRR9982379,missing,Bisulfite-Seq,296,5380814375,"Peking Union\, Naixin Liang",PRJNA534206,SAMN12258323,Human,2051523719,DEPARTMENT OF THORACIC SURGERY,public,"run.zq,sra,fastq","s3,ncbi,gs","gs.us-east1,s3.us-east-1,ncbi.public",SRX6723776,Illumina NovaSeq 6000,BMD00189,BMD00189,PAIRED,Hybrid Selection,GENOMIC,Homo sapiens,ILLUMINA,2019-12-31T00:00:00Z,2019-08-16T06:14:00Z,1,BMD00189,missing,SRP193431,Plasma
SRR9982380,missing,Bisulfite-Seq,298,4238805448,"Peking Union\, Naixin Liang",PRJNA534206,SAMN12258324,Human,1560276337,DEPARTMENT OF THORACIC SURGERY,public,"run.zq,fastq,sra","s3,gs,ncbi","gs.us-east1,ncbi.public,s3.us-east-1",SRX6723775,Illumina NovaSeq 6000,BMD00190,BMD00190,PAIRED,Hybrid Selection,GENOMIC,Homo sapiens,ILLUMINA,2019-12-31T00:00:00Z,2019-08-16T06:13:00Z,1,BMD00190,missing,SRP193431,Plasma
SRR9982381,missing,Bisulfite-Seq,298,4343085850,"Peking Union\, Naixin Liang",PRJNA534206,SAMN12258321,Human,1627224457,DEPARTMENT OF THORACIC SURGERY,public,"fastq,sra,run.zq","gs,s3,ncbi","gs.us-east1,ncbi.public,s3.us-east-1",SRX6723774,Illumina NovaSeq 6000,BMD00187,BMD00187,PAIRED,Hybrid Selection,GENOMIC,Homo sapiens,ILLUMINA,2019-12-31T00:00:00Z,2019-08-16T06:13:00Z,1,BMD00187,missing,SRP193431,Plasma
SRR9982382,missing,Bisulfite-Seq,298,4160249496,"Peking Union\, Naixin Liang",PRJNA534206,SAMN12258322,Human,1560231336,DEPARTMENT OF THORACIC SURGERY,public,"fastq,sra,run.zq","ncbi,s3,gs","gs.us-east1,ncbi.public,s3.us-east-1",SRX6723773,Illumina NovaSeq 6000,BMD00188,BMD00188,PAIRED,Hybrid Selection,GENOMIC,Homo sapiens,ILLUMINA,2019-12-31T00:00:00Z,2019-08-16T06:13:00Z,1,BMD00188,missing,SRP193431,Plasma
SRR9982383,missing,Bisulfite-Seq,298,4796113822,"Peking Union\, Naixin Liang",PRJNA534206,SAMN12258319,Human,1806973162,DEPARTMENT OF THORACIC SURGERY,public,"fastq,run.zq,sra","gs,s3,ncbi","gs.us-east1,ncbi.public,s3.us-east-1",SRX6723772,Illumina NovaSeq 6000,BMD00185,BMD00185,PAIRED,Hybrid Selection,GENOMIC,Homo sapiens,ILLUMINA,2019-12-31T00:00:00Z,2019-08-16T06:14:00Z,1,BMD00185,missing,SRP193431,Plasma
SRR9982384,missing,Bisulfite-Seq,298,4705466071,"Peking Union\, Naixin Liang",PRJNA534206,SAMN12258320,Human,1796309902,DEPARTMENT OF THORACIC SURGERY,public,"fastq,sra,run.zq","ncbi,gs,s3","s3.us-east-1,ncbi.public,gs.us-east1",SRX6723771,Illumina NovaSeq 6000,BMD00186,BMD00186,PAIRED,Hybrid Selection,GENOMIC,Homo sapiens,ILLUMINA,2019-12-31T00:00:00Z,2019-08-16T06:15:00Z,1,BMD00186,missing,SRP193431,Plasma
SRR9982385,missing,Bisulfite-Seq,298,4863026870,"Peking Union\, Naixin Liang",PRJNA534206,SAMN12258317,Human,1810723058,DEPARTMENT OF THORACIC SURGERY,public,"fastq,run.zq,sra","s3,ncbi,gs","ncbi.public,s3.us-east-1,gs.us-east1",SRX6723770,Illumina NovaSeq 6000,BMD00183,BMD00183,PAIRED,Hybrid Selection,GENOMIC,Homo sapiens,ILLUMINA,2019-12-31T00:00:00Z,2019-08-16T06:15:00Z,1,BMD00183,missing,SRP193431,Plasma
SRR9982386,missing,Bisulfite-Seq,298,3819683381,"Peking Union\, Naixin Liang",PRJNA534206,SAMN12258318,Human,1415976395,DEPARTMENT OF THORACIC SURGERY,public,"run.zq,sra,fastq","gs,s3,ncbi","gs.us-east1,ncbi.public,s3.us-east-1",SRX6723769,Illumina NovaSeq 6000,BMD00184,BMD00184,PAIRED,Hybrid Selection,GENOMIC,Homo sapiens,ILLUMINA,2019-12-31T00:00:00Z,2019-08-16T06:12:00Z,1,BMD00184,missing,SRP193431,Plasma
SRR9982387,missing,Bisulfite-Seq,298,4734148654,"Peking Union\, Naixin Liang",PRJNA534206,SAMN12258315,Human,1756342016,DEPARTMENT OF THORACIC SURGERY,public,"sra,fastq,run.zq","s3,ncbi,gs","gs.us-east1,s3.us-east-1,ncbi.public",SRX6723768,Illumina NovaSeq 6000,BMD00181,BMD00181,PAIRED,Hybrid Selection,GENOMIC,Homo sapiens,ILLUMINA,2019-12-31T00:00:00Z,2019-08-16T06:12:00Z,1,BMD00181,missing,SRP193431,Plasma
SRR9982388,missing,Bisulfite-Seq,296,4233021049,"Peking Union\, Naixin Liang",PRJNA534206,SAMN12258316,Human,1603662904,DEPARTMENT OF THORACIC SURGERY,public,"fastq,sra,run.zq","ncbi,gs,s3","s3.us-east-1,gs.us-east1,ncbi.public",SRX6723767,Illumina NovaSeq 6000,BMD00182,BMD00182,PAIRED,Hybrid Selection,GENOMIC,Homo sapiens,ILLUMINA,2019-12-31T00:00:00Z,2019-08-16T06:12:00Z,1,BMD00182,missing,SRP193431,Plasma
SRR9982389,missing,Bisulfite-Seq,279,6297187187,"Peking Union\, Naixin Liang",PRJNA534206,SAMN12258585,Human,2187980065,DEPARTMENT OF THORACIC SURGERY,public,"fastq,sra,run.zq","s3,gs,ncbi","gs.us-east1,s3.us-east-1,ncbi.public",SRX6723766,Illumina NovaSeq 6000,BMD00452,BMD00452,PAIRED,Hybrid Selection,GENOMIC,Homo sapiens,ILLUMINA,2019-12-31T00:00:00Z,2019-08-16T06:18:00Z,1,BMD00452,missing,SRP193431,Plasma
SRR9982390,missing,Bisulfite-Seq,280,3470099924,"Peking Union\, Naixin Liang",PRJNA534206,SAMN12258586,Human,1209950365,DEPARTMENT OF THORACIC SURGERY,public,"run.zq,sra,fastq","s3,ncbi,gs","s3.us-east-1,ncbi.public,gs.us-east1",SRX6723765,Illumina NovaSeq 6000,BMD00453,BMD00453,PAIRED,Hybrid Selection,GENOMIC,Homo sapiens,ILLUMINA,2019-12-31T00:00:00Z,2019-08-16T06:13:00Z,1,BMD00453,missing,SRP193431,Plasma
SRR9982391,missing,Bisulfite-Seq,279,3443342562,"Peking Union\, Naixin Liang",PRJNA534206,SAMN12258587,Human,1200032255,DEPARTMENT OF THORACIC SURGERY,public,"sra,run.zq,fastq","gs,ncbi,s3","s3.us-east-1,gs.us-east1,ncbi.public",SRX6723764,Illumina NovaSeq 6000,BMD00454,BMD00454,PAIRED,Hybrid Selection,GENOMIC,Homo sapiens,ILLUMINA,2019-12-31T00:00:00Z,2019-08-16T06:12:00Z,1,BMD00454,missing,SRP193431,Plasma
SRR9982392,missing,Bisulfite-Seq,281,2584515318,"Peking Union\, Naixin Liang",PRJNA534206,SAMN12258588,Human,899587145,DEPARTMENT OF THORACIC SURGERY,public,"fastq,run.zq,sra","s3,gs,ncbi","ncbi.public,s3.us-east-1,gs.us-east1",SRX6723763,Illumina NovaSeq 6000,BMD00455,BMD00455,PAIRED,Hybrid Selection,GENOMIC,Homo sapiens,ILLUMINA,2019-12-31T00:00:00Z,2019-08-16T06:11:00Z,1,BMD00455,missing,SRP193431,Plasma
SRR9982393,missing,Bisulfite-Seq,282,3470637118,"Peking Union\, Naixin Liang",PRJNA534206,SAMN12258589,Human,1216073628,DEPARTMENT OF THORACIC SURGERY,public,"fastq,run.zq,sra","s3,ncbi,gs","gs.us-east1,ncbi.public,s3.us-east-1",SRX6723762,Illumina NovaSeq 6000,BMD00456,BMD00456,PAIRED,Hybrid Selection,GENOMIC,Homo sapiens,ILLUMINA,2019-12-31T00:00:00Z,2019-08-16T06:12:00Z,1,BMD00456,missing,SRP193431,Plasma
SRR9982394,missing,Bisulfite-Seq,282,4446292468,"Peking Union\, Naixin Liang",PRJNA534206,SAMN12258590,Human,1562775940,DEPARTMENT OF THORACIC SURGERY,public,"sra,fastq,run.zq","s3,gs,ncbi","gs.us-east1,ncbi.public,s3.us-east-1",SRX6723761,Illumina NovaSeq 6000,BMD00457,BMD00457,PAIRED,Hybrid Selection,GENOMIC,Homo sapiens,ILLUMINA,2019-12-31T00:00:00Z,2019-08-16T06:14:00Z,1,BMD00457,missing,SRP193431,Plasma
SRR9982395,missing,Bisulfite-Seq,282,5207761812,"Peking Union\, Naixin Liang",PRJNA534206,SAMN12258591,Human,1831084888,DEPARTMENT OF THORACIC SURGERY,public,"run.zq,fastq,sra","ncbi,s3,gs","gs.us-east1,ncbi.public,s3.us-east-1",SRX6723760,Illumina NovaSeq 6000,BMD00458,BMD00458,PAIRED,Hybrid Selection,GENOMIC,Homo sapiens,ILLUMINA,2019-12-31T00:00:00Z,2019-08-16T06:16:00Z,1,BMD00458,missing,SRP193431,Plasma
SRR9982396,missing,Bisulfite-Seq,282,4518516795,"Peking Union\, Naixin Liang",PRJNA534206,SAMN12258592,Human,1572986507,DEPARTMENT OF THORACIC SURGERY,public,"run.zq,sra,fastq","gs,s3,ncbi","gs.us-east1,ncbi.public,s3.us-east-1",SRX6723759,Illumina NovaSeq 6000,BMD00459,BMD00459,PAIRED,Hybrid Selection,GENOMIC,Homo sapiens,ILLUMINA,2019-12-31T00:00:00Z,2019-08-16T06:13:00Z,1,BMD00459,missing,SRP193431,Plasma
SRR9982397,missing,Bisulfite-Seq,283,4268198998,"Peking Union\, Naixin Liang",PRJNA534206,SAMN12258593,Human,1500236461,DEPARTMENT OF THORACIC SURGERY,public,"fastq,run.zq,sra","ncbi,gs,s3","ncbi.public,s3.us-east-1,gs.us-east1",SRX6723758,Illumina NovaSeq 6000,BMD00460,BMD00460,PAIRED,Hybrid Selection,GENOMIC,Homo sapiens,ILLUMINA,2019-12-31T00:00:00Z,2019-08-16T06:14:00Z,1,BMD00460,missing,SRP193431,Plasma
SRR9982398,missing,Bisulfite-Seq,282,4440774406,"Peking Union\, Naixin Liang",PRJNA534206,SAMN12258594,Human,1558016318,DEPARTMENT OF THORACIC SURGERY,public,"run.zq,sra,fastq","gs,ncbi,s3","gs.us-east1,ncbi.public,s3.us-east-1",SRX6723757,Illumina NovaSeq 6000,BMD00461,BMD00461,PAIRED,Hybrid Selection,GENOMIC,Homo sapiens,ILLUMINA,2019-12-31T00:00:00Z,2019-08-16T06:14:00Z,1,BMD00461,missing,SRP193431,Plasma
SRR9982399,missing,Bisulfite-Seq,301,7486586341,"Peking Union\, Naixin Liang",PRJNA534206,SAMN12258761,Human,2644803178,DEPARTMENT OF THORACIC SURGERY,public,"run.zq,fastq,sra","ncbi,gs,s3","s3.us-east-1,gs.us-east1,ncbi.public",SRX6723756,Illumina NovaSeq 6000,BMD00629,BMD00629,PAIRED,Hybrid Selection,GENOMIC,Homo sapiens,ILLUMINA,2019-12-31T00:00:00Z,2019-08-16T06:17:00Z,1,BMD00629,missing,SRP193431,Plasma
SRR9982400,missing,Bisulfite-Seq,293,5043243509,"Peking Union\, Naixin Liang",PRJNA534206,SAMN12258885,Human,1850418603,DEPARTMENT OF THORACIC SURGERY,public,"sra,fastq,run.zq","gs,ncbi,s3","ncbi.public,s3.us-east-1,gs.us-east1",SRX6723755,Illumina NovaSeq 6000,BMD00766,BMD00766,PAIRED,Hybrid Selection,GENOMIC,Homo sapiens,ILLUMINA,2019-12-31T00:00:00Z,2019-08-16T06:15:00Z,1,BMD00766,missing,SRP193431,Plasma
SRR9982401,missing,Bisulfite-Seq,293,5577378174,"Peking Union\, Naixin Liang",PRJNA534206,SAMN12258892,Human,2116712649,DEPARTMENT OF THORACIC SURGERY,public,"sra,fastq,run.zq","ncbi,s3,gs","ncbi.public,s3.us-east-1,gs.us-east1",SRX6723754,Illumina NovaSeq 6000,BMD00773,BMD00773,PAIRED,Hybrid Selection,GENOMIC,Homo sapiens,ILLUMINA,2019-12-31T00:00:00Z,2019-08-16T06:15:00Z,1,BMD00773,missing,SRP193431,Plasma
SRR9982402,missing,Bisulfite-Seq,293,6152504186,"Peking Union\, Naixin Liang",PRJNA534206,SAMN12258891,Human,2245349934,DEPARTMENT OF THORACIC SURGERY,public,"fastq,sra,run.zq","gs,ncbi,s3","gs.us-east1,ncbi.public,s3.us-east-1",SRX6723753,Illumina NovaSeq 6000,BMD00772,BMD00772,PAIRED,Hybrid Selection,GENOMIC,Homo sapiens,ILLUMINA,2019-12-31T00:00:00Z,2019-08-16T06:16:00Z,1,BMD00772,missing,SRP193431,Plasma
SRR9982403,missing,Bisulfite-Seq,294,5361174520,"Peking Union\, Naixin Liang",PRJNA534206,SAMN12258890,Human,2035298736,DEPARTMENT OF THORACIC SURGERY,public,"fastq,run.zq,sra","s3,gs,ncbi","ncbi.public,s3.us-east-1,gs.us-east1",SRX6723752,Illumina NovaSeq 6000,BMD00771,BMD00771,PAIRED,Hybrid Selection,GENOMIC,Homo sapiens,ILLUMINA,2019-12-31T00:00:00Z,2019-08-16T06:14:00Z,1,BMD00771,missing,SRP193431,Plasma
SRR9982404,missing,Bisulfite-Seq,293,6351993439,"Peking Union\, Naixin Liang",PRJNA534206,SAMN12258889,Human,2348137967,DEPARTMENT OF THORACIC SURGERY,public,"fastq,sra,run.zq","gs,s3,ncbi","s3.us-east-1,ncbi.public,gs.us-east1",SRX6723751,Illumina NovaSeq 6000,BMD00770,BMD00770,PAIRED,Hybrid Selection,GENOMIC,Homo sapiens,ILLUMINA,2019-12-31T00:00:00Z,2019-08-16T06:19:00Z,1,BMD00770,missing,SRP193431,Plasma
SRR9982405,missing,Bisulfite-Seq,301,8409942306,"Peking Union\, Naixin Liang",PRJNA534206,SAMN12258760,Human,2980397426,DEPARTMENT OF THORACIC SURGERY,public,"run.zq,fastq,sra","s3,ncbi,gs","s3.us-east-1,ncbi.public,gs.us-east1",SRX6723750,Illumina NovaSeq 6000,BMD00628,BMD00628,PAIRED,Hybrid Selection,GENOMIC,Homo sapiens,ILLUMINA,2019-12-31T00:00:00Z,2019-08-16T06:22:00Z,1,BMD00628,missing,SRP193431,Plasma
SRR9982406,missing,Bisulfite-Seq,301,6300203701,"Peking Union\, Naixin Liang",PRJNA534206,SAMN12258759,Human,2226691933,DEPARTMENT OF THORACIC SURGERY,public,"sra,run.zq,fastq","ncbi,s3,gs","s3.us-east-1,ncbi.public,gs.us-east1",SRX6723749,Illumina NovaSeq 6000,BMD00627,BMD00627,PAIRED,Hybrid Selection,GENOMIC,Homo sapiens,ILLUMINA,2019-12-31T00:00:00Z,2019-08-16T06:18:00Z,1,BMD00627,missing,SRP193431,Plasma
SRR9982407,missing,Bisulfite-Seq,282,6567730520,"Peking Union\, Naixin Liang",PRJNA534206,SAMN12258581,Human,2296112626,DEPARTMENT OF THORACIC SURGERY,public,"sra,fastq,run.zq","ncbi,gs,s3","ncbi.public,s3.us-east-1,gs.us-east1",SRX6723748,Illumina NovaSeq 6000,BMD00448,BMD00448,PAIRED,Hybrid Selection,GENOMIC,Homo sapiens,ILLUMINA,2019-12-31T00:00:00Z,2019-08-16T06:17:00Z,1,BMD00448,missing,SRP193431,Plasma
SRR9982408,missing,Bisulfite-Seq,301,5723028422,"Peking Union\, Naixin Liang",PRJNA534206,SAMN12258758,Human,2032668929,DEPARTMENT OF THORACIC SURGERY,public,"fastq,sra,run.zq","gs,ncbi,s3","gs.us-east1,s3.us-east-1,ncbi.public",SRX6723747,Illumina NovaSeq 6000,BMD00626,BMD00626,PAIRED,Hybrid Selection,GENOMIC,Homo sapiens,ILLUMINA,2019-12-31T00:00:00Z,2019-08-16T06:17:00Z,1,BMD00626,missing,SRP193431,Plasma
SRR9982409,missing,Bisulfite-Seq,301,5692824628,"Peking Union\, Naixin Liang",PRJNA534206,SAMN12258757,Human,2018854725,DEPARTMENT OF THORACIC SURGERY,public,"run.zq,fastq,sra","s3,gs,ncbi","gs.us-east1,s3.us-east-1,ncbi.public",SRX6723746,Illumina NovaSeq 6000,BMD00625,BMD00625,PAIRED,Hybrid Selection,GENOMIC,Homo sapiens,ILLUMINA,2019-12-31T00:00:00Z,2019-08-16T06:17:00Z,1,BMD00625,missing,SRP193431,Plasma
SRR9982410,missing,Bisulfite-Seq,301,6383742774,"Peking Union\, Naixin Liang",PRJNA534206,SAMN12258756,Human,2265910754,DEPARTMENT OF THORACIC SURGERY,public,"sra,fastq,run.zq","s3,gs,ncbi","s3.us-east-1,gs.us-east1,ncbi.public",SRX6723745,Illumina NovaSeq 6000,BMD00624,BMD00624,PAIRED,Hybrid Selection,GENOMIC,Homo sapiens,ILLUMINA,2019-12-31T00:00:00Z,2019-08-16T06:19:00Z,1,BMD00624,missing,SRP193431,Plasma
SRR9982411,missing,Bisulfite-Seq,301,6295359817,"Peking Union\, Naixin Liang",PRJNA534206,SAMN12258755,Human,2247541399,DEPARTMENT OF THORACIC SURGERY,public,"sra,run.zq,fastq","s3,ncbi,gs","ncbi.public,s3.us-east-1,gs.us-east1",SRX6723744,Illumina NovaSeq 6000,BMD00623,BMD00623,PAIRED,Hybrid Selection,GENOMIC,Homo sapiens,ILLUMINA,2019-12-31T00:00:00Z,2019-08-16T06:18:00Z,1,BMD00623,missing,SRP193431,Plasma
SRR9982412,missing,Bisulfite-Seq,293,5603209707,"Peking Union\, Naixin Liang",PRJNA534206,SAMN12258780,Human,2109200201,DEPARTMENT OF THORACIC SURGERY,public,"fastq,sra,run.zq","gs,ncbi,s3","gs.us-east1,ncbi.public,s3.us-east-1",SRX6723743,Illumina NovaSeq 6000,BMD00672,BMD00672,PAIRED,Hybrid Selection,GENOMIC,Homo sapiens,ILLUMINA,2019-12-31T00:00:00Z,2019-08-16T06:16:00Z,1,BMD00672,missing,SRP193431,Plasma
SRR9982413,missing,Bisulfite-Seq,301,5558560294,"Peking Union\, Naixin Liang",PRJNA534206,SAMN12258745,Human,1995563812,DEPARTMENT OF THORACIC SURGERY,public,"fastq,run.zq,sra","ncbi,gs,s3","s3.us-east-1,ncbi.public,gs.us-east1",SRX6723742,Illumina NovaSeq 6000,BMD00613,BMD00613,PAIRED,Hybrid Selection,GENOMIC,Homo sapiens,ILLUMINA,2019-12-31T00:00:00Z,2019-08-16T06:18:00Z,1,BMD00613,missing,SRP193431,Plasma
SRR9982414,missing,Bisulfite-Seq,293,6175428078,"Peking Union\, Naixin Liang",PRJNA534206,SAMN12258944,Human,2231647976,DEPARTMENT OF THORACIC SURGERY,public,"run.zq,fastq,sra","ncbi,gs,s3","s3.us-east-1,gs.us-east1,ncbi.public",SRX6723741,Illumina NovaSeq 6000,BMD00667,BMD00667,PAIRED,Hybrid Selection,GENOMIC,Homo sapiens,ILLUMINA,2019-12-31T00:00:00Z,2019-08-16T06:17:00Z,1,BMD00667,missing,SRP193431,Plasma
SRR9982415,missing,Bisulfite-Seq,294,4204425657,"Peking Union\, Naixin Liang",PRJNA534206,SAMN12258883,Human,1580896597,DEPARTMENT OF THORACIC SURGERY,public,"sra,run.zq,fastq","gs,s3,ncbi","ncbi.public,s3.us-east-1,gs.us-east1",SRX6723740,Illumina NovaSeq 6000,BMD00764,BMD00764,PAIRED,Hybrid Selection,GENOMIC,Homo sapiens,ILLUMINA,2019-12-31T00:00:00Z,2019-08-16T06:14:00Z,1,BMD00764,missing,SRP193431,Plasma
SRR9982416,missing,Bisulfite-Seq,293,6296179639,"Peking Union\, Naixin Liang",PRJNA534206,SAMN12258940,Human,2286251818,DEPARTMENT OF THORACIC SURGERY,public,"run.zq,sra,fastq","ncbi,gs,s3","gs.us-east1,ncbi.public,s3.us-east-1",SRX6723739,Illumina NovaSeq 6000,BMD00663,BMD00663,PAIRED,Hybrid Selection,GENOMIC,Homo sapiens,ILLUMINA,2019-12-31T00:00:00Z,2019-08-16T06:20:00Z,1,BMD00663,missing,SRP193431,Plasma
SRR9982417,missing,Bisulfite-Seq,292,5496166690,"Peking Union\, Naixin Liang",PRJNA534206,SAMN12258779,Human,2062141294,DEPARTMENT OF THORACIC SURGERY,public,"run.zq,fastq,sra","s3,gs,ncbi","s3.us-east-1,ncbi.public,gs.us-east1",SRX6723738,Illumina NovaSeq 6000,BMD00671,BMD00671,PAIRED,Hybrid Selection,GENOMIC,Homo sapiens,ILLUMINA,2019-12-31T00:00:00Z,2019-08-16T06:20:00Z,1,BMD00671,missing,SRP193431,Plasma
SRR9982418,missing,Bisulfite-Seq,301,7384047118,"Peking Union\, Naixin Liang",PRJNA534206,SAMN12258746,Human,2625527919,DEPARTMENT OF THORACIC SURGERY,public,"sra,run.zq,fastq","s3,ncbi,gs","s3.us-east-1,gs.us-east1,ncbi.public",SRX6723737,Illumina NovaSeq 6000,BMD00614,BMD00614,PAIRED,Hybrid Selection,GENOMIC,Homo sapiens,ILLUMINA,2019-12-31T00:00:00Z,2019-08-16T06:22:00Z,1,BMD00614,missing,SRP193431,Plasma
SRR9982419,missing,Bisulfite-Seq,295,5638596669,"Peking Union\, Naixin Liang",PRJNA534206,SAMN12259013,Human,2079813020,DEPARTMENT OF THORACIC SURGERY,public,"fastq,run.zq,sra","ncbi,s3,gs","gs.us-east1,ncbi.public,s3.us-east-1",SRX6723736,Illumina NovaSeq 6000,BMD00883,BMD00883,PAIRED,Hybrid Selection,GENOMIC,Homo sapiens,ILLUMINA,2019-12-31T00:00:00Z,2019-08-16T06:17:00Z,1,BMD00883,missing,SRP193431,Plasma
SRR9982420,missing,Bisulfite-Seq,291,5855528931,"Peking Union\, Naixin Liang",PRJNA534206,SAMN12259014,Human,2195988202,DEPARTMENT OF THORACIC SURGERY,public,"sra,fastq,run.zq","gs,s3,ncbi","gs.us-east1,ncbi.public,s3.us-east-1",SRX6723735,Illumina NovaSeq 6000,BMD00884,BMD00884,PAIRED,Hybrid Selection,GENOMIC,Homo sapiens,ILLUMINA,2019-12-31T00:00:00Z,2019-08-16T06:19:00Z,1,BMD00884,missing,SRP193431,Plasma
SRR9982421,missing,Bisulfite-Seq,295,5716425111,"Peking Union\, Naixin Liang",PRJNA534206,SAMN12259011,Human,2080883958,DEPARTMENT OF THORACIC SURGERY,public,"sra,run.zq,fastq","ncbi,gs,s3","ncbi.public,gs.us-east1,s3.us-east-1",SRX6723734,Illumina NovaSeq 6000,BMD00881,BMD00881,PAIRED,Hybrid Selection,GENOMIC,Homo sapiens,ILLUMINA,2019-12-31T00:00:00Z,2019-08-16T06:18:00Z,1,BMD00881,missing,SRP193431,Plasma
SRR9982422,missing,Bisulfite-Seq,295,6309316070,"Peking Union\, Naixin Liang",PRJNA534206,SAMN12259012,Human,2343476873,DEPARTMENT OF THORACIC SURGERY,public,"sra,fastq,run.zq","gs,ncbi,s3","ncbi.public,s3.us-east-1,gs.us-east1",SRX6723733,Illumina NovaSeq 6000,BMD00882,BMD00882,PAIRED,Hybrid Selection,GENOMIC,Homo sapiens,ILLUMINA,2019-12-31T00:00:00Z,2019-08-16T06:21:00Z,1,BMD00882,missing,SRP193431,Plasma
SRR9982423,missing,Bisulfite-Seq,294,5543706321,"Peking Union\, Naixin Liang",PRJNA534206,SAMN12259009,Human,2037540838,DEPARTMENT OF THORACIC SURGERY,public,"sra,run.zq,fastq","ncbi,s3,gs","gs.us-east1,ncbi.public,s3.us-east-1",SRX6723732,Illumina NovaSeq 6000,BMD00879,BMD00879,PAIRED,Hybrid Selection,GENOMIC,Homo sapiens,ILLUMINA,2019-12-31T00:00:00Z,2019-08-16T06:18:00Z,1,BMD00879,missing,SRP193431,Plasma
SRR9982424,missing,Bisulfite-Seq,295,6517805935,"Peking Union\, Naixin Liang",PRJNA534206,SAMN12259010,Human,2377427039,DEPARTMENT OF THORACIC SURGERY,public,"sra,fastq,run.zq","s3,ncbi,gs","s3.us-east-1,gs.us-east1,ncbi.public",SRX6723731,Illumina NovaSeq 6000,BMD00880,BMD00880,PAIRED,Hybrid Selection,GENOMIC,Homo sapiens,ILLUMINA,2019-12-31T00:00:00Z,2019-08-16T06:21:00Z,1,BMD00880,missing,SRP193431,Plasma
SRR9982425,missing,Bisulfite-Seq,290,5168024818,"Peking Union\, Naixin Liang",PRJNA534206,SAMN12258344,Human,1989512970,DEPARTMENT OF THORACIC SURGERY,public,"run.zq,sra,fastq","gs,s3,ncbi","s3.us-east-1,ncbi.public,gs.us-east1",SRX6723730,Illumina NovaSeq 6000,BMD00210,BMD00210,PAIRED,Hybrid Selection,GENOMIC,Homo sapiens,ILLUMINA,2019-12-31T00:00:00Z,2019-08-16T06:18:00Z,1,BMD00210,missing,SRP193431,Plasma
SRR9982426,missing,Bisulfite-Seq,296,5810276898,"Peking Union\, Naixin Liang",PRJNA534206,SAMN12259008,Human,2080158243,DEPARTMENT OF THORACIC SURGERY,public,"sra,run.zq,fastq","s3,ncbi,gs","gs.us-east1,ncbi.public,s3.us-east-1",SRX6723729,Illumina NovaSeq 6000,BMD00878,BMD00878,PAIRED,Hybrid Selection,GENOMIC,Homo sapiens,ILLUMINA,2019-12-31T00:00:00Z,2019-08-16T06:19:00Z,1,BMD00878,missing,SRP193431,Plasma
SRR9982427,missing,Bisulfite-Seq,296,6203591208,"Peking Union\, Naixin Liang",PRJNA534206,SAMN12259005,Human,2233505162,DEPARTMENT OF THORACIC SURGERY,public,"fastq,run.zq,sra","s3,ncbi,gs","gs.us-east1,ncbi.public,s3.us-east-1",SRX6723728,Illumina NovaSeq 6000,BMD00875,BMD00875,PAIRED,Hybrid Selection,GENOMIC,Homo sapiens,ILLUMINA,2019-12-31T00:00:00Z,2019-08-16T06:15:00Z,1,BMD00875,missing,SRP193431,Plasma
SRR9982428,missing,Bisulfite-Seq,301,6283115362,"Peking Union\, Naixin Liang",PRJNA534206,SAMN12258751,Human,2230515739,DEPARTMENT OF THORACIC SURGERY,public,"fastq,sra,run.zq","gs,s3,ncbi","gs.us-east1,s3.us-east-1,ncbi.public",SRX6723727,Illumina NovaSeq 6000,BMD00619,BMD00619,PAIRED,Hybrid Selection,GENOMIC,Homo sapiens,ILLUMINA,2019-12-31T00:00:00Z,2019-08-16T06:20:00Z,1,BMD00619,missing,SRP193431,Plasma
SRR9982429,missing,Bisulfite-Seq,290,4477943506,"Peking Union\, Naixin Liang",PRJNA534206,SAMN12258343,Human,1727612713,DEPARTMENT OF THORACIC SURGERY,public,"fastq,run.zq,sra","ncbi,s3,gs","gs.us-east1,ncbi.public,s3.us-east-1",SRX6723726,Illumina NovaSeq 6000,BMD00209,BMD00209,PAIRED,Hybrid Selection,GENOMIC,Homo sapiens,ILLUMINA,2019-12-31T00:00:00Z,2019-08-16T06:15:00Z,1,BMD00209,missing,SRP193431,Plasma
SRR9982430,missing,Bisulfite-Seq,301,5406365351,"Peking Union\, Naixin Liang",PRJNA534206,SAMN12258693,Human,1992123822,DEPARTMENT OF THORACIC SURGERY,public,"sra,fastq,run.zq","gs,ncbi,s3","gs.us-east1,ncbi.public,s3.us-east-1",SRX6723725,Illumina NovaSeq 6000,BMD00560,BMD00560,PAIRED,Hybrid Selection,GENOMIC,Homo sapiens,ILLUMINA,2019-12-31T00:00:00Z,2019-08-16T06:15:00Z,1,BMD00560,missing,SRP193431,Plasma
SRR9982431,missing,Bisulfite-Seq,290,4242977788,"Peking Union\, Naixin Liang",PRJNA534206,SAMN12258342,Human,1644284239,DEPARTMENT OF THORACIC SURGERY,public,"sra,fastq,run.zq","ncbi,gs,s3","s3.us-east-1,ncbi.public,gs.us-east1",SRX6723724,Illumina NovaSeq 6000,BMD00208,BMD00208,PAIRED,Hybrid Selection,GENOMIC,Homo sapiens,ILLUMINA,2019-12-31T00:00:00Z,2019-08-16T06:16:00Z,1,BMD00208,missing,SRP193431,Plasma
SRR9982432,missing,Bisulfite-Seq,295,4500754708,"Peking Union\, Naixin Liang",PRJNA534206,SAMN12258214,Human,1626207604,DEPARTMENT OF THORACIC SURGERY,public,"run.zq,sra,fastq","gs,ncbi,s3","gs.us-east1,ncbi.public,s3.us-east-1",SRX6723723,Illumina NovaSeq 6000,BMD00080,BMD00080,PAIRED,Hybrid Selection,GENOMIC,Homo sapiens,ILLUMINA,2019-12-31T00:00:00Z,2019-08-16T06:18:00Z,1,BMD00080,missing,SRP193431,Plasma
SRR9982433,missing,Bisulfite-Seq,297,4635037194,"Peking Union\, Naixin Liang",PRJNA534206,SAMN12258504,Human,1656014485,DEPARTMENT OF THORACIC SURGERY,public,"fastq,sra,run.zq","gs,ncbi,s3","ncbi.public,s3.us-east-1,gs.us-east1",SRX6723722,Illumina NovaSeq 6000,BMD00370,BMD00370,PAIRED,Hybrid Selection,GENOMIC,Homo sapiens,ILLUMINA,2019-12-31T00:00:00Z,2019-08-16T06:15:00Z,1,BMD00370,missing,SRP193431,Plasma
SRR9982434,missing,Bisulfite-Seq,296,5688363620,"Peking Union\, Naixin Liang",PRJNA534206,SAMN12258213,Human,2039478526,DEPARTMENT OF THORACIC SURGERY,public,"run.zq,fastq,sra","s3,gs,ncbi","ncbi.public,s3.us-east-1,gs.us-east1",SRX6723721,Illumina NovaSeq 6000,BMD00079,BMD00079,PAIRED,Hybrid Selection,GENOMIC,Homo sapiens,ILLUMINA,2019-12-31T00:00:00Z,2019-08-16T06:18:00Z,1,BMD00079,missing,SRP193431,Plasma
SRR9982435,missing,Bisulfite-Seq,282,5265195032,"Peking Union\, Naixin Liang",PRJNA534206,SAMN12258582,Human,1829706504,DEPARTMENT OF THORACIC SURGERY,public,"sra,run.zq,fastq","gs,s3,ncbi","s3.us-east-1,ncbi.public,gs.us-east1",SRX6723720,Illumina NovaSeq 6000,BMD00449,BMD00449,PAIRED,Hybrid Selection,GENOMIC,Homo sapiens,ILLUMINA,2019-12-31T00:00:00Z,2019-08-16T06:17:00Z,1,BMD00449,missing,SRP193431,Plasma
SRR9982436,missing,Bisulfite-Seq,294,5307619781,"Peking Union\, Naixin Liang",PRJNA534206,SAMN12258923,Human,2006882295,DEPARTMENT OF THORACIC SURGERY,public,"run.zq,fastq,sra","s3,gs,ncbi","gs.us-east1,s3.us-east-1,ncbi.public",SRX6723719,Illumina NovaSeq 6000,BMD00800,BMD00800,PAIRED,Hybrid Selection,GENOMIC,Homo sapiens,ILLUMINA,2019-12-31T00:00:00Z,2019-08-16T06:19:00Z,1,BMD00800,missing,SRP193431,Plasma
SRR9982437,missing,Bisulfite-Seq,295,4826478321,"Peking Union\, Naixin Liang",PRJNA534206,SAMN12258924,Human,1827591953,DEPARTMENT OF THORACIC SURGERY,public,"sra,fastq,run.zq","ncbi,gs,s3","gs.us-east1,ncbi.public,s3.us-east-1",SRX6723718,Illumina NovaSeq 6000,BMD00801,BMD00801,PAIRED,Hybrid Selection,GENOMIC,Homo sapiens,ILLUMINA,2019-12-31T00:00:00Z,2019-08-16T06:16:00Z,1,BMD00801,missing,SRP193431,Plasma
SRR9982438,missing,Bisulfite-Seq,294,5383298462,"Peking Union\, Naixin Liang",PRJNA534206,SAMN12258915,Human,2039666719,DEPARTMENT OF THORACIC SURGERY,public,"run.zq,fastq,sra","gs,ncbi,s3","s3.us-east-1,ncbi.public,gs.us-east1",SRX6723717,Illumina NovaSeq 6000,BMD00793,BMD00793,PAIRED,Hybrid Selection,GENOMIC,Homo sapiens,ILLUMINA,2019-12-31T00:00:00Z,2019-08-16T06:18:00Z,1,BMD00793,missing,SRP193431,Plasma
SRR9982439,missing,Bisulfite-Seq,294,5792490130,"Peking Union\, Naixin Liang",PRJNA534206,SAMN12258916,Human,2095876173,DEPARTMENT OF THORACIC SURGERY,public,"run.zq,sra,fastq","gs,s3,ncbi","ncbi.public,s3.us-east-1,gs.us-east1",SRX6723716,Illumina NovaSeq 6000,BMD00659,BMD00659,PAIRED,Hybrid Selection,GENOMIC,Homo sapiens,ILLUMINA,2019-12-31T00:00:00Z,2019-08-16T06:21:00Z,1,BMD00659,missing,SRP193431,Plasma
SRR9982440,missing,Bisulfite-Seq,294,6482773826,"Peking Union\, Naixin Liang",PRJNA534206,SAMN12258917,Human,2376873288,DEPARTMENT OF THORACIC SURGERY,public,"run.zq,fastq,sra","ncbi,gs,s3","ncbi.public,s3.us-east-1,gs.us-east1",SRX6723715,Illumina NovaSeq 6000,BMD00794,BMD00794,PAIRED,Hybrid Selection,GENOMIC,Homo sapiens,ILLUMINA,2019-12-31T00:00:00Z,2019-08-16T06:20:00Z,1,BMD00794,missing,SRP193431,Plasma
SRR9982441,missing,Bisulfite-Seq,294,7595079866,"Peking Union\, Naixin Liang",PRJNA534206,SAMN12258918,Human,2784571977,DEPARTMENT OF THORACIC SURGERY,public,"sra,fastq,run.zq","ncbi,gs,s3","gs.us-east1,ncbi.public,s3.us-east-1",SRX6723714,Illumina NovaSeq 6000,BMD00795,BMD00795,PAIRED,Hybrid Selection,GENOMIC,Homo sapiens,ILLUMINA,2019-12-31T00:00:00Z,2019-08-16T06:23:00Z,1,BMD00795,missing,SRP193431,Plasma
SRR9982442,missing,Bisulfite-Seq,293,5539369013,"Peking Union\, Naixin Liang",PRJNA534206,SAMN12258919,Human,2085234692,DEPARTMENT OF THORACIC SURGERY,public,"fastq,run.zq,sra","s3,gs,ncbi","gs.us-east1,ncbi.public,s3.us-east-1",SRX6723713,Illumina NovaSeq 6000,BMD00796,BMD00796,PAIRED,Hybrid Selection,GENOMIC,Homo sapiens,ILLUMINA,2019-12-31T00:00:00Z,2019-08-16T06:19:00Z,1,BMD00796,missing,SRP193431,Plasma
SRR9982443,missing,Bisulfite-Seq,294,5403466265,"Peking Union\, Naixin Liang",PRJNA534206,SAMN12258920,Human,2022746045,DEPARTMENT OF THORACIC SURGERY,public,"sra,run.zq,fastq","gs,s3,ncbi","gs.us-east1,s3.us-east-1,ncbi.public",SRX6723712,Illumina NovaSeq 6000,BMD00797,BMD00797,PAIRED,Hybrid Selection,GENOMIC,Homo sapiens,ILLUMINA,2019-12-31T00:00:00Z,2019-08-16T06:18:00Z,1,BMD00797,missing,SRP193431,Plasma
SRR9982444,missing,Bisulfite-Seq,294,5645749070,"Peking Union\, Naixin Liang",PRJNA534206,SAMN12258921,Human,2136345706,DEPARTMENT OF THORACIC SURGERY,public,"run.zq,fastq,sra","s3,gs,ncbi","ncbi.public,gs.us-east1,s3.us-east-1",SRX6723711,Illumina NovaSeq 6000,BMD00798,BMD00798,PAIRED,Hybrid Selection,GENOMIC,Homo sapiens,ILLUMINA,2019-12-31T00:00:00Z,2019-08-16T06:18:00Z,1,BMD00798,missing,SRP193431,Plasma
SRR9982445,missing,Bisulfite-Seq,294,4622552840,"Peking Union\, Naixin Liang",PRJNA534206,SAMN12258922,Human,1741765701,DEPARTMENT OF THORACIC SURGERY,public,"sra,fastq,run.zq","s3,gs,ncbi","gs.us-east1,s3.us-east-1,ncbi.public",SRX6723710,Illumina NovaSeq 6000,BMD00799,BMD00799,PAIRED,Hybrid Selection,GENOMIC,Homo sapiens,ILLUMINA,2019-12-31T00:00:00Z,2019-08-16T06:17:00Z,1,BMD00799,missing,SRP193431,Plasma
SRR9982446,missing,Bisulfite-Seq,294,5128654977,"Peking Union\, Naixin Liang",PRJNA534206,SAMN12258413,Human,1996546756,DEPARTMENT OF THORACIC SURGERY,public,"fastq,sra,run.zq","ncbi,s3,gs","gs.us-east1,ncbi.public,s3.us-east-1",SRX6723709,Illumina NovaSeq 6000,BMD00279,BMD00279,PAIRED,Hybrid Selection,GENOMIC,Homo sapiens,ILLUMINA,2019-12-31T00:00:00Z,2019-08-16T06:17:00Z,1,BMD00279,missing,SRP193431,Plasma
SRR9982447,missing,Bisulfite-Seq,298,3795184470,"Peking Union\, Naixin Liang",PRJNA534206,SAMN12258505,Human,1366097467,DEPARTMENT OF THORACIC SURGERY,public,"sra,run.zq,fastq","s3,ncbi,gs","gs.us-east1,s3.us-east-1,ncbi.public",SRX6723708,Illumina NovaSeq 6000,BMD00371,BMD00371,PAIRED,Hybrid Selection,GENOMIC,Homo sapiens,ILLUMINA,2019-12-31T00:00:00Z,2019-08-16T06:14:00Z,1,BMD00371,missing,SRP193431,Plasma
SRR9982448,missing,Bisulfite-Seq,297,3584606256,"Peking Union\, Naixin Liang",PRJNA534206,SAMN12258508,Human,1278773014,DEPARTMENT OF THORACIC SURGERY,public,"sra,run.zq,fastq","s3,gs,ncbi","gs.us-east1,ncbi.public,s3.us-east-1",SRX6723707,Illumina NovaSeq 6000,BMD00374,BMD00374,PAIRED,Hybrid Selection,GENOMIC,Homo sapiens,ILLUMINA,2019-12-31T00:00:00Z,2019-08-16T06:14:00Z,1,BMD00374,missing,SRP193431,Plasma
SRR9982449,missing,Bisulfite-Seq,296,3978272648,"Peking Union\, Naixin Liang",PRJNA534206,SAMN12258507,Human,1414730255,DEPARTMENT OF THORACIC SURGERY,public,"fastq,run.zq,sra","s3,ncbi,gs","gs.us-east1,s3.us-east-1,ncbi.public",SRX6723706,Illumina NovaSeq 6000,BMD00373,BMD00373,PAIRED,Hybrid Selection,GENOMIC,Homo sapiens,ILLUMINA,2019-12-31T00:00:00Z,2019-08-16T06:16:00Z,1,BMD00373,missing,SRP193431,Plasma
SRR9982450,missing,Bisulfite-Seq,298,4245501782,"Peking Union\, Naixin Liang",PRJNA534206,SAMN12258510,Human,1520978894,DEPARTMENT OF THORACIC SURGERY,public,"fastq,sra,run.zq","ncbi,gs,s3","ncbi.public,s3.us-east-1,gs.us-east1",SRX6723705,Illumina NovaSeq 6000,BMD00376,BMD00376,PAIRED,Hybrid Selection,GENOMIC,Homo sapiens,ILLUMINA,2019-12-31T00:00:00Z,2019-08-16T06:16:00Z,1,BMD00376,missing,SRP193431,Plasma
SRR9982451,missing,Bisulfite-Seq,297,3356614949,"Peking Union\, Naixin Liang",PRJNA534206,SAMN12258509,Human,1206696461,DEPARTMENT OF THORACIC SURGERY,public,"sra,fastq,run.zq","ncbi,gs,s3","s3.us-east-1,gs.us-east1,ncbi.public",SRX6723704,Illumina NovaSeq 6000,BMD00375,BMD00375,PAIRED,Hybrid Selection,GENOMIC,Homo sapiens,ILLUMINA,2019-12-31T00:00:00Z,2019-08-16T06:13:00Z,1,BMD00375,missing,SRP193431,Plasma
SRR9982452,missing,Bisulfite-Seq,297,3901496633,"Peking Union\, Naixin Liang",PRJNA534206,SAMN12258512,Human,1402316734,DEPARTMENT OF THORACIC SURGERY,public,"sra,fastq,run.zq","gs,s3,ncbi","s3.us-east-1,ncbi.public,gs.us-east1",SRX6723703,Illumina NovaSeq 6000,BMD00378,BMD00378,PAIRED,Hybrid Selection,GENOMIC,Homo sapiens,ILLUMINA,2019-12-31T00:00:00Z,2019-08-16T06:16:00Z,1,BMD00378,missing,SRP193431,Plasma
SRR9982453,missing,Bisulfite-Seq,296,4708679421,"Peking Union\, Naixin Liang",PRJNA534206,SAMN12258511,Human,1672297501,DEPARTMENT OF THORACIC SURGERY,public,"run.zq,fastq,sra","gs,s3,ncbi","gs.us-east1,ncbi.public,s3.us-east-1",SRX6723702,Illumina NovaSeq 6000,BMD00377,BMD00377,PAIRED,Hybrid Selection,GENOMIC,Homo sapiens,ILLUMINA,2019-12-31T00:00:00Z,2019-08-16T06:17:00Z,1,BMD00377,missing,SRP193431,Plasma
SRR9982454,missing,Bisulfite-Seq,297,4983087622,"Peking Union\, Naixin Liang",PRJNA534206,SAMN12258405,Human,1857555618,DEPARTMENT OF THORACIC SURGERY,public,"fastq,sra,run.zq","ncbi,gs,s3","gs.us-east1,s3.us-east-1,ncbi.public",SRX6723701,Illumina NovaSeq 6000,BMD00271,BMD00271,PAIRED,Hybrid Selection,GENOMIC,Homo sapiens,ILLUMINA,2019-12-31T00:00:00Z,2019-08-16T06:17:00Z,1,BMD00271,missing,SRP193431,Plasma
SRR9982455,missing,Bisulfite-Seq,297,3672788168,"Peking Union\, Naixin Liang",PRJNA534206,SAMN12258513,Human,1315819009,DEPARTMENT OF THORACIC SURGERY,public,"fastq,sra,run.zq","s3,gs,ncbi","s3.us-east-1,gs.us-east1,ncbi.public",SRX6723700,Illumina NovaSeq 6000,BMD00379,BMD00379,PAIRED,Hybrid Selection,GENOMIC,Homo sapiens,ILLUMINA,2019-12-31T00:00:00Z,2019-08-16T06:14:00Z,1,BMD00379,missing,SRP193431,Plasma
SRR9982456,missing,Bisulfite-Seq,292,5335863033,"Peking Union\, Naixin Liang",PRJNA534206,SAMN12258407,Human,2065190269,DEPARTMENT OF THORACIC SURGERY,public,"fastq,sra,run.zq","gs,ncbi,s3","s3.us-east-1,ncbi.public,gs.us-east1",SRX6723699,Illumina NovaSeq 6000,BMD00273,BMD00273,PAIRED,Hybrid Selection,GENOMIC,Homo sapiens,ILLUMINA,2019-12-31T00:00:00Z,2019-08-16T06:18:00Z,1,BMD00273,missing,SRP193431,Plasma
SRR9982457,missing,Bisulfite-Seq,293,6061622686,"Peking Union\, Naixin Liang",PRJNA534206,SAMN12258408,Human,2376930211,DEPARTMENT OF THORACIC SURGERY,public,"fastq,sra,run.zq","s3,gs,ncbi","s3.us-east-1,gs.us-east1,ncbi.public",SRX6723698,Illumina NovaSeq 6000,BMD00274,BMD00274,PAIRED,Hybrid Selection,GENOMIC,Homo sapiens,ILLUMINA,2019-12-31T00:00:00Z,2019-08-16T06:18:00Z,1,BMD00274,missing,SRP193431,Plasma
SRR9982458,missing,Bisulfite-Seq,293,4946884767,"Peking Union\, Naixin Liang",PRJNA534206,SAMN12258409,Human,1920579175,DEPARTMENT OF THORACIC SURGERY,public,"fastq,run.zq,sra","s3,ncbi,gs","ncbi.public,gs.us-east1,s3.us-east-1",SRX6723697,Illumina NovaSeq 6000,BMD00275,BMD00275,PAIRED,Hybrid Selection,GENOMIC,Homo sapiens,ILLUMINA,2019-12-31T00:00:00Z,2019-08-16T06:17:00Z,1,BMD00275,missing,SRP193431,Plasma
SRR9982459,missing,Bisulfite-Seq,293,6050027279,"Peking Union\, Naixin Liang",PRJNA534206,SAMN12258410,Human,2334617869,DEPARTMENT OF THORACIC SURGERY,public,"fastq,run.zq,sra","s3,gs,ncbi","s3.us-east-1,gs.us-east1,ncbi.public",SRX6723696,Illumina NovaSeq 6000,BMD00276,BMD00276,PAIRED,Hybrid Selection,GENOMIC,Homo sapiens,ILLUMINA,2019-12-31T00:00:00Z,2019-08-16T06:18:00Z,1,BMD00276,missing,SRP193431,Plasma
SRR9982460,missing,Bisulfite-Seq,293,5030763067,"Peking Union\, Naixin Liang",PRJNA534206,SAMN12258411,Human,1977622920,DEPARTMENT OF THORACIC SURGERY,public,"run.zq,fastq,sra","s3,ncbi,gs","s3.us-east-1,ncbi.public,gs.us-east1",SRX6723695,Illumina NovaSeq 6000,BMD00277,BMD00277,PAIRED,Hybrid Selection,GENOMIC,Homo sapiens,ILLUMINA,2019-12-31T00:00:00Z,2019-08-16T06:19:00Z,1,BMD00277,missing,SRP193431,Plasma
SRR9982461,missing,Bisulfite-Seq,295,5676955255,"Peking Union\, Naixin Liang",PRJNA534206,SAMN12258412,Human,2211718501,DEPARTMENT OF THORACIC SURGERY,public,"fastq,run.zq,sra","gs,s3,ncbi","gs.us-east1,s3.us-east-1,ncbi.public",SRX6723694,Illumina NovaSeq 6000,BMD00278,BMD00278,PAIRED,Hybrid Selection,GENOMIC,Homo sapiens,ILLUMINA,2019-12-31T00:00:00Z,2019-08-16T06:18:00Z,1,BMD00278,missing,SRP193431,Plasma
SRR9982462,missing,Bisulfite-Seq,293,5788595026,"Peking Union\, Naixin Liang",PRJNA534206,SAMN12258708,Human,2251488909,DEPARTMENT OF THORACIC SURGERY,public,"run.zq,sra,fastq","s3,ncbi,gs","ncbi.public,gs.us-east1,s3.us-east-1",SRX6723693,Illumina NovaSeq 6000,BMD00575,BMD00575,PAIRED,Hybrid Selection,GENOMIC,Homo sapiens,ILLUMINA,2019-12-31T00:00:00Z,2019-08-16T06:18:00Z,1,BMD00575,missing,SRP193431,Plasma
SRR9982463,missing,Bisulfite-Seq,294,2890871855,"Peking Union\, Naixin Liang",PRJNA534206,SAMN12258707,Human,1059904664,DEPARTMENT OF THORACIC SURGERY,public,"run.zq,sra,fastq","ncbi,gs,s3","s3.us-east-1,gs.us-east1,ncbi.public",SRX6723692,Illumina NovaSeq 6000,BMD00574,BMD00574,PAIRED,Hybrid Selection,GENOMIC,Homo sapiens,ILLUMINA,2019-12-31T00:00:00Z,2019-08-16T06:14:00Z,1,BMD00574,missing,SRP193431,Plasma
SRR9982464,missing,Bisulfite-Seq,297,4300192671,"Peking Union\, Naixin Liang",PRJNA534206,SAMN12258706,Human,1607202468,DEPARTMENT OF THORACIC SURGERY,public,"sra,run.zq,fastq","gs,ncbi,s3","gs.us-east1,s3.us-east-1,ncbi.public",SRX6723691,Illumina NovaSeq 6000,BMD00573,BMD00573,PAIRED,Hybrid Selection,GENOMIC,Homo sapiens,ILLUMINA,2019-12-31T00:00:00Z,2019-08-16T06:17:00Z,1,BMD00573,missing,SRP193431,Plasma
SRR9982465,missing,Bisulfite-Seq,297,4775407789,"Peking Union\, Naixin Liang",PRJNA534206,SAMN12258705,Human,1776599831,DEPARTMENT OF THORACIC SURGERY,public,"fastq,sra,run.zq","ncbi,gs,s3","ncbi.public,gs.us-east1,s3.us-east-1",SRX6723690,Illumina NovaSeq 6000,BMD00572,BMD00572,PAIRED,Hybrid Selection,GENOMIC,Homo sapiens,ILLUMINA,2019-12-31T00:00:00Z,2019-08-16T06:18:00Z,1,BMD00572,missing,SRP193431,Plasma
SRR9982466,missing,Bisulfite-Seq,293,5019256136,"Peking Union\, Naixin Liang",PRJNA534206,SAMN12258712,Human,1932801310,DEPARTMENT OF THORACIC SURGERY,public,"fastq,run.zq,sra","gs,s3,ncbi","ncbi.public,gs.us-east1,s3.us-east-1",SRX6723689,Illumina NovaSeq 6000,BMD00579,BMD00579,PAIRED,Hybrid Selection,GENOMIC,Homo sapiens,ILLUMINA,2019-12-31T00:00:00Z,2019-08-16T06:19:00Z,1,BMD00579,missing,SRP193431,Plasma
SRR9982467,missing,Bisulfite-Seq,294,6063967458,"Peking Union\, Naixin Liang",PRJNA534206,SAMN12258711,Human,2359870340,DEPARTMENT OF THORACIC SURGERY,public,"sra,run.zq,fastq","gs,ncbi,s3","gs.us-east1,ncbi.public,s3.us-east-1",SRX6723688,Illumina NovaSeq 6000,BMD00578,BMD00578,PAIRED,Hybrid Selection,GENOMIC,Homo sapiens,ILLUMINA,2019-12-31T00:00:00Z,2019-08-16T06:21:00Z,1,BMD00578,missing,SRP193431,Plasma
SRR9982468,missing,Bisulfite-Seq,293,5219853585,"Peking Union\, Naixin Liang",PRJNA534206,SAMN12258710,Human,2045167409,DEPARTMENT OF THORACIC SURGERY,public,"run.zq,sra,fastq","s3,gs,ncbi","gs.us-east1,ncbi.public,s3.us-east-1",SRX6723687,Illumina NovaSeq 6000,BMD00577,BMD00577,PAIRED,Hybrid Selection,GENOMIC,Homo sapiens,ILLUMINA,2019-12-31T00:00:00Z,2019-08-16T06:19:00Z,1,BMD00577,missing,SRP193431,Plasma
SRR9982469,missing,Bisulfite-Seq,293,5069675933,"Peking Union\, Naixin Liang",PRJNA534206,SAMN12258709,Human,1974077804,DEPARTMENT OF THORACIC SURGERY,public,"sra,fastq,run.zq","gs,s3,ncbi","s3.us-east-1,ncbi.public,gs.us-east1",SRX6723686,Illumina NovaSeq 6000,BMD00576,BMD00576,PAIRED,Hybrid Selection,GENOMIC,Homo sapiens,ILLUMINA,2019-12-31T00:00:00Z,2019-08-16T06:19:00Z,1,BMD00576,missing,SRP193431,Plasma
SRR9982470,missing,Bisulfite-Seq,293,4476494695,"Peking Union\, Naixin Liang",PRJNA534206,SAMN12258714,Human,1734125550,DEPARTMENT OF THORACIC SURGERY,public,"run.zq,fastq,sra","s3,ncbi,gs","gs.us-east1,s3.us-east-1,ncbi.public",SRX6723685,Illumina NovaSeq 6000,BMD00581,BMD00581,PAIRED,Hybrid Selection,GENOMIC,Homo sapiens,ILLUMINA,2019-12-31T00:00:00Z,2019-08-16T06:17:00Z,1,BMD00581,missing,SRP193431,Plasma
SRR9982471,missing,Bisulfite-Seq,294,5279877333,"Peking Union\, Naixin Liang",PRJNA534206,SAMN12258713,Human,2045008540,DEPARTMENT OF THORACIC SURGERY,public,"run.zq,fastq,sra","s3,gs,ncbi","gs.us-east1,s3.us-east-1,ncbi.public",SRX6723684,Illumina NovaSeq 6000,BMD00580,BMD00580,PAIRED,Hybrid Selection,GENOMIC,Homo sapiens,ILLUMINA,2019-12-31T00:00:00Z,2019-08-16T06:21:00Z,1,BMD00580,missing,SRP193431,Plasma
SRR9982472,missing,Bisulfite-Seq,301,6041689937,"Peking Union\, Naixin Liang",PRJNA534206,SAMN12258695,Human,2197640899,DEPARTMENT OF THORACIC SURGERY,public,"run.zq,sra,fastq","s3,ncbi,gs","ncbi.public,s3.us-east-1,gs.us-east1",SRX6723683,Illumina NovaSeq 6000,BMD00562,BMD00562,PAIRED,Hybrid Selection,GENOMIC,Homo sapiens,ILLUMINA,2019-12-31T00:00:00Z,2019-08-16T06:21:00Z,1,BMD00562,missing,SRP193431,Plasma
SRR9982473,missing,Bisulfite-Seq,295,5687909799,"Peking Union\, Naixin Liang",PRJNA534206,SAMN12258534,Human,2049595217,DEPARTMENT OF THORACIC SURGERY,public,"fastq,run.zq,sra","s3,gs,ncbi","gs.us-east1,s3.us-east-1,ncbi.public",SRX6723682,Illumina NovaSeq 6000,BMD00401,BMD00401,PAIRED,Hybrid Selection,GENOMIC,Homo sapiens,ILLUMINA,2019-12-31T00:00:00Z,2019-08-16T06:19:00Z,1,BMD00401,missing,SRP193431,Plasma
SRR9982474,missing,Bisulfite-Seq,294,5143673233,"Peking Union\, Naixin Liang",PRJNA534206,SAMN12258533,Human,1852643062,DEPARTMENT OF THORACIC SURGERY,public,"fastq,sra,run.zq","gs,ncbi,s3","ncbi.public,gs.us-east1,s3.us-east-1",SRX6723681,Illumina NovaSeq 6000,BMD00400,BMD00400,PAIRED,Hybrid Selection,GENOMIC,Homo sapiens,ILLUMINA,2019-12-31T00:00:00Z,2019-08-16T06:18:00Z,1,BMD00400,missing,SRP193431,Plasma
SRR9982475,missing,Bisulfite-Seq,294,6598372814,"Peking Union\, Naixin Liang",PRJNA534206,SAMN12258528,Human,2377851116,DEPARTMENT OF THORACIC SURGERY,public,"run.zq,fastq,sra","gs,s3,ncbi","gs.us-east1,ncbi.public,s3.us-east-1",SRX6723680,Illumina NovaSeq 6000,BMD00395,BMD00395,PAIRED,Hybrid Selection,GENOMIC,Homo sapiens,ILLUMINA,2019-12-31T00:00:00Z,2019-08-16T06:22:00Z,1,BMD00395,missing,SRP193431,Plasma
SRR9982476,missing,Bisulfite-Seq,296,4617865818,"Peking Union\, Naixin Liang",PRJNA534206,SAMN12258527,Human,1674749485,DEPARTMENT OF THORACIC SURGERY,public,"run.zq,fastq,sra","gs,ncbi,s3","gs.us-east1,ncbi.public,s3.us-east-1",SRX6723679,Illumina NovaSeq 6000,BMD00394,BMD00394,PAIRED,Hybrid Selection,GENOMIC,Homo sapiens,ILLUMINA,2019-12-31T00:00:00Z,2019-08-16T06:17:00Z,1,BMD00394,missing,SRP193431,Plasma
SRR9982477,missing,Bisulfite-Seq,296,3868239561,"Peking Union\, Naixin Liang",PRJNA534206,SAMN12258526,Human,1418565984,DEPARTMENT OF THORACIC SURGERY,public,"fastq,sra,run.zq","gs,s3,ncbi","ncbi.public,gs.us-east1,s3.us-east-1",SRX6723678,Illumina NovaSeq 6000,BMD00393,BMD00393,PAIRED,Hybrid Selection,GENOMIC,Homo sapiens,ILLUMINA,2019-12-31T00:00:00Z,2019-08-16T06:16:00Z,1,BMD00393,missing,SRP193431,Plasma
SRR9982478,missing,Bisulfite-Seq,297,5428206722,"Peking Union\, Naixin Liang",PRJNA534206,SAMN12258525,Human,1967025123,DEPARTMENT OF THORACIC SURGERY,public,"run.zq,sra,fastq","s3,gs,ncbi","ncbi.public,gs.us-east1,s3.us-east-1",SRX6723677,Illumina NovaSeq 6000,BMD00392,BMD00392,PAIRED,Hybrid Selection,GENOMIC,Homo sapiens,ILLUMINA,2019-12-31T00:00:00Z,2019-08-16T06:19:00Z,1,BMD00392,missing,SRP193431,Plasma
SRR9982479,missing,Bisulfite-Seq,295,5634890132,"Peking Union\, Naixin Liang",PRJNA534206,SAMN12258532,Human,2029356661,DEPARTMENT OF THORACIC SURGERY,public,"run.zq,sra,fastq","s3,ncbi,gs","ncbi.public,s3.us-east-1,gs.us-east1",SRX6723676,Illumina NovaSeq 6000,BMD00399,BMD00399,PAIRED,Hybrid Selection,GENOMIC,Homo sapiens,ILLUMINA,2019-12-31T00:00:00Z,2019-08-16T06:19:00Z,1,BMD00399,missing,SRP193431,Plasma
SRR9982480,missing,Bisulfite-Seq,296,4974612333,"Peking Union\, Naixin Liang",PRJNA534206,SAMN12258531,Human,1794506249,DEPARTMENT OF THORACIC SURGERY,public,"sra,fastq,run.zq","s3,ncbi,gs","s3.us-east-1,ncbi.public,gs.us-east1",SRX6723675,Illumina NovaSeq 6000,BMD00398,BMD00398,PAIRED,Hybrid Selection,GENOMIC,Homo sapiens,ILLUMINA,2019-12-31T00:00:00Z,2019-08-16T06:19:00Z,1,BMD00398,missing,SRP193431,Plasma
SRR9982481,missing,Bisulfite-Seq,296,5597588094,"Peking Union\, Naixin Liang",PRJNA534206,SAMN12258530,Human,2026007543,DEPARTMENT OF THORACIC SURGERY,public,"run.zq,fastq,sra","ncbi,gs,s3","ncbi.public,s3.us-east-1,gs.us-east1",SRX6723674,Illumina NovaSeq 6000,BMD00397,BMD00397,PAIRED,Hybrid Selection,GENOMIC,Homo sapiens,ILLUMINA,2019-12-31T00:00:00Z,2019-08-16T06:19:00Z,1,BMD00397,missing,SRP193431,Plasma
SRR9982482,missing,Bisulfite-Seq,293,4196586595,"Peking Union\, Naixin Liang",PRJNA534206,SAMN12258529,Human,1511650976,DEPARTMENT OF THORACIC SURGERY,public,"run.zq,fastq,sra","gs,ncbi,s3","gs.us-east1,s3.us-east-1,ncbi.public",SRX6723673,Illumina NovaSeq 6000,BMD00396,BMD00396,PAIRED,Hybrid Selection,GENOMIC,Homo sapiens,ILLUMINA,2019-12-31T00:00:00Z,2019-08-16T06:15:00Z,1,BMD00396,missing,SRP193431,Plasma
SRR9982483,missing,Bisulfite-Seq,297,3944790713,"Peking Union\, Naixin Liang",PRJNA534206,SAMN12258209,Human,1408061818,DEPARTMENT OF THORACIC SURGERY,public,"sra,run.zq,fastq","s3,gs,ncbi","s3.us-east-1,ncbi.public,gs.us-east1",SRX6723672,Illumina NovaSeq 6000,BMD00075,BMD00075,PAIRED,Hybrid Selection,GENOMIC,Homo sapiens,ILLUMINA,2019-12-31T00:00:00Z,2019-08-16T06:17:00Z,1,BMD00075,missing,SRP193431,Plasma
SRR9982484,missing,Bisulfite-Seq,297,4104449367,"Peking Union\, Naixin Liang",PRJNA534206,SAMN12258206,Human,1466115142,DEPARTMENT OF THORACIC SURGERY,public,"run.zq,sra,fastq","ncbi,gs,s3","s3.us-east-1,ncbi.public,gs.us-east1",SRX6723671,Illumina NovaSeq 6000,BMD00072,BMD00072,PAIRED,Hybrid Selection,GENOMIC,Homo sapiens,ILLUMINA,2019-12-31T00:00:00Z,2019-08-16T06:17:00Z,1,BMD00072,missing,SRP193431,Plasma
SRR9982485,missing,Bisulfite-Seq,296,3876207145,"Peking Union\, Naixin Liang",PRJNA534206,SAMN12258212,Human,1384855670,DEPARTMENT OF THORACIC SURGERY,public,"fastq,sra,run.zq","ncbi,gs,s3","ncbi.public,s3.us-east-1,gs.us-east1",SRX6723670,Illumina NovaSeq 6000,BMD00078,BMD00078,PAIRED,Hybrid Selection,GENOMIC,Homo sapiens,ILLUMINA,2019-12-31T00:00:00Z,2019-08-16T06:16:00Z,1,BMD00078,missing,SRP193431,Plasma
SRR9982486,missing,Bisulfite-Seq,301,5064456916,"Peking Union\, Naixin Liang",PRJNA534206,SAMN12258694,Human,1861199290,DEPARTMENT OF THORACIC SURGERY,public,"sra,run.zq,fastq","gs,s3,ncbi","s3.us-east-1,ncbi.public,gs.us-east1",SRX6723669,Illumina NovaSeq 6000,BMD00561,BMD00561,PAIRED,Hybrid Selection,GENOMIC,Homo sapiens,ILLUMINA,2019-12-31T00:00:00Z,2019-08-16T06:17:00Z,1,BMD00561,missing,SRP193431,Plasma
SRR9982487,missing,Bisulfite-Seq,296,5278757173,"Peking Union\, Naixin Liang",PRJNA534206,SAMN12258629,Human,1993571220,DEPARTMENT OF THORACIC SURGERY,public,"fastq,run.zq,sra","ncbi,gs,s3","s3.us-east-1,gs.us-east1,ncbi.public",SRX6723668,Illumina NovaSeq 6000,BMD00496,BMD00496,PAIRED,Hybrid Selection,GENOMIC,Homo sapiens,ILLUMINA,2019-12-31T00:00:00Z,2019-08-16T06:19:00Z,1,BMD00496,missing,SRP193431,Plasma
SRR9982488,missing,Bisulfite-Seq,298,3906036432,"Peking Union\, Naixin Liang",PRJNA534206,SAMN12258630,Human,1461809623,DEPARTMENT OF THORACIC SURGERY,public,"fastq,run.zq,sra","s3,ncbi,gs","s3.us-east-1,ncbi.public,gs.us-east1",SRX6723667,Illumina NovaSeq 6000,BMD00497,BMD00497,PAIRED,Hybrid Selection,GENOMIC,Homo sapiens,ILLUMINA,2019-12-31T00:00:00Z,2019-08-16T06:19:00Z,1,BMD00497,missing,SRP193431,Plasma
SRR9982489,missing,Bisulfite-Seq,298,4319118442,"Peking Union\, Naixin Liang",PRJNA534206,SAMN12258631,Human,1607129637,DEPARTMENT OF THORACIC SURGERY,public,"fastq,run.zq,sra","gs,ncbi,s3","s3.us-east-1,gs.us-east1,ncbi.public",SRX6723666,Illumina NovaSeq 6000,BMD00498,BMD00498,PAIRED,Hybrid Selection,GENOMIC,Homo sapiens,ILLUMINA,2019-12-31T00:00:00Z,2019-08-16T06:18:00Z,1,BMD00498,missing,SRP193431,Plasma
SRR9982490,missing,Bisulfite-Seq,298,4661256709,"Peking Union\, Naixin Liang",PRJNA534206,SAMN12258632,Human,1754980044,DEPARTMENT OF THORACIC SURGERY,public,"sra,run.zq,fastq","gs,ncbi,s3","ncbi.public,gs.us-east1,s3.us-east-1",SRX6723665,Illumina NovaSeq 6000,BMD00499,BMD00499,PAIRED,Hybrid Selection,GENOMIC,Homo sapiens,ILLUMINA,2019-12-31T00:00:00Z,2019-08-16T06:16:00Z,1,BMD00499,missing,SRP193431,Plasma
SRR9982491,missing,Bisulfite-Seq,294,4855207294,"Peking Union\, Naixin Liang",PRJNA534206,SAMN12258625,Human,1852021135,DEPARTMENT OF THORACIC SURGERY,public,"run.zq,sra,fastq","gs,ncbi,s3","s3.us-east-1,ncbi.public,gs.us-east1",SRX6723664,Illumina NovaSeq 6000,BMD00492,BMD00492,PAIRED,Hybrid Selection,GENOMIC,Homo sapiens,ILLUMINA,2019-12-31T00:00:00Z,2019-08-16T06:19:00Z,1,BMD00492,missing,SRP193431,Plasma
SRR9982492,missing,Bisulfite-Seq,296,4253881465,"Peking Union\, Naixin Liang",PRJNA534206,SAMN12258626,Human,1600052517,DEPARTMENT OF THORACIC SURGERY,public,"fastq,run.zq,sra","s3,gs,ncbi","ncbi.public,gs.us-east1,s3.us-east-1",SRX6723663,Illumina NovaSeq 6000,BMD00493,BMD00493,PAIRED,Hybrid Selection,GENOMIC,Homo sapiens,ILLUMINA,2019-12-31T00:00:00Z,2019-08-16T06:17:00Z,1,BMD00493,missing,SRP193431,Plasma
SRR9982493,missing,Bisulfite-Seq,297,5000092975,"Peking Union\, Naixin Liang",PRJNA534206,SAMN12258627,Human,1881730698,DEPARTMENT OF THORACIC SURGERY,public,"sra,fastq,run.zq","ncbi,s3,gs","s3.us-east-1,ncbi.public,gs.us-east1",SRX6723662,Illumina NovaSeq 6000,BMD00494,BMD00494,PAIRED,Hybrid Selection,GENOMIC,Homo sapiens,ILLUMINA,2019-12-31T00:00:00Z,2019-08-16T06:21:00Z,1,BMD00494,missing,SRP193431,Plasma
SRR9982494,missing,Bisulfite-Seq,296,5998808971,"Peking Union\, Naixin Liang",PRJNA534206,SAMN12258628,Human,2265350063,DEPARTMENT OF THORACIC SURGERY,public,"fastq,run.zq,sra","s3,ncbi,gs","ncbi.public,gs.us-east1,s3.us-east-1",SRX6723661,Illumina NovaSeq 6000,BMD00495,BMD00495,PAIRED,Hybrid Selection,GENOMIC,Homo sapiens,ILLUMINA,2019-12-31T00:00:00Z,2019-08-16T06:22:00Z,1,BMD00495,missing,SRP193431,Plasma
SRR9982495,missing,Bisulfite-Seq,293,12466056083,"Peking Union\, Naixin Liang",PRJNA534206,SAMN12258852,Human,4543235323,DEPARTMENT OF THORACIC SURGERY,public,"sra,run.zq,fastq","gs,ncbi,s3","s3.us-east-1,ncbi.public,gs.us-east1",SRX6723660,Illumina NovaSeq 6000,BMD00733,BMD00733,PAIRED,Hybrid Selection,GENOMIC,Homo sapiens,ILLUMINA,2019-12-31T00:00:00Z,2019-08-16T06:36:00Z,1,BMD00733,missing,SRP193431,Plasma
SRR9982496,missing,Bisulfite-Seq,295,5354736587,"Peking Union\, Naixin Liang",PRJNA534206,SAMN12258851,Human,1937322759,DEPARTMENT OF THORACIC SURGERY,public,"sra,run.zq,fastq","s3,ncbi,gs","s3.us-east-1,ncbi.public,gs.us-east1",SRX6723659,Illumina NovaSeq 6000,BMD00732,BMD00732,PAIRED,Hybrid Selection,GENOMIC,Homo sapiens,ILLUMINA,2019-12-31T00:00:00Z,2019-08-16T06:21:00Z,1,BMD00732,missing,SRP193431,Plasma
SRR9982497,missing,Bisulfite-Seq,293,5462436316,"Peking Union\, Naixin Liang",PRJNA534206,SAMN12258850,Human,2005404696,DEPARTMENT OF THORACIC SURGERY,public,"fastq,sra,run.zq","ncbi,s3,gs","s3.us-east-1,gs.us-east1,ncbi.public",SRX6723658,Illumina NovaSeq 6000,BMD00731,BMD00731,PAIRED,Hybrid Selection,GENOMIC,Homo sapiens,ILLUMINA,2019-12-31T00:00:00Z,2019-08-16T06:20:00Z,1,BMD00731,missing,SRP193431,Plasma
SRR9982498,missing,Bisulfite-Seq,292,6065667961,"Peking Union\, Naixin Liang",PRJNA534206,SAMN12258849,Human,2229324277,DEPARTMENT OF THORACIC SURGERY,public,"fastq,run.zq,sra","gs,s3,ncbi","ncbi.public,gs.us-east1,s3.us-east-1",SRX6723657,Illumina NovaSeq 6000,BMD00730,BMD00730,PAIRED,Hybrid Selection,GENOMIC,Homo sapiens,ILLUMINA,2019-12-31T00:00:00Z,2019-08-16T06:21:00Z,1,BMD00730,missing,SRP193431,Plasma
SRR9982499,missing,Bisulfite-Seq,298,3622963021,"Peking Union\, Naixin Liang",PRJNA534206,SAMN12258633,Human,1354206804,DEPARTMENT OF THORACIC SURGERY,public,"run.zq,fastq,sra","s3,gs,ncbi","gs.us-east1,ncbi.public,s3.us-east-1",SRX6723656,Illumina NovaSeq 6000,BMD00500,BMD00500,PAIRED,Hybrid Selection,GENOMIC,Homo sapiens,ILLUMINA,2019-12-31T00:00:00Z,2019-08-16T06:16:00Z,1,BMD00500,missing,SRP193431,Plasma
SRR9982500,missing,Bisulfite-Seq,295,3976884736,"Peking Union\, Naixin Liang",PRJNA534206,SAMN12258634,Human,1484003365,DEPARTMENT OF THORACIC SURGERY,public,"fastq,sra,run.zq","gs,ncbi,s3","s3.us-east-1,ncbi.public,gs.us-east1",SRX6723655,Illumina NovaSeq 6000,BMD00501,BMD00501,PAIRED,Hybrid Selection,GENOMIC,Homo sapiens,ILLUMINA,2019-12-31T00:00:00Z,2019-08-16T06:18:00Z,1,BMD00501,missing,SRP193431,Plasma
SRR9982501,missing,Bisulfite-Seq,291,12610725803,"Peking Union\, Naixin Liang",PRJNA534206,SAMN12258846,Human,4641644425,DEPARTMENT OF THORACIC SURGERY,public,"fastq,run.zq,sra","s3,ncbi,gs","gs.us-east1,ncbi.public,s3.us-east-1",SRX6723654,Illumina NovaSeq 6000,BMD00727,BMD00727,PAIRED,Hybrid Selection,GENOMIC,Homo sapiens,ILLUMINA,2019-12-31T00:00:00Z,2019-08-16T06:40:00Z,1,BMD00727,missing,SRP193431,Plasma
SRR9982502,missing,Bisulfite-Seq,295,5645342177,"Peking Union\, Naixin Liang",PRJNA534206,SAMN12258845,Human,2038452348,DEPARTMENT OF THORACIC SURGERY,public,"run.zq,fastq,sra","gs,s3,ncbi","s3.us-east-1,ncbi.public,gs.us-east1",SRX6723653,Illumina NovaSeq 6000,BMD00726,BMD00726,PAIRED,Hybrid Selection,GENOMIC,Homo sapiens,ILLUMINA,2019-12-31T00:00:00Z,2019-08-16T06:20:00Z,1,BMD00726,missing,SRP193431,Plasma
SRR9982503,missing,Bisulfite-Seq,295,6545885324,"Peking Union\, Naixin Liang",PRJNA534206,SAMN12258439,Human,2409287248,DEPARTMENT OF THORACIC SURGERY,public,"run.zq,fastq,sra","s3,gs,ncbi","s3.us-east-1,ncbi.public,gs.us-east1",SRX6723652,Illumina NovaSeq 6000,BMD00305,BMD00305,PAIRED,Hybrid Selection,GENOMIC,Homo sapiens,ILLUMINA,2019-12-31T00:00:00Z,2019-08-16T06:22:00Z,1,BMD00305,missing,SRP193431,Plasma
SRR9982504,missing,Bisulfite-Seq,294,6248623138,"Peking Union\, Naixin Liang",PRJNA534206,SAMN12258440,Human,2297708143,DEPARTMENT OF THORACIC SURGERY,public,"run.zq,sra,fastq","gs,ncbi,s3","gs.us-east1,ncbi.public,s3.us-east-1",SRX6723651,Illumina NovaSeq 6000,BMD00306,BMD00306,PAIRED,Hybrid Selection,GENOMIC,Homo sapiens,ILLUMINA,2019-12-31T00:00:00Z,2019-08-16T06:22:00Z,1,BMD00306,missing,SRP193431,Plasma
SRR9982505,missing,Bisulfite-Seq,294,6661645561,"Peking Union\, Naixin Liang",PRJNA534206,SAMN12258441,Human,2458661918,DEPARTMENT OF THORACIC SURGERY,public,"sra,run.zq,fastq","gs,ncbi,s3","ncbi.public,gs.us-east1,s3.us-east-1",SRX6723650,Illumina NovaSeq 6000,BMD00307,BMD00307,PAIRED,Hybrid Selection,GENOMIC,Homo sapiens,ILLUMINA,2019-12-31T00:00:00Z,2019-08-16T06:23:00Z,1,BMD00307,missing,SRP193431,Plasma
SRR9982506,missing,Bisulfite-Seq,295,5759749620,"Peking Union\, Naixin Liang",PRJNA534206,SAMN12258442,Human,2123786569,DEPARTMENT OF THORACIC SURGERY,public,"run.zq,fastq,sra","gs,ncbi,s3","ncbi.public,gs.us-east1,s3.us-east-1",SRX6723649,Illumina NovaSeq 6000,BMD00308,BMD00308,PAIRED,Hybrid Selection,GENOMIC,Homo sapiens,ILLUMINA,2019-12-31T00:00:00Z,2019-08-16T06:20:00Z,1,BMD00308,missing,SRP193431,Plasma
SRR9982507,missing,Bisulfite-Seq,296,3744836072,"Peking Union\, Naixin Liang",PRJNA534206,SAMN12258435,Human,1388276224,DEPARTMENT OF THORACIC SURGERY,public,"run.zq,sra,fastq","gs,ncbi,s3","ncbi.public,gs.us-east1,s3.us-east-1",SRX6723648,Illumina NovaSeq 6000,BMD00301,BMD00301,PAIRED,Hybrid Selection,GENOMIC,Homo sapiens,ILLUMINA,2019-12-31T00:00:00Z,2019-08-16T06:15:00Z,1,BMD00301,missing,SRP193431,Plasma
SRR9982508,missing,Bisulfite-Seq,294,3930586939,"Peking Union\, Naixin Liang",PRJNA534206,SAMN12258436,Human,1432204526,DEPARTMENT OF THORACIC SURGERY,public,"fastq,run.zq,sra","gs,ncbi,s3","s3.us-east-1,ncbi.public,gs.us-east1",SRX6723647,Illumina NovaSeq 6000,BMD00302,BMD00302,PAIRED,Hybrid Selection,GENOMIC,Homo sapiens,ILLUMINA,2019-12-31T00:00:00Z,2019-08-16T06:16:00Z,1,BMD00302,missing,SRP193431,Plasma
SRR9982509,missing,Bisulfite-Seq,295,6670889515,"Peking Union\, Naixin Liang",PRJNA534206,SAMN12258437,Human,2465441692,DEPARTMENT OF THORACIC SURGERY,public,"sra,run.zq,fastq","s3,ncbi,gs","ncbi.public,s3.us-east-1,gs.us-east1",SRX6723646,Illumina NovaSeq 6000,BMD00303,BMD00303,PAIRED,Hybrid Selection,GENOMIC,Homo sapiens,ILLUMINA,2019-12-31T00:00:00Z,2019-08-16T06:22:00Z,1,BMD00303,missing,SRP193431,Plasma
SRR9982510,missing,Bisulfite-Seq,294,3570950657,"Peking Union\, Naixin Liang",PRJNA534206,SAMN12258438,Human,1298104215,DEPARTMENT OF THORACIC SURGERY,public,"fastq,run.zq,sra","s3,gs,ncbi","gs.us-east1,s3.us-east-1,ncbi.public",SRX6723645,Illumina NovaSeq 6000,BMD00304,BMD00304,PAIRED,Hybrid Selection,GENOMIC,Homo sapiens,ILLUMINA,2019-12-31T00:00:00Z,2019-08-16T06:17:00Z,1,BMD00304,missing,SRP193431,Plasma
SRR9982511,missing,Bisulfite-Seq,302,3982005900,"Peking Union\, Naixin Liang",PRJNA534206,SAMN12259021,Human,1504021044,DEPARTMENT OF THORACIC SURGERY,public,"fastq,run.zq,sra","gs,s3,ncbi","gs.us-east1,s3.us-east-1,ncbi.public",SRX6723644,Illumina NovaSeq 6000,BMD00891,BMD00891,PAIRED,Hybrid Selection,GENOMIC,Homo sapiens,ILLUMINA,2019-12-31T00:00:00Z,2019-08-16T06:16:00Z,1,BMD00891,missing,SRP193431,Plasma
SRR9982512,missing,Bisulfite-Seq,292,4926161162,"Peking Union\, Naixin Liang",PRJNA534206,SAMN12258443,Human,3067718954,DEPARTMENT OF THORACIC SURGERY,public,"fastq,run.zq,sra","s3,ncbi,gs","s3.us-east-1,ncbi.public,gs.us-east1",SRX6723643,Illumina NovaSeq 6000,BMD00309,BMD00309,PAIRED,Hybrid Selection,GENOMIC,Homo sapiens,ILLUMINA,2019-12-31T00:00:00Z,2019-08-16T06:21:00Z,1,BMD00309,missing,SRP193431,Plasma
SRR9982513,missing,Bisulfite-Seq,291,4149504401,"Peking Union\, Naixin Liang",PRJNA534206,SAMN12258444,Human,2575275036,DEPARTMENT OF THORACIC SURGERY,public,"sra,fastq,run.zq","ncbi,gs,s3","ncbi.public,gs.us-east1,s3.us-east-1",SRX6723642,Illumina NovaSeq 6000,BMD00310,BMD00310,PAIRED,Hybrid Selection,GENOMIC,Homo sapiens,ILLUMINA,2019-12-31T00:00:00Z,2019-08-16T06:20:00Z,1,BMD00310,missing,SRP193431,Plasma
SRR9982514,missing,Bisulfite-Seq,295,3866553181,"Peking Union\, Naixin Liang",PRJNA534206,SAMN12258793,Human,1406328015,DEPARTMENT OF THORACIC SURGERY,public,"fastq,run.zq,sra","ncbi,s3,gs","s3.us-east-1,ncbi.public,gs.us-east1",SRX6723641,Illumina NovaSeq 6000,BMD00649,BMD00649,PAIRED,Hybrid Selection,GENOMIC,Homo sapiens,ILLUMINA,2019-12-31T00:00:00Z,2019-08-16T06:18:00Z,1,BMD00649,missing,SRP193431,Plasma
SRR9982515,missing,Bisulfite-Seq,295,4763970263,"Peking Union\, Naixin Liang",PRJNA534206,SAMN12258794,Human,1747729642,DEPARTMENT OF THORACIC SURGERY,public,"fastq,sra,run.zq","ncbi,gs,s3","s3.us-east-1,ncbi.public,gs.us-east1",SRX6723640,Illumina NovaSeq 6000,BMD00650,BMD00650,PAIRED,Hybrid Selection,GENOMIC,Homo sapiens,ILLUMINA,2019-12-31T00:00:00Z,2019-08-16T06:21:00Z,1,BMD00650,missing,SRP193431,Plasma
SRR9982516,missing,Bisulfite-Seq,301,6255148098,"Peking Union\, Naixin Liang",PRJNA534206,SAMN12258692,Human,2308881522,DEPARTMENT OF THORACIC SURGERY,public,"run.zq,fastq,sra","s3,ncbi,gs","s3.us-east-1,ncbi.public,gs.us-east1",SRX6723639,Illumina NovaSeq 6000,BMD00559,BMD00559,PAIRED,Hybrid Selection,GENOMIC,Homo sapiens,ILLUMINA,2019-12-31T00:00:00Z,2019-08-16T06:23:00Z,1,BMD00559,missing,SRP193431,Plasma
SRR9982517,missing,Bisulfite-Seq,294,6014096425,"Peking Union\, Naixin Liang",PRJNA534206,SAMN12258853,Human,2177322128,DEPARTMENT OF THORACIC SURGERY,public,"sra,run.zq,fastq","ncbi,s3,gs","s3.us-east-1,ncbi.public,gs.us-east1",SRX6723638,Illumina NovaSeq 6000,BMD00734,BMD00734,PAIRED,Hybrid Selection,GENOMIC,Homo sapiens,ILLUMINA,2019-12-31T00:00:00Z,2019-08-16T06:22:00Z,1,BMD00734,missing,SRP193431,Plasma
SRR9982518,missing,Bisulfite-Seq,298,6575041413,"Peking Union\, Naixin Liang",PRJNA534206,SAMN12258263,Human,2349156252,DEPARTMENT OF THORACIC SURGERY,public,"run.zq,fastq,sra","s3,gs,ncbi","ncbi.public,gs.us-east1,s3.us-east-1",SRX6723637,Illumina NovaSeq 6000,BMD00129,BMD00129,PAIRED,Hybrid Selection,GENOMIC,Homo sapiens,ILLUMINA,2019-12-31T00:00:00Z,2019-08-16T06:23:00Z,1,BMD00129,missing,SRP193431,Plasma
SRR9982519,missing,Bisulfite-Seq,294,5718722210,"Peking Union\, Naixin Liang",PRJNA534206,SAMN12258264,Human,2122398066,DEPARTMENT OF THORACIC SURGERY,public,"sra,run.zq,fastq","ncbi,gs,s3","s3.us-east-1,gs.us-east1,ncbi.public",SRX6723636,Illumina NovaSeq 6000,BMD00130,BMD00130,PAIRED,Hybrid Selection,GENOMIC,Homo sapiens,ILLUMINA,2019-12-31T00:00:00Z,2019-08-16T06:23:00Z,1,BMD00130,missing,SRP193431,Plasma
SRR9982520,missing,Bisulfite-Seq,301,4698108488,"Peking Union\, Naixin Liang",PRJNA534206,SAMN12258691,Human,1705393649,DEPARTMENT OF THORACIC SURGERY,public,"fastq,sra,run.zq","gs,ncbi,s3","gs.us-east1,ncbi.public,s3.us-east-1",SRX6723635,Illumina NovaSeq 6000,BMD00558,BMD00558,PAIRED,Hybrid Selection,GENOMIC,Homo sapiens,ILLUMINA,2019-12-31T00:00:00Z,2019-08-16T06:20:00Z,1,BMD00558,missing,SRP193431,Plasma
SRR9982521,missing,Bisulfite-Seq,298,6194009271,"Peking Union\, Naixin Liang",PRJNA534206,SAMN12258259,Human,2173864376,DEPARTMENT OF THORACIC SURGERY,public,"run.zq,fastq,sra","s3,ncbi,gs","ncbi.public,gs.us-east1,s3.us-east-1",SRX6723634,Illumina NovaSeq 6000,BMD00125,BMD00125,PAIRED,Hybrid Selection,GENOMIC,Homo sapiens,ILLUMINA,2019-12-31T00:00:00Z,2019-08-16T06:22:00Z,1,BMD00125,missing,SRP193431,Plasma
SRR9982522,missing,Bisulfite-Seq,298,6080933280,"Peking Union\, Naixin Liang",PRJNA534206,SAMN12258260,Human,2158514487,DEPARTMENT OF THORACIC SURGERY,public,"fastq,run.zq,sra","s3,gs,ncbi","gs.us-east1,s3.us-east-1,ncbi.public",SRX6723633,Illumina NovaSeq 6000,BMD00126,BMD00126,PAIRED,Hybrid Selection,GENOMIC,Homo sapiens,ILLUMINA,2019-12-31T00:00:00Z,2019-08-16T06:22:00Z,1,BMD00126,missing,SRP193431,Plasma
SRR9982523,missing,Bisulfite-Seq,298,7101921907,"Peking Union\, Naixin Liang",PRJNA534206,SAMN12258261,Human,2500872076,DEPARTMENT OF THORACIC SURGERY,public,"sra,run.zq,fastq","gs,s3,ncbi","gs.us-east1,ncbi.public,s3.us-east-1",SRX6723632,Illumina NovaSeq 6000,BMD00127,BMD00127,PAIRED,Hybrid Selection,GENOMIC,Homo sapiens,ILLUMINA,2019-12-31T00:00:00Z,2019-08-16T06:24:00Z,1,BMD00127,missing,SRP193431,Plasma
SRR9982524,missing,Bisulfite-Seq,298,7146224394,"Peking Union\, Naixin Liang",PRJNA534206,SAMN12258262,Human,2533390179,DEPARTMENT OF THORACIC SURGERY,public,"run.zq,sra,fastq","ncbi,s3,gs","ncbi.public,s3.us-east-1,gs.us-east1",SRX6723631,Illumina NovaSeq 6000,BMD00128,BMD00128,PAIRED,Hybrid Selection,GENOMIC,Homo sapiens,ILLUMINA,2019-12-31T00:00:00Z,2019-08-16T06:24:00Z,1,BMD00128,missing,SRP193431,Plasma
SRR9982525,missing,Bisulfite-Seq,298,6647025595,"Peking Union\, Naixin Liang",PRJNA534206,SAMN12258255,Human,2333905747,DEPARTMENT OF THORACIC SURGERY,public,"fastq,sra,run.zq","gs,s3,ncbi","ncbi.public,s3.us-east-1,gs.us-east1",SRX6723630,Illumina NovaSeq 6000,BMD00121,BMD00121,PAIRED,Hybrid Selection,GENOMIC,Homo sapiens,ILLUMINA,2019-12-31T00:00:00Z,2019-08-16T06:24:00Z,1,BMD00121,missing,SRP193431,Plasma
SRR9982526,missing,Bisulfite-Seq,298,6004507042,"Peking Union\, Naixin Liang",PRJNA534206,SAMN12258256,Human,2107941341,DEPARTMENT OF THORACIC SURGERY,public,"run.zq,sra,fastq","s3,ncbi,gs","s3.us-east-1,gs.us-east1,ncbi.public",SRX6723629,Illumina NovaSeq 6000,BMD00122,BMD00122,PAIRED,Hybrid Selection,GENOMIC,Homo sapiens,ILLUMINA,2019-12-31T00:00:00Z,2019-08-16T06:22:00Z,1,BMD00122,missing,SRP193431,Plasma
SRR9982527,missing,Bisulfite-Seq,298,9013175785,"Peking Union\, Naixin Liang",PRJNA534206,SAMN12258257,Human,3136019382,DEPARTMENT OF THORACIC SURGERY,public,"fastq,run.zq,sra","ncbi,s3,gs","s3.us-east-1,gs.us-east1,ncbi.public",SRX6723628,Illumina NovaSeq 6000,BMD00123,BMD00123,PAIRED,Hybrid Selection,GENOMIC,Homo sapiens,ILLUMINA,2019-12-31T00:00:00Z,2019-08-16T06:43:00Z,1,BMD00123,missing,SRP193431,Plasma
SRR9982528,missing,Bisulfite-Seq,299,8220309479,"Peking Union\, Naixin Liang",PRJNA534206,SAMN12258258,Human,2903540107,DEPARTMENT OF THORACIC SURGERY,public,"sra,run.zq,fastq","s3,ncbi,gs","gs.us-east1,s3.us-east-1,ncbi.public",SRX6723627,Illumina NovaSeq 6000,BMD00124,BMD00124,PAIRED,Hybrid Selection,GENOMIC,Homo sapiens,ILLUMINA,2019-12-31T00:00:00Z,2019-08-16T06:26:00Z,1,BMD00124,missing,SRP193431,Plasma
SRR9982529,missing,Bisulfite-Seq,291,4265722762,"Peking Union\, Naixin Liang",PRJNA534206,SAMN12258161,Human,2592914713,DEPARTMENT OF THORACIC SURGERY,public,"fastq,sra,run.zq","ncbi,s3,gs","s3.us-east-1,ncbi.public,gs.us-east1",SRX6723626,Illumina NovaSeq 6000,BMD00027,BMD00027,PAIRED,Hybrid Selection,GENOMIC,Homo sapiens,ILLUMINA,2019-12-31T00:00:00Z,2019-08-16T06:21:00Z,1,BMD00027,missing,SRP193431,Plasma
SRR9982530,missing,Bisulfite-Seq,294,4385191548,"Peking Union\, Naixin Liang",PRJNA534206,SAMN12258162,Human,2604964267,DEPARTMENT OF THORACIC SURGERY,public,"fastq,run.zq,sra","gs,ncbi,s3","s3.us-east-1,gs.us-east1,ncbi.public",SRX6723625,Illumina NovaSeq 6000,BMD00028,BMD00028,PAIRED,Hybrid Selection,GENOMIC,Homo sapiens,ILLUMINA,2019-12-31T00:00:00Z,2019-08-16T06:21:00Z,1,BMD00028,missing,SRP193431,Plasma
SRR9982531,missing,Bisulfite-Seq,296,3332382501,"Peking Union\, Naixin Liang",PRJNA534206,SAMN12258159,Human,1159302672,DEPARTMENT OF THORACIC SURGERY,public,"fastq,run.zq,sra","s3,ncbi,gs","gs.us-east1,s3.us-east-1,ncbi.public",SRX6723624,Illumina NovaSeq 6000,BMD00025,BMD00025,PAIRED,Hybrid Selection,GENOMIC,Homo sapiens,ILLUMINA,2019-12-31T00:00:00Z,2019-08-16T06:17:00Z,1,BMD00025,missing,SRP193431,Plasma
SRR9982532,missing,Bisulfite-Seq,293,3423353190,"Peking Union\, Naixin Liang",PRJNA534206,SAMN12258160,Human,2092249583,DEPARTMENT OF THORACIC SURGERY,public,"sra,run.zq,fastq","gs,ncbi,s3","gs.us-east1,s3.us-east-1,ncbi.public",SRX6723623,Illumina NovaSeq 6000,BMD00026,BMD00026,PAIRED,Hybrid Selection,GENOMIC,Homo sapiens,ILLUMINA,2019-12-31T00:00:00Z,2019-08-16T06:19:00Z,1,BMD00026,missing,SRP193431,Plasma
SRR9982533,missing,Bisulfite-Seq,296,3398233227,"Peking Union\, Naixin Liang",PRJNA534206,SAMN12258157,Human,1183867710,DEPARTMENT OF THORACIC SURGERY,public,"run.zq,fastq,sra","s3,ncbi,gs","gs.us-east1,ncbi.public,s3.us-east-1",SRX6723622,Illumina NovaSeq 6000,BMD00023,BMD00023,PAIRED,Hybrid Selection,GENOMIC,Homo sapiens,ILLUMINA,2019-12-31T00:00:00Z,2019-08-16T06:17:00Z,1,BMD00023,missing,SRP193431,Plasma
SRR9982534,missing,Bisulfite-Seq,296,2789739719,"Peking Union\, Naixin Liang",PRJNA534206,SAMN12258158,Human,970879805,DEPARTMENT OF THORACIC SURGERY,public,"fastq,run.zq,sra","ncbi,gs,s3","gs.us-east1,ncbi.public,s3.us-east-1",SRX6723621,Illumina NovaSeq 6000,BMD00024,BMD00024,PAIRED,Hybrid Selection,GENOMIC,Homo sapiens,ILLUMINA,2019-12-31T00:00:00Z,2019-08-16T06:16:00Z,1,BMD00024,missing,SRP193431,Plasma
SRR9982535,missing,Bisulfite-Seq,296,4093469774,"Peking Union\, Naixin Liang",PRJNA534206,SAMN12258155,Human,1434010458,DEPARTMENT OF THORACIC SURGERY,public,"fastq,sra,run.zq","s3,ncbi,gs","gs.us-east1,s3.us-east-1,ncbi.public",SRX6723620,Illumina NovaSeq 6000,BMD00021,BMD00021,PAIRED,Hybrid Selection,GENOMIC,Homo sapiens,ILLUMINA,2019-12-31T00:00:00Z,2019-08-16T06:17:00Z,1,BMD00021,missing,SRP193431,Plasma
SRR9982536,missing,Bisulfite-Seq,296,3543888826,"Peking Union\, Naixin Liang",PRJNA534206,SAMN12258156,Human,1241173227,DEPARTMENT OF THORACIC SURGERY,public,"sra,fastq,run.zq","ncbi,s3,gs","ncbi.public,s3.us-east-1,gs.us-east1",SRX6723619,Illumina NovaSeq 6000,BMD00022,BMD00022,PAIRED,Hybrid Selection,GENOMIC,Homo sapiens,ILLUMINA,2019-12-31T00:00:00Z,2019-08-16T06:18:00Z,1,BMD00022,missing,SRP193431,Plasma
SRR9982537,missing,Bisulfite-Seq,292,6066521535,"Peking Union\, Naixin Liang",PRJNA534206,SAMN12259016,Human,2194806938,DEPARTMENT OF THORACIC SURGERY,public,"fastq,run.zq,sra","gs,ncbi,s3","s3.us-east-1,gs.us-east1,ncbi.public",SRX6723618,Illumina NovaSeq 6000,BMD00886,BMD00886,PAIRED,Hybrid Selection,GENOMIC,Homo sapiens,ILLUMINA,2019-12-31T00:00:00Z,2019-08-16T06:23:00Z,1,BMD00886,missing,SRP193431,Plasma
SRR9982538,missing,Bisulfite-Seq,296,7948918327,"Peking Union\, Naixin Liang",PRJNA534206,SAMN12258219,Human,2882947322,DEPARTMENT OF THORACIC SURGERY,public,"sra,fastq,run.zq","gs,ncbi,s3","s3.us-east-1,ncbi.public,gs.us-east1",SRX6723617,Illumina NovaSeq 6000,BMD00085,BMD00085,PAIRED,Hybrid Selection,GENOMIC,Homo sapiens,ILLUMINA,2019-12-31T00:00:00Z,2019-08-16T06:27:00Z,1,BMD00085,missing,SRP193431,Plasma
SRR9982539,missing,Bisulfite-Seq,294,2640447459,"Peking Union\, Naixin Liang",PRJNA534206,SAMN12258163,Human,1563256327,DEPARTMENT OF THORACIC SURGERY,public,"sra,fastq,run.zq","ncbi,s3,gs","gs.us-east1,s3.us-east-1,ncbi.public",SRX6723616,Illumina NovaSeq 6000,BMD00029,BMD00029,PAIRED,Hybrid Selection,GENOMIC,Homo sapiens,ILLUMINA,2019-12-31T00:00:00Z,2019-08-16T06:18:00Z,1,BMD00029,missing,SRP193431,Plasma
SRR9982540,missing,Bisulfite-Seq,294,3178065842,"Peking Union\, Naixin Liang",PRJNA534206,SAMN12258164,Human,1878262883,DEPARTMENT OF THORACIC SURGERY,public,"run.zq,sra,fastq","gs,ncbi,s3","s3.us-east-1,ncbi.public,gs.us-east1",SRX6723615,Illumina NovaSeq 6000,BMD00030,BMD00030,PAIRED,Hybrid Selection,GENOMIC,Homo sapiens,ILLUMINA,2019-12-31T00:00:00Z,2019-08-16T06:17:00Z,1,BMD00030,missing,SRP193431,Plasma
SRR9982541,missing,Bisulfite-Seq,301,4831221231,"Peking Union\, Naixin Liang",PRJNA534206,SAMN12258833,Human,1870338070,DEPARTMENT OF THORACIC SURGERY,public,"sra,run.zq,fastq","ncbi,gs,s3","ncbi.public,s3.us-east-1,gs.us-east1",SRX6723614,Illumina NovaSeq 6000,BMD00714,BMD00714,PAIRED,Hybrid Selection,GENOMIC,Homo sapiens,ILLUMINA,2019-12-31T00:00:00Z,2019-08-16T06:22:00Z,1,BMD00714,missing,SRP193431,Plasma
SRR9982542,missing,Bisulfite-Seq,297,4558732066,"Peking Union\, Naixin Liang",PRJNA534206,SAMN12258220,Human,1644015969,DEPARTMENT OF THORACIC SURGERY,public,"sra,run.zq,fastq","gs,s3,ncbi","ncbi.public,s3.us-east-1,gs.us-east1",SRX6723613,Illumina NovaSeq 6000,BMD00086,BMD00086,PAIRED,Hybrid Selection,GENOMIC,Homo sapiens,ILLUMINA,2019-12-31T00:00:00Z,2019-08-16T06:20:00Z,1,BMD00086,missing,SRP193431,Plasma
SRR9982543,missing,Bisulfite-Seq,282,3518055961,"Peking Union\, Naixin Liang",PRJNA534206,SAMN12258294,Human,1231151035,DEPARTMENT OF THORACIC SURGERY,public,"fastq,sra,run.zq","ncbi,gs,s3","ncbi.public,gs.us-east1,s3.us-east-1",SRX6723612,Illumina NovaSeq 6000,BMD00160,BMD00160,PAIRED,Hybrid Selection,GENOMIC,Homo sapiens,ILLUMINA,2019-12-31T00:00:00Z,2019-08-16T06:17:00Z,1,BMD00160,missing,SRP193431,Plasma
SRR9982544,missing,Bisulfite-Seq,282,3913346001,"Peking Union\, Naixin Liang",PRJNA534206,SAMN12258293,Human,1375029487,DEPARTMENT OF THORACIC SURGERY,public,"fastq,sra,run.zq","gs,ncbi,s3","ncbi.public,gs.us-east1,s3.us-east-1",SRX6723611,Illumina NovaSeq 6000,BMD00159,BMD00159,PAIRED,Hybrid Selection,GENOMIC,Homo sapiens,ILLUMINA,2019-12-31T00:00:00Z,2019-08-16T06:19:00Z,1,BMD00159,missing,SRP193431,Plasma
SRR9982545,missing,Bisulfite-Seq,298,6885679904,"Peking Union\, Naixin Liang",PRJNA534206,SAMN12258544,Human,2411064875,DEPARTMENT OF THORACIC SURGERY,public,"run.zq,sra,fastq","s3,ncbi,gs","ncbi.public,gs.us-east1,s3.us-east-1",SRX6723610,Illumina NovaSeq 6000,BMD00411,BMD00411,PAIRED,Hybrid Selection,GENOMIC,Homo sapiens,ILLUMINA,2019-12-31T00:00:00Z,2019-08-16T06:24:00Z,1,BMD00411,missing,SRP193431,Plasma
SRR9982546,missing,Bisulfite-Seq,299,8066604930,"Peking Union\, Naixin Liang",PRJNA534206,SAMN12258543,Human,2834904612,DEPARTMENT OF THORACIC SURGERY,public,"sra,run.zq,fastq","gs,s3,ncbi","ncbi.public,s3.us-east-1,gs.us-east1",SRX6723609,Illumina NovaSeq 6000,BMD00410,BMD00410,PAIRED,Hybrid Selection,GENOMIC,Homo sapiens,ILLUMINA,2019-12-31T00:00:00Z,2019-08-16T06:23:00Z,1,BMD00410,missing,SRP193431,Plasma
SRR9982547,missing,Bisulfite-Seq,297,5335940321,"Peking Union\, Naixin Liang",PRJNA534206,SAMN12258223,Human,1936817273,DEPARTMENT OF THORACIC SURGERY,public,"sra,fastq,run.zq","ncbi,gs,s3","gs.us-east1,s3.us-east-1,ncbi.public",SRX6723608,Illumina NovaSeq 6000,BMD00089,BMD00089,PAIRED,Hybrid Selection,GENOMIC,Homo sapiens,ILLUMINA,2019-12-31T00:00:00Z,2019-08-16T06:22:00Z,1,BMD00089,missing,SRP193431,Plasma
SRR9982548,missing,Bisulfite-Seq,291,3984367812,"Peking Union\, Naixin Liang",PRJNA534206,SAMN12258538,Human,2414047550,DEPARTMENT OF THORACIC SURGERY,public,"run.zq,fastq,sra","ncbi,s3,gs","ncbi.public,gs.us-east1,s3.us-east-1",SRX6723607,Illumina NovaSeq 6000,BMD00405,BMD00405,PAIRED,Hybrid Selection,GENOMIC,Homo sapiens,ILLUMINA,2019-12-31T00:00:00Z,2019-08-16T06:21:00Z,1,BMD00405,missing,SRP193431,Plasma
SRR9982549,missing,Bisulfite-Seq,288,3923107225,"Peking Union\, Naixin Liang",PRJNA534206,SAMN12258537,Human,2365308741,DEPARTMENT OF THORACIC SURGERY,public,"fastq,run.zq,sra","gs,ncbi,s3","s3.us-east-1,gs.us-east1,ncbi.public",SRX6723606,Illumina NovaSeq 6000,BMD00404,BMD00404,PAIRED,Hybrid Selection,GENOMIC,Homo sapiens,ILLUMINA,2019-12-31T00:00:00Z,2019-08-16T06:20:00Z,1,BMD00404,missing,SRP193431,Plasma
SRR9982550,missing,Bisulfite-Seq,295,4828784417,"Peking Union\, Naixin Liang",PRJNA534206,SAMN12258536,Human,1738753833,DEPARTMENT OF THORACIC SURGERY,public,"run.zq,fastq,sra","ncbi,s3,gs","s3.us-east-1,ncbi.public,gs.us-east1",SRX6723605,Illumina NovaSeq 6000,BMD00403,BMD00403,PAIRED,Hybrid Selection,GENOMIC,Homo sapiens,ILLUMINA,2019-12-31T00:00:00Z,2019-08-16T06:19:00Z,1,BMD00403,missing,SRP193431,Plasma
SRR9982551,missing,Bisulfite-Seq,294,5753451708,"Peking Union\, Naixin Liang",PRJNA534206,SAMN12258535,Human,2084468335,DEPARTMENT OF THORACIC SURGERY,public,"fastq,run.zq,sra","gs,ncbi,s3","gs.us-east1,ncbi.public,s3.us-east-1",SRX6723604,Illumina NovaSeq 6000,BMD00402,BMD00402,PAIRED,Hybrid Selection,GENOMIC,Homo sapiens,ILLUMINA,2019-12-31T00:00:00Z,2019-08-16T06:23:00Z,1,BMD00402,missing,SRP193431,Plasma
SRR9982552,missing,Bisulfite-Seq,282,4574126691,"Peking Union\, Naixin Liang",PRJNA534206,SAMN12258290,Human,1603264701,DEPARTMENT OF THORACIC SURGERY,public,"sra,run.zq,fastq","gs,s3,ncbi","s3.us-east-1,ncbi.public,gs.us-east1",SRX6723603,Illumina NovaSeq 6000,BMD00156,BMD00156,PAIRED,Hybrid Selection,GENOMIC,Homo sapiens,ILLUMINA,2019-12-31T00:00:00Z,2019-08-16T06:20:00Z,1,BMD00156,missing,SRP193431,Plasma
SRR9982553,missing,Bisulfite-Seq,282,4125632351,"Peking Union\, Naixin Liang",PRJNA534206,SAMN12258289,Human,1455928317,DEPARTMENT OF THORACIC SURGERY,public,"run.zq,sra,fastq","gs,ncbi,s3","gs.us-east1,s3.us-east-1,ncbi.public",SRX6723602,Illumina NovaSeq 6000,BMD00155,BMD00155,PAIRED,Hybrid Selection,GENOMIC,Homo sapiens,ILLUMINA,2019-12-31T00:00:00Z,2019-08-16T06:19:00Z,1,BMD00155,missing,SRP193431,Plasma
SRR9982554,missing,Bisulfite-Seq,291,4559241418,"Peking Union\, Naixin Liang",PRJNA534206,SAMN12258540,Human,2768199431,DEPARTMENT OF THORACIC SURGERY,public,"sra,run.zq,fastq","s3,ncbi,gs","s3.us-east-1,ncbi.public,gs.us-east1",SRX6723601,Illumina NovaSeq 6000,BMD00407,BMD00407,PAIRED,Hybrid Selection,GENOMIC,Homo sapiens,ILLUMINA,2019-12-31T00:00:00Z,2019-08-16T06:22:00Z,1,BMD00407,missing,SRP193431,Plasma
SRR9982555,missing,Bisulfite-Seq,292,3976744042,"Peking Union\, Naixin Liang",PRJNA534206,SAMN12258539,Human,2407048226,DEPARTMENT OF THORACIC SURGERY,public,"sra,run.zq,fastq","s3,gs,ncbi","gs.us-east1,ncbi.public,s3.us-east-1",SRX6723600,Illumina NovaSeq 6000,BMD00406,BMD00406,PAIRED,Hybrid Selection,GENOMIC,Homo sapiens,ILLUMINA,2019-12-31T00:00:00Z,2019-08-16T06:19:00Z,1,BMD00406,missing,SRP193431,Plasma
SRR9982556,missing,Bisulfite-Seq,296,4780969874,"Peking Union\, Naixin Liang",PRJNA534206,SAMN12258637,Human,1794324067,DEPARTMENT OF THORACIC SURGERY,public,"fastq,run.zq,sra","gs,s3,ncbi","gs.us-east1,ncbi.public,s3.us-east-1",SRX6723599,Illumina NovaSeq 6000,BMD00504,BMD00504,PAIRED,Hybrid Selection,GENOMIC,Homo sapiens,ILLUMINA,2019-12-31T00:00:00Z,2019-08-16T06:19:00Z,1,BMD00504,missing,SRP193431,Plasma
SRR9982557,missing,Bisulfite-Seq,294,5683300519,"Peking Union\, Naixin Liang",PRJNA534206,SAMN12258990,Human,2061008587,DEPARTMENT OF THORACIC SURGERY,public,"fastq,run.zq,sra","gs,s3,ncbi","ncbi.public,gs.us-east1,s3.us-east-1",SRX6723598,Illumina NovaSeq 6000,BMD00859,BMD00859,PAIRED,Hybrid Selection,GENOMIC,Homo sapiens,ILLUMINA,2019-12-31T00:00:00Z,2019-08-16T06:25:00Z,1,BMD00859,missing,SRP193431,Plasma
SRR9982558,missing,Bisulfite-Seq,297,3525398627,"Peking Union\, Naixin Liang",PRJNA534206,SAMN12258210,Human,1261276904,DEPARTMENT OF THORACIC SURGERY,public,"run.zq,fastq,sra","gs,ncbi,s3","ncbi.public,gs.us-east1,s3.us-east-1",SRX6723597,Illumina NovaSeq 6000,BMD00076,BMD00076,PAIRED,Hybrid Selection,GENOMIC,Homo sapiens,ILLUMINA,2019-12-31T00:00:00Z,2019-08-16T06:19:00Z,1,BMD00076,missing,SRP193431,Plasma
SRR9982559,missing,Bisulfite-Seq,292,4706856367,"Peking Union\, Naixin Liang",PRJNA534206,SAMN12258967,Human,1792206720,DEPARTMENT OF THORACIC SURGERY,public,"fastq,run.zq,sra","s3,ncbi,gs","gs.us-east1,s3.us-east-1,ncbi.public",SRX6723596,Illumina NovaSeq 6000,BMD00835,BMD00835,PAIRED,Hybrid Selection,GENOMIC,Homo sapiens,ILLUMINA,2019-12-31T00:00:00Z,2019-08-16T06:23:00Z,1,BMD00835,missing,SRP193431,Plasma
SRR9982560,missing,Bisulfite-Seq,292,4017505726,"Peking Union\, Naixin Liang",PRJNA534206,SAMN12258968,Human,1525370790,DEPARTMENT OF THORACIC SURGERY,public,"sra,run.zq,fastq","gs,s3,ncbi","s3.us-east-1,gs.us-east1,ncbi.public",SRX6723595,Illumina NovaSeq 6000,BMD00836,BMD00836,PAIRED,Hybrid Selection,GENOMIC,Homo sapiens,ILLUMINA,2019-12-31T00:00:00Z,2019-08-16T06:19:00Z,1,BMD00836,missing,SRP193431,Plasma
SRR9982561,missing,Bisulfite-Seq,290,5139084444,"Peking Union\, Naixin Liang",PRJNA534206,SAMN12258965,Human,1943262429,DEPARTMENT OF THORACIC SURGERY,public,"sra,run.zq,fastq","ncbi,s3,gs","ncbi.public,gs.us-east1,s3.us-east-1",SRX6723594,Illumina NovaSeq 6000,BMD00833,BMD00833,PAIRED,Hybrid Selection,GENOMIC,Homo sapiens,ILLUMINA,2019-12-31T00:00:00Z,2019-08-16T06:24:00Z,1,BMD00833,missing,SRP193431,Plasma
SRR9982562,missing,Bisulfite-Seq,292,4890099714,"Peking Union\, Naixin Liang",PRJNA534206,SAMN12258966,Human,1851931629,DEPARTMENT OF THORACIC SURGERY,public,"fastq,sra,run.zq","s3,gs,ncbi","ncbi.public,s3.us-east-1,gs.us-east1",SRX6723593,Illumina NovaSeq 6000,BMD00834,BMD00834,PAIRED,Hybrid Selection,GENOMIC,Homo sapiens,ILLUMINA,2019-12-31T00:00:00Z,2019-08-16T06:22:00Z,1,BMD00834,missing,SRP193431,Plasma
SRR9982563,missing,Bisulfite-Seq,282,2524617441,"Peking Union\, Naixin Liang",PRJNA534206,SAMN12258286,Human,877852354,DEPARTMENT OF THORACIC SURGERY,public,"sra,run.zq,fastq","gs,ncbi,s3","ncbi.public,gs.us-east1,s3.us-east-1",SRX6723592,Illumina NovaSeq 6000,BMD00152,BMD00152,PAIRED,Hybrid Selection,GENOMIC,Homo sapiens,ILLUMINA,2019-12-31T00:00:00Z,2019-08-16T06:17:00Z,1,BMD00152,missing,SRP193431,Plasma
SRR9982564,missing,Bisulfite-Seq,294,6647388621,"Peking Union\, Naixin Liang",PRJNA534206,SAMN12258972,Human,2462308484,DEPARTMENT OF THORACIC SURGERY,public,"run.zq,sra,fastq","s3,gs,ncbi","s3.us-east-1,ncbi.public,gs.us-east1",SRX6723591,Illumina NovaSeq 6000,BMD00840,BMD00840,PAIRED,Hybrid Selection,GENOMIC,Homo sapiens,ILLUMINA,2019-12-31T00:00:00Z,2019-08-16T06:27:00Z,1,BMD00840,missing,SRP193431,Plasma
SRR9982565,missing,Bisulfite-Seq,293,12002843674,"Peking Union\, Naixin Liang",PRJNA534206,SAMN12258969,Human,4665140239,DEPARTMENT OF THORACIC SURGERY,public,"fastq,run.zq,sra","gs,s3,ncbi","gs.us-east1,s3.us-east-1,ncbi.public",SRX6723590,Illumina NovaSeq 6000,BMD00837,BMD00837,PAIRED,Hybrid Selection,GENOMIC,Homo sapiens,ILLUMINA,2019-12-31T00:00:00Z,2019-08-16T06:39:00Z,1,BMD00837,missing,SRP193431,Plasma
SRR9982566,missing,Bisulfite-Seq,294,11440190626,"Peking Union\, Naixin Liang",PRJNA534206,SAMN12258970,Human,4508285371,DEPARTMENT OF THORACIC SURGERY,public,"fastq,run.zq,sra","ncbi,s3,gs","gs.us-east1,ncbi.public,s3.us-east-1",SRX6723589,Illumina NovaSeq 6000,BMD00838,BMD00838,PAIRED,Hybrid Selection,GENOMIC,Homo sapiens,ILLUMINA,2019-12-31T00:00:00Z,2019-08-16T06:36:00Z,1,BMD00838,missing,SRP193431,Plasma
SRR9982567,missing,Bisulfite-Seq,281,3860133143,"Peking Union\, Naixin Liang",PRJNA534206,SAMN12258285,Human,1356705647,DEPARTMENT OF THORACIC SURGERY,public,"fastq,sra,run.zq","gs,ncbi,s3","ncbi.public,s3.us-east-1,gs.us-east1",SRX6723588,Illumina NovaSeq 6000,BMD00151,BMD00151,PAIRED,Hybrid Selection,GENOMIC,Homo sapiens,ILLUMINA,2019-12-31T00:00:00Z,2019-08-16T06:20:00Z,1,BMD00151,missing,SRP193431,Plasma
SRR9982568,missing,Bisulfite-Seq,294,5889093261,"Peking Union\, Naixin Liang",PRJNA534206,SAMN12258974,Human,2257129705,DEPARTMENT OF THORACIC SURGERY,public,"fastq,run.zq,sra","s3,gs,ncbi","ncbi.public,gs.us-east1,s3.us-east-1",SRX6723587,Illumina NovaSeq 6000,BMD00842,BMD00842,PAIRED,Hybrid Selection,GENOMIC,Homo sapiens,ILLUMINA,2019-12-31T00:00:00Z,2019-08-16T06:25:00Z,1,BMD00842,missing,SRP193431,Plasma
SRR9982569,missing,Bisulfite-Seq,296,6070656419,"Peking Union\, Naixin Liang",PRJNA534206,SAMN12258985,Human,2166212691,DEPARTMENT OF THORACIC SURGERY,public,"fastq,sra,run.zq","s3,gs,ncbi","ncbi.public,gs.us-east1,s3.us-east-1",SRX6723586,Illumina NovaSeq 6000,BMD00854,BMD00854,PAIRED,Hybrid Selection,GENOMIC,Homo sapiens,ILLUMINA,2019-12-31T00:00:00Z,2019-08-16T06:25:00Z,1,BMD00854,missing,SRP193431,Plasma
SRR9982570,missing,Bisulfite-Seq,282,4268373806,"Peking Union\, Naixin Liang",PRJNA534206,SAMN12258288,Human,1488816918,DEPARTMENT OF THORACIC SURGERY,public,"run.zq,sra,fastq","gs,s3,ncbi","gs.us-east1,s3.us-east-1,ncbi.public",SRX6723585,Illumina NovaSeq 6000,BMD00154,BMD00154,PAIRED,Hybrid Selection,GENOMIC,Homo sapiens,ILLUMINA,2019-12-31T00:00:00Z,2019-08-16T06:22:00Z,1,BMD00154,missing,SRP193431,Plasma
SRR9982571,missing,Bisulfite-Seq,294,5829636336,"Peking Union\, Naixin Liang",PRJNA534206,SAMN12258986,Human,2087643184,DEPARTMENT OF THORACIC SURGERY,public,"fastq,run.zq,sra","s3,gs,ncbi","ncbi.public,gs.us-east1,s3.us-east-1",SRX6723584,Illumina NovaSeq 6000,BMD00855,BMD00855,PAIRED,Hybrid Selection,GENOMIC,Homo sapiens,ILLUMINA,2019-12-31T00:00:00Z,2019-08-16T06:22:00Z,1,BMD00855,missing,SRP193431,Plasma
SRR9982572,missing,Bisulfite-Seq,291,3091263341,"Peking Union\, Naixin Liang",PRJNA534206,SAMN12258144,Human,1065987795,DEPARTMENT OF THORACIC SURGERY,public,"fastq,run.zq,sra","s3,ncbi,gs","s3.us-east-1,ncbi.public,gs.us-east1",SRX6723583,Illumina NovaSeq 6000,BMD00010,BMD00010,PAIRED,Hybrid Selection,GENOMIC,Homo sapiens,ILLUMINA,2019-12-31T00:00:00Z,2019-08-16T06:19:00Z,1,BMD00010,missing,SRP193431,Plasma
SRR9982573,missing,Bisulfite-Seq,289,3026298398,"Peking Union\, Naixin Liang",PRJNA534206,SAMN12258143,Human,1848620296,DEPARTMENT OF THORACIC SURGERY,public,"fastq,sra,run.zq","s3,ncbi,gs","ncbi.public,gs.us-east1,s3.us-east-1",SRX6723582,Illumina NovaSeq 6000,BMD00009,BMD00009,PAIRED,Hybrid Selection,GENOMIC,Homo sapiens,ILLUMINA,2019-12-31T00:00:00Z,2019-08-16T06:21:00Z,1,BMD00009,missing,SRP193431,Plasma
SRR9982574,missing,Bisulfite-Seq,282,3851117159,"Peking Union\, Naixin Liang",PRJNA534206,SAMN12258287,Human,1368937591,DEPARTMENT OF THORACIC SURGERY,public,"fastq,run.zq,sra","gs,s3,ncbi","gs.us-east1,s3.us-east-1,ncbi.public",SRX6723581,Illumina NovaSeq 6000,BMD00153,BMD00153,PAIRED,Hybrid Selection,GENOMIC,Homo sapiens,ILLUMINA,2019-12-31T00:00:00Z,2019-08-16T06:21:00Z,1,BMD00153,missing,SRP193431,Plasma
SRR9982575,missing,Bisulfite-Seq,291,3426816944,"Peking Union\, Naixin Liang",PRJNA534206,SAMN12258140,Human,2087482082,DEPARTMENT OF THORACIC SURGERY,public,"run.zq,fastq,sra","gs,ncbi,s3","ncbi.public,s3.us-east-1,gs.us-east1",SRX6723580,Illumina NovaSeq 6000,BMD00006,BMD00006,PAIRED,Hybrid Selection,GENOMIC,Homo sapiens,ILLUMINA,2019-12-31T00:00:00Z,2019-08-16T06:22:00Z,1,BMD00006,missing,SRP193431,Plasma
SRR9982576,missing,Bisulfite-Seq,295,6983404960,"Peking Union\, Naixin Liang",PRJNA534206,SAMN12258139,Human,2484969673,DEPARTMENT OF THORACIC SURGERY,public,"sra,fastq,run.zq","gs,s3,ncbi","s3.us-east-1,ncbi.public,gs.us-east1",SRX6723579,Illumina NovaSeq 6000,BMD00005,BMD00005,PAIRED,Hybrid Selection,GENOMIC,Homo sapiens,ILLUMINA,2019-12-31T00:00:00Z,2019-08-16T06:24:00Z,1,BMD00005,missing,SRP193431,Plasma
SRR9982577,missing,Bisulfite-Seq,295,3146327314,"Peking Union\, Naixin Liang",PRJNA534206,SAMN12258142,Human,1925065848,DEPARTMENT OF THORACIC SURGERY,public,"fastq,run.zq,sra","gs,ncbi,s3","ncbi.public,s3.us-east-1,gs.us-east1",SRX6723578,Illumina NovaSeq 6000,BMD00008,BMD00008,PAIRED,Hybrid Selection,GENOMIC,Homo sapiens,ILLUMINA,2019-12-31T00:00:00Z,2019-08-16T06:21:00Z,1,BMD00008,missing,SRP193431,Plasma
SRR9982578,missing,Bisulfite-Seq,296,4030872793,"Peking Union\, Naixin Liang",PRJNA534206,SAMN12258141,Human,2444423633,DEPARTMENT OF THORACIC SURGERY,public,"run.zq,sra,fastq","gs,s3,ncbi","gs.us-east1,ncbi.public,s3.us-east-1",SRX6723577,Illumina NovaSeq 6000,BMD00007,BMD00007,PAIRED,Hybrid Selection,GENOMIC,Homo sapiens,ILLUMINA,2019-12-31T00:00:00Z,2019-08-16T06:22:00Z,1,BMD00007,missing,SRP193431,Plasma
SRR9982579,missing,Bisulfite-Seq,285,3586882148,"Peking Union\, Naixin Liang",PRJNA534206,SAMN12258136,Human,2221940184,DEPARTMENT OF THORACIC SURGERY,public,"fastq,sra,run.zq","gs,ncbi,s3","s3.us-east-1,gs.us-east1,ncbi.public",SRX6723576,Illumina NovaSeq 6000,BMD00002,BMD00002,PAIRED,Hybrid Selection,GENOMIC,Homo sapiens,ILLUMINA,2019-12-31T00:00:00Z,2019-08-16T06:22:00Z,1,BMD00002,missing,SRP193431,Plasma
SRR9982580,missing,Bisulfite-Seq,287,4809887614,"Peking Union\, Naixin Liang",PRJNA534206,SAMN12258135,Human,2980457075,DEPARTMENT OF THORACIC SURGERY,public,"fastq,run.zq,sra","s3,gs,ncbi","gs.us-east1,s3.us-east-1,ncbi.public",SRX6723575,Illumina NovaSeq 6000,BMD00001,BMD00001,PAIRED,Hybrid Selection,GENOMIC,Homo sapiens,ILLUMINA,2019-12-31T00:00:00Z,2019-08-16T06:25:00Z,1,BMD00001,missing,SRP193431,Plasma
SRR9982581,missing,Bisulfite-Seq,274,4331708207,"Peking Union\, Naixin Liang",PRJNA534206,SAMN12258138,Human,2681681860,DEPARTMENT OF THORACIC SURGERY,public,"fastq,run.zq,sra","s3,ncbi,gs","ncbi.public,gs.us-east1,s3.us-east-1",SRX6723574,Illumina NovaSeq 6000,BMD00004,BMD00004,PAIRED,Hybrid Selection,GENOMIC,Homo sapiens,ILLUMINA,2019-12-31T00:00:00Z,2019-08-16T06:23:00Z,1,BMD00004,missing,SRP193431,Plasma
SRR9982582,missing,Bisulfite-Seq,277,4191722554,"Peking Union\, Naixin Liang",PRJNA534206,SAMN12258137,Human,2602666135,DEPARTMENT OF THORACIC SURGERY,public,"run.zq,sra,fastq","ncbi,gs,s3","s3.us-east-1,ncbi.public,gs.us-east1",SRX6723573,Illumina NovaSeq 6000,BMD00003,BMD00003,PAIRED,Hybrid Selection,GENOMIC,Homo sapiens,ILLUMINA,2019-12-31T00:00:00Z,2019-08-16T06:26:00Z,1,BMD00003,missing,SRP193431,Plasma
SRR9982583,missing,Bisulfite-Seq,298,7720686822,"Peking Union\, Naixin Liang",PRJNA534206,SAMN12258541,Human,2732858593,DEPARTMENT OF THORACIC SURGERY,public,"fastq,sra,run.zq","ncbi,gs,s3","s3.us-east-1,ncbi.public,gs.us-east1",SRX6723572,Illumina NovaSeq 6000,BMD00408,BMD00408,PAIRED,Hybrid Selection,GENOMIC,Homo sapiens,ILLUMINA,2019-12-31T00:00:00Z,2019-08-16T06:29:00Z,1,BMD00408,missing,SRP193431,Plasma
SRR9982584,missing,Bisulfite-Seq,282,3731473660,"Peking Union\, Naixin Liang",PRJNA534206,SAMN12258292,Human,1307707309,DEPARTMENT OF THORACIC SURGERY,public,"run.zq,sra,fastq","ncbi,gs,s3","gs.us-east1,ncbi.public,s3.us-east-1",SRX6723571,Illumina NovaSeq 6000,BMD00158,BMD00158,PAIRED,Hybrid Selection,GENOMIC,Homo sapiens,ILLUMINA,2019-12-31T00:00:00Z,2019-08-16T06:22:00Z,1,BMD00158,missing,SRP193431,Plasma
SRR9982585,missing,Bisulfite-Seq,282,2969344602,"Peking Union\, Naixin Liang",PRJNA534206,SAMN12258291,Human,1045141560,DEPARTMENT OF THORACIC SURGERY,public,"fastq,sra,run.zq","s3,gs,ncbi","ncbi.public,gs.us-east1,s3.us-east-1",SRX6723570,Illumina NovaSeq 6000,BMD00157,BMD00157,PAIRED,Hybrid Selection,GENOMIC,Homo sapiens,ILLUMINA,2019-12-31T00:00:00Z,2019-08-16T06:19:00Z,1,BMD00157,missing,SRP193431,Plasma
SRR9982586,missing,Bisulfite-Seq,295,5240602023,"Peking Union\, Naixin Liang",PRJNA534206,SAMN12258993,Human,1893157947,DEPARTMENT OF THORACIC SURGERY,public,"fastq,sra,run.zq","ncbi,s3,gs","s3.us-east-1,ncbi.public,gs.us-east1",SRX6723569,Illumina NovaSeq 6000,BMD00863,BMD00863,PAIRED,Hybrid Selection,GENOMIC,Homo sapiens,ILLUMINA,2019-12-31T00:00:00Z,2019-08-16T06:25:00Z,1,BMD00863,missing,SRP193431,Plasma
SRR9982587,missing,Bisulfite-Seq,295,5418169537,"Peking Union\, Naixin Liang",PRJNA534206,SAMN12259000,Human,1963608247,DEPARTMENT OF THORACIC SURGERY,public,"run.zq,fastq,sra","s3,ncbi,gs","s3.us-east-1,gs.us-east1,ncbi.public",SRX6723568,Illumina NovaSeq 6000,BMD00870,BMD00870,PAIRED,Hybrid Selection,GENOMIC,Homo sapiens,ILLUMINA,2019-12-31T00:00:00Z,2019-08-16T06:25:00Z,1,BMD00870,missing,SRP193431,Plasma
SRR9982588,missing,Bisulfite-Seq,298,3906656149,"Peking Union\, Naixin Liang",PRJNA534206,SAMN12258672,Human,1476202134,DEPARTMENT OF THORACIC SURGERY,public,"run.zq,sra,fastq","ncbi,s3,gs","s3.us-east-1,gs.us-east1,ncbi.public",SRX6723567,Illumina NovaSeq 6000,BMD00539,BMD00539,PAIRED,Hybrid Selection,GENOMIC,Homo sapiens,ILLUMINA,2019-12-31T00:00:00Z,2019-08-16T06:23:00Z,1,BMD00539,missing,SRP193431,Plasma
SRR9982589,missing,Bisulfite-Seq,297,4606461939,"Peking Union\, Naixin Liang",PRJNA534206,SAMN12258671,Human,1728674795,DEPARTMENT OF THORACIC SURGERY,public,"fastq,sra,run.zq","ncbi,gs,s3","s3.us-east-1,ncbi.public,gs.us-east1",SRX6723566,Illumina NovaSeq 6000,BMD00538,BMD00538,PAIRED,Hybrid Selection,GENOMIC,Homo sapiens,ILLUMINA,2019-12-31T00:00:00Z,2019-08-16T06:21:00Z,1,BMD00538,missing,SRP193431,Plasma
SRR9982590,missing,Bisulfite-Seq,298,3752645123,"Peking Union\, Naixin Liang",PRJNA534206,SAMN12258670,Human,1416629337,DEPARTMENT OF THORACIC SURGERY,public,"sra,run.zq,fastq","gs,ncbi,s3","gs.us-east1,s3.us-east-1,ncbi.public",SRX6723565,Illumina NovaSeq 6000,BMD00537,BMD00537,PAIRED,Hybrid Selection,GENOMIC,Homo sapiens,ILLUMINA,2019-12-31T00:00:00Z,2019-08-16T06:21:00Z,1,BMD00537,missing,SRP193431,Plasma
SRR9982591,missing,Bisulfite-Seq,297,4514438039,"Peking Union\, Naixin Liang",PRJNA534206,SAMN12258669,Human,1682430019,DEPARTMENT OF THORACIC SURGERY,public,"fastq,sra,run.zq","ncbi,s3,gs","s3.us-east-1,gs.us-east1,ncbi.public",SRX6723564,Illumina NovaSeq 6000,BMD00536,BMD00536,PAIRED,Hybrid Selection,GENOMIC,Homo sapiens,ILLUMINA,2019-12-31T00:00:00Z,2019-08-16T06:22:00Z,1,BMD00536,missing,SRP193431,Plasma
SRR9982592,missing,Bisulfite-Seq,296,3802186925,"Peking Union\, Naixin Liang",PRJNA534206,SAMN12258668,Human,1454889408,DEPARTMENT OF THORACIC SURGERY,public,"sra,run.zq,fastq","ncbi,gs,s3","s3.us-east-1,ncbi.public,gs.us-east1",SRX6723563,Illumina NovaSeq 6000,BMD00535,BMD00535,PAIRED,Hybrid Selection,GENOMIC,Homo sapiens,ILLUMINA,2019-12-31T00:00:00Z,2019-08-16T06:21:00Z,1,BMD00535,missing,SRP193431,Plasma
SRR9982593,missing,Bisulfite-Seq,297,4471534887,"Peking Union\, Naixin Liang",PRJNA534206,SAMN12258667,Human,1695468280,DEPARTMENT OF THORACIC SURGERY,public,"sra,fastq,run.zq","s3,ncbi,gs","s3.us-east-1,ncbi.public,gs.us-east1",SRX6723562,Illumina NovaSeq 6000,BMD00534,BMD00534,PAIRED,Hybrid Selection,GENOMIC,Homo sapiens,ILLUMINA,2019-12-31T00:00:00Z,2019-08-16T06:23:00Z,1,BMD00534,missing,SRP193431,Plasma
SRR9982594,missing,Bisulfite-Seq,298,5481945984,"Peking Union\, Naixin Liang",PRJNA534206,SAMN12258666,Human,2057985963,DEPARTMENT OF THORACIC SURGERY,public,"sra,fastq,run.zq","gs,ncbi,s3","s3.us-east-1,gs.us-east1,ncbi.public",SRX6723561,Illumina NovaSeq 6000,BMD00533,BMD00533,PAIRED,Hybrid Selection,GENOMIC,Homo sapiens,ILLUMINA,2019-12-31T00:00:00Z,2019-08-16T06:25:00Z,1,BMD00533,missing,SRP193431,Plasma
SRR9982595,missing,Bisulfite-Seq,296,4677590729,"Peking Union\, Naixin Liang",PRJNA534206,SAMN12258665,Human,1775045009,DEPARTMENT OF THORACIC SURGERY,public,"fastq,run.zq,sra","s3,ncbi,gs","gs.us-east1,ncbi.public,s3.us-east-1",SRX6723560,Illumina NovaSeq 6000,BMD00532,BMD00532,PAIRED,Hybrid Selection,GENOMIC,Homo sapiens,ILLUMINA,2019-12-31T00:00:00Z,2019-08-16T06:27:00Z,1,BMD00532,missing,SRP193431,Plasma
SRR9982596,missing,Bisulfite-Seq,296,7209262759,"Peking Union\, Naixin Liang",PRJNA534206,SAMN12258224,Human,2602737406,DEPARTMENT OF THORACIC SURGERY,public,"run.zq,sra,fastq","ncbi,s3,gs","s3.us-east-1,ncbi.public,gs.us-east1",SRX6723559,Illumina NovaSeq 6000,BMD00090,BMD00090,PAIRED,Hybrid Selection,GENOMIC,Homo sapiens,ILLUMINA,2019-12-31T00:00:00Z,2019-08-16T06:29:00Z,1,BMD00090,missing,SRP193431,Plasma
SRR9982597,missing,Bisulfite-Seq,297,3778764390,"Peking Union\, Naixin Liang",PRJNA534206,SAMN12258674,Human,1455193960,DEPARTMENT OF THORACIC SURGERY,public,"run.zq,fastq,sra","gs,s3,ncbi","s3.us-east-1,gs.us-east1,ncbi.public",SRX6723558,Illumina NovaSeq 6000,BMD00541,BMD00541,PAIRED,Hybrid Selection,GENOMIC,Homo sapiens,ILLUMINA,2019-12-31T00:00:00Z,2019-08-16T06:23:00Z,1,BMD00541,missing,SRP193431,Plasma
SRR9982598,missing,Bisulfite-Seq,297,4616402950,"Peking Union\, Naixin Liang",PRJNA534206,SAMN12258673,Human,1752281546,DEPARTMENT OF THORACIC SURGERY,public,"run.zq,fastq,sra","s3,ncbi,gs","ncbi.public,s3.us-east-1,gs.us-east1",SRX6723557,Illumina NovaSeq 6000,BMD00540,BMD00540,PAIRED,Hybrid Selection,GENOMIC,Homo sapiens,ILLUMINA,2019-12-31T00:00:00Z,2019-08-16T06:24:00Z,1,BMD00540,missing,SRP193431,Plasma
SRR9982599,missing,Bisulfite-Seq,293,5830598834,"Peking Union\, Naixin Liang",PRJNA534206,SAMN12258894,Human,2157807430,DEPARTMENT OF THORACIC SURGERY,public,"run.zq,sra,fastq","ncbi,s3,gs","gs.us-east1,ncbi.public,s3.us-east-1",SRX6723556,Illumina NovaSeq 6000,BMD00775,BMD00775,PAIRED,Hybrid Selection,GENOMIC,Homo sapiens,ILLUMINA,2019-12-31T00:00:00Z,2019-08-16T06:27:00Z,1,BMD00775,missing,SRP193431,Plasma
SRR9982600,missing,Bisulfite-Seq,294,3869897752,"Peking Union\, Naixin Liang",PRJNA534206,SAMN12258790,Human,1410215595,DEPARTMENT OF THORACIC SURGERY,public,"run.zq,fastq,sra","gs,s3,ncbi","s3.us-east-1,ncbi.public,gs.us-east1",SRX6723555,Illumina NovaSeq 6000,BMD00646,BMD00646,PAIRED,Hybrid Selection,GENOMIC,Homo sapiens,ILLUMINA,2019-12-31T00:00:00Z,2019-08-16T06:23:00Z,1,BMD00646,missing,SRP193431,Plasma
SRR9982601,missing,Bisulfite-Seq,295,5581736227,"Peking Union\, Naixin Liang",PRJNA534206,SAMN12258847,Human,2008444236,DEPARTMENT OF THORACIC SURGERY,public,"fastq,run.zq,sra","gs,s3,ncbi","gs.us-east1,ncbi.public,s3.us-east-1",SRX6723554,Illumina NovaSeq 6000,BMD00728,BMD00728,PAIRED,Hybrid Selection,GENOMIC,Homo sapiens,ILLUMINA,2019-12-31T00:00:00Z,2019-08-16T06:24:00Z,1,BMD00728,missing,SRP193431,Plasma
SRR9982602,missing,Bisulfite-Seq,293,5177207877,"Peking Union\, Naixin Liang",PRJNA534206,SAMN12258893,Human,1937903932,DEPARTMENT OF THORACIC SURGERY,public,"run.zq,sra,fastq","s3,ncbi,gs","ncbi.public,gs.us-east1,s3.us-east-1",SRX6723553,Illumina NovaSeq 6000,BMD00774,BMD00774,PAIRED,Hybrid Selection,GENOMIC,Homo sapiens,ILLUMINA,2019-12-31T00:00:00Z,2019-08-16T06:24:00Z,1,BMD00774,missing,SRP193431,Plasma
SRR9982603,missing,Bisulfite-Seq,297,5514878371,"Peking Union\, Naixin Liang",PRJNA534206,SAMN12258998,Human,2021701357,DEPARTMENT OF THORACIC SURGERY,public,"sra,run.zq,fastq","s3,gs,ncbi","ncbi.public,gs.us-east1,s3.us-east-1",SRX6723552,Illumina NovaSeq 6000,BMD00868,BMD00868,PAIRED,Hybrid Selection,GENOMIC,Homo sapiens,ILLUMINA,2019-12-31T00:00:00Z,2019-08-16T06:23:00Z,1,BMD00868,missing,SRP193431,Plasma
SRR9982604,missing,Bisulfite-Seq,294,5898502750,"Peking Union\, Naixin Liang",PRJNA534206,SAMN12258431,Human,2205850507,DEPARTMENT OF THORACIC SURGERY,public,"fastq,sra,run.zq","gs,s3,ncbi","gs.us-east1,s3.us-east-1,ncbi.public",SRX6723551,Illumina NovaSeq 6000,BMD00297,BMD00297,PAIRED,Hybrid Selection,GENOMIC,Homo sapiens,ILLUMINA,2019-12-31T00:00:00Z,2019-08-16T06:24:00Z,1,BMD00297,missing,SRP193431,Plasma
SRR9982605,missing,Bisulfite-Seq,295,6172029846,"Peking Union\, Naixin Liang",PRJNA534206,SAMN12258432,Human,2308962008,DEPARTMENT OF THORACIC SURGERY,public,"run.zq,fastq,sra","ncbi,gs,s3","ncbi.public,gs.us-east1,s3.us-east-1",SRX6723550,Illumina NovaSeq 6000,BMD00298,BMD00298,PAIRED,Hybrid Selection,GENOMIC,Homo sapiens,ILLUMINA,2019-12-31T00:00:00Z,2019-08-16T06:26:00Z,1,BMD00298,missing,SRP193431,Plasma
SRR9982606,missing,Bisulfite-Seq,294,5430178082,"Peking Union\, Naixin Liang",PRJNA534206,SAMN12258429,Human,2095339104,DEPARTMENT OF THORACIC SURGERY,public,"sra,fastq,run.zq","s3,gs,ncbi","ncbi.public,gs.us-east1,s3.us-east-1",SRX6723549,Illumina NovaSeq 6000,BMD00295,BMD00295,PAIRED,Hybrid Selection,GENOMIC,Homo sapiens,ILLUMINA,2019-12-31T00:00:00Z,2019-08-16T06:27:00Z,1,BMD00295,missing,SRP193431,Plasma
SRR9982607,missing,Bisulfite-Seq,294,5016494873,"Peking Union\, Naixin Liang",PRJNA534206,SAMN12258430,Human,1947806877,DEPARTMENT OF THORACIC SURGERY,public,"fastq,run.zq,sra","ncbi,s3,gs","s3.us-east-1,ncbi.public,gs.us-east1",SRX6723548,Illumina NovaSeq 6000,BMD00296,BMD00296,PAIRED,Hybrid Selection,GENOMIC,Homo sapiens,ILLUMINA,2019-12-31T00:00:00Z,2019-08-16T06:26:00Z,1,BMD00296,missing,SRP193431,Plasma
SRR9982608,missing,Bisulfite-Seq,292,5141896483,"Peking Union\, Naixin Liang",PRJNA534206,SAMN12258427,Human,1975947299,DEPARTMENT OF THORACIC SURGERY,public,"run.zq,fastq,sra","ncbi,gs,s3","ncbi.public,s3.us-east-1,gs.us-east1",SRX6723547,Illumina NovaSeq 6000,BMD00293,BMD00293,PAIRED,Hybrid Selection,GENOMIC,Homo sapiens,ILLUMINA,2019-12-31T00:00:00Z,2019-08-16T06:25:00Z,1,BMD00293,missing,SRP193431,Plasma
SRR9982609,missing,Bisulfite-Seq,294,5182226684,"Peking Union\, Naixin Liang",PRJNA534206,SAMN12258428,Human,2002283168,DEPARTMENT OF THORACIC SURGERY,public,"sra,run.zq,fastq","gs,s3,ncbi","s3.us-east-1,gs.us-east1,ncbi.public",SRX6723546,Illumina NovaSeq 6000,BMD00294,BMD00294,PAIRED,Hybrid Selection,GENOMIC,Homo sapiens,ILLUMINA,2019-12-31T00:00:00Z,2019-08-16T06:28:00Z,1,BMD00294,missing,SRP193431,Plasma
SRR9982610,missing,Bisulfite-Seq,295,4936414656,"Peking Union\, Naixin Liang",PRJNA534206,SAMN12258425,Human,1929522546,DEPARTMENT OF THORACIC SURGERY,public,"sra,fastq,run.zq","ncbi,gs,s3","s3.us-east-1,ncbi.public,gs.us-east1",SRX6723545,Illumina NovaSeq 6000,BMD00291,BMD00291,PAIRED,Hybrid Selection,GENOMIC,Homo sapiens,ILLUMINA,2019-12-31T00:00:00Z,2019-08-16T06:24:00Z,1,BMD00291,missing,SRP193431,Plasma
SRR9982611,missing,Bisulfite-Seq,296,4602275552,"Peking Union\, Naixin Liang",PRJNA534206,SAMN12258426,Human,1796867132,DEPARTMENT OF THORACIC SURGERY,public,"fastq,sra,run.zq","ncbi,gs,s3","s3.us-east-1,ncbi.public,gs.us-east1",SRX6723544,Illumina NovaSeq 6000,BMD00292,BMD00292,PAIRED,Hybrid Selection,GENOMIC,Homo sapiens,ILLUMINA,2019-12-31T00:00:00Z,2019-08-16T06:26:00Z,1,BMD00292,missing,SRP193431,Plasma
SRR9982612,missing,Bisulfite-Seq,295,5450204091,"Peking Union\, Naixin Liang",PRJNA534206,SAMN12258844,Human,1955402240,DEPARTMENT OF THORACIC SURGERY,public,"sra,run.zq,fastq","ncbi,s3,gs","gs.us-east1,s3.us-east-1,ncbi.public",SRX6723543,Illumina NovaSeq 6000,BMD00725,BMD00725,PAIRED,Hybrid Selection,GENOMIC,Homo sapiens,ILLUMINA,2019-12-31T00:00:00Z,2019-08-16T06:27:00Z,1,BMD00725,missing,SRP193431,Plasma
SRR9982613,missing,Bisulfite-Seq,294,5817515208,"Peking Union\, Naixin Liang",PRJNA534206,SAMN12258433,Human,2199602492,DEPARTMENT OF THORACIC SURGERY,public,"run.zq,fastq,sra","s3,ncbi,gs","s3.us-east-1,ncbi.public,gs.us-east1",SRX6723542,Illumina NovaSeq 6000,BMD00299,BMD00299,PAIRED,Hybrid Selection,GENOMIC,Homo sapiens,ILLUMINA,2019-12-31T00:00:00Z,2019-08-16T06:26:00Z,1,BMD00299,missing,SRP193431,Plasma
SRR9982614,missing,Bisulfite-Seq,292,5885056061,"Peking Union\, Naixin Liang",PRJNA534206,SAMN12258434,Human,2199350440,DEPARTMENT OF THORACIC SURGERY,public,"run.zq,fastq,sra","ncbi,s3,gs","gs.us-east1,ncbi.public,s3.us-east-1",SRX6723541,Illumina NovaSeq 6000,BMD00300,BMD00300,PAIRED,Hybrid Selection,GENOMIC,Homo sapiens,ILLUMINA,2019-12-31T00:00:00Z,2019-08-16T06:29:00Z,1,BMD00300,missing,SRP193431,Plasma
SRR9982615,missing,Bisulfite-Seq,293,5605200697,"Peking Union\, Naixin Liang",PRJNA534206,SAMN12258976,Human,2166121274,DEPARTMENT OF THORACIC SURGERY,public,"run.zq,fastq,sra","gs,ncbi,s3","ncbi.public,s3.us-east-1,gs.us-east1",SRX6723540,Illumina NovaSeq 6000,BMD00844,BMD00844,PAIRED,Hybrid Selection,GENOMIC,Homo sapiens,ILLUMINA,2019-12-31T00:00:00Z,2019-08-16T06:30:00Z,1,BMD00844,missing,SRP193431,Plasma
SRR9982616,missing,Bisulfite-Seq,292,5808930531,"Peking Union\, Naixin Liang",PRJNA534206,SAMN12258888,Human,2149316070,DEPARTMENT OF THORACIC SURGERY,public,"fastq,run.zq,sra","s3,ncbi,gs","gs.us-east1,ncbi.public,s3.us-east-1",SRX6723539,Illumina NovaSeq 6000,BMD00769,BMD00769,PAIRED,Hybrid Selection,GENOMIC,Homo sapiens,ILLUMINA,2019-12-31T00:00:00Z,2019-08-16T06:26:00Z,1,BMD00769,missing,SRP193431,Plasma
SRR9982617,missing,Bisulfite-Seq,293,4968183571,"Peking Union\, Naixin Liang",PRJNA534206,SAMN12258887,Human,1864523471,DEPARTMENT OF THORACIC SURGERY,public,"fastq,sra,run.zq","s3,ncbi,gs","gs.us-east1,s3.us-east-1,ncbi.public",SRX6723538,Illumina NovaSeq 6000,BMD00768,BMD00768,PAIRED,Hybrid Selection,GENOMIC,Homo sapiens,ILLUMINA,2019-12-31T00:00:00Z,2019-08-16T06:26:00Z,1,BMD00768,missing,SRP193431,Plasma
SRR9982618,missing,Bisulfite-Seq,294,4437972068,"Peking Union\, Naixin Liang",PRJNA534206,SAMN12258354,Human,1683532970,DEPARTMENT OF THORACIC SURGERY,public,"sra,fastq,run.zq","gs,s3,ncbi","ncbi.public,s3.us-east-1,gs.us-east1",SRX6723537,Illumina NovaSeq 6000,BMD00220,BMD00220,PAIRED,Hybrid Selection,GENOMIC,Homo sapiens,ILLUMINA,2019-12-31T00:00:00Z,2019-08-16T06:27:00Z,1,BMD00220,missing,SRP193431,Plasma
SRR9982619,missing,Bisulfite-Seq,294,2531312585,"Peking Union\, Naixin Liang",PRJNA534206,SAMN12258483,Human,1516849427,DEPARTMENT OF THORACIC SURGERY,public,"run.zq,fastq,sra","gs,ncbi,s3","gs.us-east1,s3.us-east-1,ncbi.public",SRX6723536,Illumina NovaSeq 6000,BMD00349,BMD00349,PAIRED,Hybrid Selection,GENOMIC,Homo sapiens,ILLUMINA,2019-12-31T00:00:00Z,2019-08-16T06:21:00Z,1,BMD00349,missing,SRP193431,Plasma
SRR9982620,missing,Bisulfite-Seq,294,3174737891,"Peking Union\, Naixin Liang",PRJNA534206,SAMN12258484,Human,1914755265,DEPARTMENT OF THORACIC SURGERY,public,"run.zq,fastq,sra","s3,gs,ncbi","ncbi.public,gs.us-east1,s3.us-east-1",SRX6723535,Illumina NovaSeq 6000,BMD00350,BMD00350,PAIRED,Hybrid Selection,GENOMIC,Homo sapiens,ILLUMINA,2019-12-31T00:00:00Z,2019-08-16T06:25:00Z,1,BMD00350,missing,SRP193431,Plasma
SRR9982621,missing,Bisulfite-Seq,301,6951663452,"Peking Union\, Naixin Liang",PRJNA534206,SAMN12258753,Human,2457026471,DEPARTMENT OF THORACIC SURGERY,public,"fastq,run.zq,sra","gs,s3,ncbi","ncbi.public,gs.us-east1,s3.us-east-1",SRX6723534,Illumina NovaSeq 6000,BMD00621,BMD00621,PAIRED,Hybrid Selection,GENOMIC,Homo sapiens,ILLUMINA,2019-12-31T00:00:00Z,2019-08-16T06:30:00Z,1,BMD00621,missing,SRP193431,Plasma
SRR9982622,missing,Bisulfite-Seq,301,6302719592,"Peking Union\, Naixin Liang",PRJNA534206,SAMN12258754,Human,2222380854,DEPARTMENT OF THORACIC SURGERY,public,"run.zq,sra,fastq","ncbi,gs,s3","gs.us-east1,s3.us-east-1,ncbi.public",SRX6723533,Illumina NovaSeq 6000,BMD00622,BMD00622,PAIRED,Hybrid Selection,GENOMIC,Homo sapiens,ILLUMINA,2019-12-31T00:00:00Z,2019-08-16T06:30:00Z,1,BMD00622,missing,SRP193431,Plasma
SRR9982623,missing,Bisulfite-Seq,292,3067083891,"Peking Union\, Naixin Liang",PRJNA534206,SAMN12258475,Human,1822433717,DEPARTMENT OF THORACIC SURGERY,public,"fastq,sra,run.zq","s3,ncbi,gs","gs.us-east1,ncbi.public,s3.us-east-1",SRX6723532,Illumina NovaSeq 6000,BMD00341,BMD00341,PAIRED,Hybrid Selection,GENOMIC,Homo sapiens,ILLUMINA,2019-12-31T00:00:00Z,2019-08-16T06:23:00Z,1,BMD00341,missing,SRP193431,Plasma
SRR9982624,missing,Bisulfite-Seq,295,3923000864,"Peking Union\, Naixin Liang",PRJNA534206,SAMN12258476,Human,2369308560,DEPARTMENT OF THORACIC SURGERY,public,"run.zq,sra,fastq","s3,gs,ncbi","gs.us-east1,ncbi.public,s3.us-east-1",SRX6723531,Illumina NovaSeq 6000,BMD00342,BMD00342,PAIRED,Hybrid Selection,GENOMIC,Homo sapiens,ILLUMINA,2019-12-31T00:00:00Z,2019-08-16T06:24:00Z,1,BMD00342,missing,SRP193431,Plasma
SRR9982625,missing,Bisulfite-Seq,294,3305888830,"Peking Union\, Naixin Liang",PRJNA534206,SAMN12258477,Human,1998742192,DEPARTMENT OF THORACIC SURGERY,public,"fastq,run.zq,sra","s3,gs,ncbi","gs.us-east1,ncbi.public,s3.us-east-1",SRX6723530,Illumina NovaSeq 6000,BMD00343,BMD00343,PAIRED,Hybrid Selection,GENOMIC,Homo sapiens,ILLUMINA,2019-12-31T00:00:00Z,2019-08-16T06:24:00Z,1,BMD00343,missing,SRP193431,Plasma
SRR9982626,missing,Bisulfite-Seq,294,4533229787,"Peking Union\, Naixin Liang",PRJNA534206,SAMN12258478,Human,2715823187,DEPARTMENT OF THORACIC SURGERY,public,"sra,run.zq,fastq","ncbi,gs,s3","s3.us-east-1,gs.us-east1,ncbi.public",SRX6723529,Illumina NovaSeq 6000,BMD00344,BMD00344,PAIRED,Hybrid Selection,GENOMIC,Homo sapiens,ILLUMINA,2019-12-31T00:00:00Z,2019-08-16T06:26:00Z,1,BMD00344,missing,SRP193431,Plasma
SRR9982627,missing,Bisulfite-Seq,294,3278160928,"Peking Union\, Naixin Liang",PRJNA534206,SAMN12258479,Human,1986420032,DEPARTMENT OF THORACIC SURGERY,public,"run.zq,sra,fastq","gs,s3,ncbi","gs.us-east1,ncbi.public,s3.us-east-1",SRX6723528,Illumina NovaSeq 6000,BMD00345,BMD00345,PAIRED,Hybrid Selection,GENOMIC,Homo sapiens,ILLUMINA,2019-12-31T00:00:00Z,2019-08-16T06:25:00Z,1,BMD00345,missing,SRP193431,Plasma
SRR9982628,missing,Bisulfite-Seq,294,4014301195,"Peking Union\, Naixin Liang",PRJNA534206,SAMN12258480,Human,2426882737,DEPARTMENT OF THORACIC SURGERY,public,"fastq,sra,run.zq","gs,s3,ncbi","s3.us-east-1,gs.us-east1,ncbi.public",SRX6723527,Illumina NovaSeq 6000,BMD00346,BMD00346,PAIRED,Hybrid Selection,GENOMIC,Homo sapiens,ILLUMINA,2019-12-31T00:00:00Z,2019-08-16T06:26:00Z,1,BMD00346,missing,SRP193431,Plasma
SRR9982629,missing,Bisulfite-Seq,293,3476121234,"Peking Union\, Naixin Liang",PRJNA534206,SAMN12258481,Human,2091530231,DEPARTMENT OF THORACIC SURGERY,public,"sra,run.zq,fastq","ncbi,gs,s3","s3.us-east-1,ncbi.public,gs.us-east1",SRX6723526,Illumina NovaSeq 6000,BMD00347,BMD00347,PAIRED,Hybrid Selection,GENOMIC,Homo sapiens,ILLUMINA,2019-12-31T00:00:00Z,2019-08-16T06:25:00Z,1,BMD00347,missing,SRP193431,Plasma
SRR9982630,missing,Bisulfite-Seq,294,2634954233,"Peking Union\, Naixin Liang",PRJNA534206,SAMN12258482,Human,1571183891,DEPARTMENT OF THORACIC SURGERY,public,"fastq,sra,run.zq","gs,ncbi,s3","s3.us-east-1,ncbi.public,gs.us-east1",SRX6723525,Illumina NovaSeq 6000,BMD00348,BMD00348,PAIRED,Hybrid Selection,GENOMIC,Homo sapiens,ILLUMINA,2019-12-31T00:00:00Z,2019-08-16T06:23:00Z,1,BMD00348,missing,SRP193431,Plasma
SRR9982631,missing,Bisulfite-Seq,290,4140806293,"Peking Union\, Naixin Liang",PRJNA534206,SAMN12258358,Human,1596803164,DEPARTMENT OF THORACIC SURGERY,public,"run.zq,sra,fastq","gs,ncbi,s3","gs.us-east1,ncbi.public,s3.us-east-1",SRX6723524,Illumina NovaSeq 6000,BMD00224,BMD00224,PAIRED,Hybrid Selection,GENOMIC,Homo sapiens,ILLUMINA,2019-12-31T00:00:00Z,2019-08-16T06:24:00Z,1,BMD00224,missing,SRP193431,Plasma
SRR9982632,missing,Bisulfite-Seq,293,4347348586,"Peking Union\, Naixin Liang",PRJNA534206,SAMN12258357,Human,1647796923,DEPARTMENT OF THORACIC SURGERY,public,"sra,fastq,run.zq","ncbi,gs,s3","s3.us-east-1,ncbi.public,gs.us-east1",SRX6723523,Illumina NovaSeq 6000,BMD00223,BMD00223,PAIRED,Hybrid Selection,GENOMIC,Homo sapiens,ILLUMINA,2019-12-31T00:00:00Z,2019-08-16T06:26:00Z,1,BMD00223,missing,SRP193431,Plasma
SRR9982633,missing,Bisulfite-Seq,294,3784222089,"Peking Union\, Naixin Liang",PRJNA534206,SAMN12258356,Human,1454124967,DEPARTMENT OF THORACIC SURGERY,public,"sra,run.zq,fastq","s3,ncbi,gs","s3.us-east-1,gs.us-east1,ncbi.public",SRX6723522,Illumina NovaSeq 6000,BMD00222,BMD00222,PAIRED,Hybrid Selection,GENOMIC,Homo sapiens,ILLUMINA,2019-12-31T00:00:00Z,2019-08-16T06:25:00Z,1,BMD00222,missing,SRP193431,Plasma
SRR9982634,missing,Bisulfite-Seq,295,4942733076,"Peking Union\, Naixin Liang",PRJNA534206,SAMN12258355,Human,1863764009,DEPARTMENT OF THORACIC SURGERY,public,"fastq,run.zq,sra","gs,ncbi,s3","ncbi.public,s3.us-east-1,gs.us-east1",SRX6723521,Illumina NovaSeq 6000,BMD00221,BMD00221,PAIRED,Hybrid Selection,GENOMIC,Homo sapiens,ILLUMINA,2019-12-31T00:00:00Z,2019-08-16T06:28:00Z,1,BMD00221,missing,SRP193431,Plasma
SRR9982635,missing,Bisulfite-Seq,298,4045428787,"Peking Union\, Naixin Liang",PRJNA534206,SAMN12258362,Human,1526679115,DEPARTMENT OF THORACIC SURGERY,public,"sra,fastq,run.zq","gs,ncbi,s3","s3.us-east-1,ncbi.public,gs.us-east1",SRX6723520,Illumina NovaSeq 6000,BMD00228,BMD00228,PAIRED,Hybrid Selection,GENOMIC,Homo sapiens,ILLUMINA,2019-12-31T00:00:00Z,2019-08-16T06:25:00Z,1,BMD00228,missing,SRP193431,Plasma
SRR9982636,missing,Bisulfite-Seq,297,4233092515,"Peking Union\, Naixin Liang",PRJNA534206,SAMN12258361,Human,1616129734,DEPARTMENT OF THORACIC SURGERY,public,"run.zq,fastq,sra","s3,ncbi,gs","gs.us-east1,s3.us-east-1,ncbi.public",SRX6723519,Illumina NovaSeq 6000,BMD00227,BMD00227,PAIRED,Hybrid Selection,GENOMIC,Homo sapiens,ILLUMINA,2019-12-31T00:00:00Z,2019-08-16T06:25:00Z,1,BMD00227,missing,SRP193431,Plasma
SRR9982637,missing,Bisulfite-Seq,298,4751039863,"Peking Union\, Naixin Liang",PRJNA534206,SAMN12258360,Human,1838146162,DEPARTMENT OF THORACIC SURGERY,public,"run.zq,sra,fastq","ncbi,s3,gs","gs.us-east1,s3.us-east-1,ncbi.public",SRX6723518,Illumina NovaSeq 6000,BMD00226,BMD00226,PAIRED,Hybrid Selection,GENOMIC,Homo sapiens,ILLUMINA,2019-12-31T00:00:00Z,2019-08-16T06:28:00Z,1,BMD00226,missing,SRP193431,Plasma
SRR9982638,missing,Bisulfite-Seq,296,4665975167,"Peking Union\, Naixin Liang",PRJNA534206,SAMN12258359,Human,1788975420,DEPARTMENT OF THORACIC SURGERY,public,"sra,fastq,run.zq","ncbi,gs,s3","s3.us-east-1,gs.us-east1,ncbi.public",SRX6723517,Illumina NovaSeq 6000,BMD00225,BMD00225,PAIRED,Hybrid Selection,GENOMIC,Homo sapiens,ILLUMINA,2019-12-31T00:00:00Z,2019-08-16T06:26:00Z,1,BMD00225,missing,SRP193431,Plasma
SRR9982639,missing,Bisulfite-Seq,295,5835208234,"Peking Union\, Naixin Liang",PRJNA534206,SAMN12258717,Human,2289697462,DEPARTMENT OF THORACIC SURGERY,public,"run.zq,sra,fastq","s3,ncbi,gs","gs.us-east1,ncbi.public,s3.us-east-1",SRX6723516,Illumina NovaSeq 6000,BMD00585,BMD00585,PAIRED,Hybrid Selection,GENOMIC,Homo sapiens,ILLUMINA,2019-12-31T00:00:00Z,2019-08-16T06:29:00Z,1,BMD00585,missing,SRP193431,Plasma
SRR9982640,missing,Bisulfite-Seq,294,4839351065,"Peking Union\, Naixin Liang",PRJNA534206,SAMN12258718,Human,1851812877,DEPARTMENT OF THORACIC SURGERY,public,"run.zq,fastq,sra","gs,ncbi,s3","ncbi.public,gs.us-east1,s3.us-east-1",SRX6723515,Illumina NovaSeq 6000,BMD00586,BMD00586,PAIRED,Hybrid Selection,GENOMIC,Homo sapiens,ILLUMINA,2019-12-31T00:00:00Z,2019-08-16T06:27:00Z,1,BMD00586,missing,SRP193431,Plasma
SRR9982641,missing,Bisulfite-Seq,297,4461358642,"Peking Union\, Naixin Liang",PRJNA534206,SAMN12258364,Human,1690296702,DEPARTMENT OF THORACIC SURGERY,public,"run.zq,fastq,sra","ncbi,gs,s3","s3.us-east-1,gs.us-east1,ncbi.public",SRX6723514,Illumina NovaSeq 6000,BMD00230,BMD00230,PAIRED,Hybrid Selection,GENOMIC,Homo sapiens,ILLUMINA,2019-12-31T00:00:00Z,2019-08-16T06:26:00Z,1,BMD00230,missing,SRP193431,Plasma
SRR9982642,missing,Bisulfite-Seq,297,3644867875,"Peking Union\, Naixin Liang",PRJNA534206,SAMN12258363,Human,1361872694,DEPARTMENT OF THORACIC SURGERY,public,"fastq,run.zq,sra","gs,ncbi,s3","gs.us-east1,s3.us-east-1,ncbi.public",SRX6723513,Illumina NovaSeq 6000,BMD00229,BMD00229,PAIRED,Hybrid Selection,GENOMIC,Homo sapiens,ILLUMINA,2019-12-31T00:00:00Z,2019-08-16T06:23:00Z,1,BMD00229,missing,SRP193431,Plasma
SRR9982643,missing,Bisulfite-Seq,296,6156365936,"Peking Union\, Naixin Liang",PRJNA534206,SAMN12258721,Human,2300248745,DEPARTMENT OF THORACIC SURGERY,public,"run.zq,fastq,sra","gs,ncbi,s3","s3.us-east-1,gs.us-east1,ncbi.public",SRX6723512,Illumina NovaSeq 6000,BMD00589,BMD00589,PAIRED,Hybrid Selection,GENOMIC,Homo sapiens,ILLUMINA,2019-12-31T00:00:00Z,2019-08-16T06:30:00Z,1,BMD00589,missing,SRP193431,Plasma
SRR9982644,missing,Bisulfite-Seq,296,7103592668,"Peking Union\, Naixin Liang",PRJNA534206,SAMN12258722,Human,2625558910,DEPARTMENT OF THORACIC SURGERY,public,"run.zq,sra,fastq","gs,ncbi,s3","s3.us-east-1,gs.us-east1,ncbi.public",SRX6723511,Illumina NovaSeq 6000,BMD00590,BMD00590,PAIRED,Hybrid Selection,GENOMIC,Homo sapiens,ILLUMINA,2019-12-31T00:00:00Z,2019-08-16T06:30:00Z,1,BMD00590,missing,SRP193431,Plasma
SRR9982645,missing,Bisulfite-Seq,294,6296227226,"Peking Union\, Naixin Liang",PRJNA534206,SAMN12258719,Human,2367401881,DEPARTMENT OF THORACIC SURGERY,public,"fastq,sra,run.zq","s3,gs,ncbi","ncbi.public,s3.us-east-1,gs.us-east1",SRX6723510,Illumina NovaSeq 6000,BMD00587,BMD00587,PAIRED,Hybrid Selection,GENOMIC,Homo sapiens,ILLUMINA,2019-12-31T00:00:00Z,2019-08-16T06:29:00Z,1,BMD00587,missing,SRP193431,Plasma
SRR9982646,missing,Bisulfite-Seq,296,6886830477,"Peking Union\, Naixin Liang",PRJNA534206,SAMN12258720,Human,2581385948,DEPARTMENT OF THORACIC SURGERY,public,"fastq,sra,run.zq","ncbi,s3,gs","s3.us-east-1,gs.us-east1,ncbi.public",SRX6723509,Illumina NovaSeq 6000,BMD00588,BMD00588,PAIRED,Hybrid Selection,GENOMIC,Homo sapiens,ILLUMINA,2019-12-31T00:00:00Z,2019-08-16T06:32:00Z,1,BMD00588,missing,SRP193431,Plasma
SRR9982647,missing,Bisulfite-Seq,283,5514066330,"Peking Union\, Naixin Liang",PRJNA534206,SAMN12258295,Human,1915708468,DEPARTMENT OF THORACIC SURGERY,public,"sra,run.zq,fastq","ncbi,s3,gs","s3.us-east-1,ncbi.public,gs.us-east1",SRX6723508,Illumina NovaSeq 6000,BMD00161,BMD00161,PAIRED,Hybrid Selection,GENOMIC,Homo sapiens,ILLUMINA,2019-12-31T00:00:00Z,2019-08-16T06:29:00Z,1,BMD00161,missing,SRP193431,Plasma
SRR9982648,missing,Bisulfite-Seq,282,4476212379,"Peking Union\, Naixin Liang",PRJNA534206,SAMN12258296,Human,1549856801,DEPARTMENT OF THORACIC SURGERY,public,"sra,fastq,run.zq","gs,s3,ncbi","gs.us-east1,s3.us-east-1,ncbi.public",SRX6723507,Illumina NovaSeq 6000,BMD00162,BMD00162,PAIRED,Hybrid Selection,GENOMIC,Homo sapiens,ILLUMINA,2019-12-31T00:00:00Z,2019-08-16T06:25:00Z,1,BMD00162,missing,SRP193431,Plasma
SRR9982649,missing,Bisulfite-Seq,281,4681802394,"Peking Union\, Naixin Liang",PRJNA534206,SAMN12258297,Human,1619111792,DEPARTMENT OF THORACIC SURGERY,public,"fastq,run.zq,sra","ncbi,gs,s3","gs.us-east1,s3.us-east-1,ncbi.public",SRX6723506,Illumina NovaSeq 6000,BMD00163,BMD00163,PAIRED,Hybrid Selection,GENOMIC,Homo sapiens,ILLUMINA,2019-12-31T00:00:00Z,2019-08-16T06:28:00Z,1,BMD00163,missing,SRP193431,Plasma
SRR9982650,missing,Bisulfite-Seq,281,4621627243,"Peking Union\, Naixin Liang",PRJNA534206,SAMN12258298,Human,1599154056,DEPARTMENT OF THORACIC SURGERY,public,"sra,run.zq,fastq","gs,ncbi,s3","gs.us-east1,ncbi.public,s3.us-east-1",SRX6723505,Illumina NovaSeq 6000,BMD00164,BMD00164,PAIRED,Hybrid Selection,GENOMIC,Homo sapiens,ILLUMINA,2019-12-31T00:00:00Z,2019-08-16T06:27:00Z,1,BMD00164,missing,SRP193431,Plasma
SRR9982651,missing,Bisulfite-Seq,282,4135332767,"Peking Union\, Naixin Liang",PRJNA534206,SAMN12258299,Human,1442045286,DEPARTMENT OF THORACIC SURGERY,public,"run.zq,sra,fastq","s3,ncbi,gs","s3.us-east-1,ncbi.public,gs.us-east1",SRX6723504,Illumina NovaSeq 6000,BMD00165,BMD00165,PAIRED,Hybrid Selection,GENOMIC,Homo sapiens,ILLUMINA,2019-12-31T00:00:00Z,2019-08-16T06:26:00Z,1,BMD00165,missing,SRP193431,Plasma
SRR9982652,missing,Bisulfite-Seq,282,3962441336,"Peking Union\, Naixin Liang",PRJNA534206,SAMN12258300,Human,1389228509,DEPARTMENT OF THORACIC SURGERY,public,"fastq,sra,run.zq","gs,ncbi,s3","gs.us-east1,s3.us-east-1,ncbi.public",SRX6723503,Illumina NovaSeq 6000,BMD00166,BMD00166,PAIRED,Hybrid Selection,GENOMIC,Homo sapiens,ILLUMINA,2019-12-31T00:00:00Z,2019-08-16T06:27:00Z,1,BMD00166,missing,SRP193431,Plasma
SRR9982653,missing,Bisulfite-Seq,282,3833471119,"Peking Union\, Naixin Liang",PRJNA534206,SAMN12258301,Human,1342533735,DEPARTMENT OF THORACIC SURGERY,public,"run.zq,sra,fastq","ncbi,gs,s3","gs.us-east1,s3.us-east-1,ncbi.public",SRX6723502,Illumina NovaSeq 6000,BMD00167,BMD00167,PAIRED,Hybrid Selection,GENOMIC,Homo sapiens,ILLUMINA,2019-12-31T00:00:00Z,2019-08-16T06:27:00Z,1,BMD00167,missing,SRP193431,Plasma
SRR9982654,missing,Bisulfite-Seq,281,4748260262,"Peking Union\, Naixin Liang",PRJNA534206,SAMN12258302,Human,1652612336,DEPARTMENT OF THORACIC SURGERY,public,"run.zq,fastq,sra","gs,s3,ncbi","ncbi.public,gs.us-east1,s3.us-east-1",SRX6723501,Illumina NovaSeq 6000,BMD00168,BMD00168,PAIRED,Hybrid Selection,GENOMIC,Homo sapiens,ILLUMINA,2019-12-31T00:00:00Z,2019-08-16T06:27:00Z,1,BMD00168,missing,SRP193431,Plasma
SRR9982655,missing,Bisulfite-Seq,282,4676129610,"Peking Union\, Naixin Liang",PRJNA534206,SAMN12258303,Human,1629910288,DEPARTMENT OF THORACIC SURGERY,public,"run.zq,sra,fastq","s3,gs,ncbi","ncbi.public,s3.us-east-1,gs.us-east1",SRX6723500,Illumina NovaSeq 6000,BMD00169,BMD00169,PAIRED,Hybrid Selection,GENOMIC,Homo sapiens,ILLUMINA,2019-12-31T00:00:00Z,2019-08-16T06:29:00Z,1,BMD00169,missing,SRP193431,Plasma
SRR9982656,missing,Bisulfite-Seq,282,4063138006,"Peking Union\, Naixin Liang",PRJNA534206,SAMN12258304,Human,1439582547,DEPARTMENT OF THORACIC SURGERY,public,"fastq,run.zq,sra","ncbi,gs,s3","ncbi.public,s3.us-east-1,gs.us-east1",SRX6723499,Illumina NovaSeq 6000,BMD00170,BMD00170,PAIRED,Hybrid Selection,GENOMIC,Homo sapiens,ILLUMINA,2019-12-31T00:00:00Z,2019-08-16T06:26:00Z,1,BMD00170,missing,SRP193431,Plasma
SRR9982657,missing,Bisulfite-Seq,298,3868210979,"Peking Union\, Naixin Liang",PRJNA534206,SAMN12258195,Human,1408370193,DEPARTMENT OF THORACIC SURGERY,public,"sra,fastq,run.zq","gs,ncbi,s3","s3.us-east-1,gs.us-east1,ncbi.public",SRX6723498,Illumina NovaSeq 6000,BMD00061,BMD00061,PAIRED,Hybrid Selection,GENOMIC,Homo sapiens,ILLUMINA,2019-12-31T00:00:00Z,2019-08-16T06:26:00Z,1,BMD00061,missing,SRP193431,Plasma
SRR9982658,missing,Bisulfite-Seq,298,4377356316,"Peking Union\, Naixin Liang",PRJNA534206,SAMN12258196,Human,1572013542,DEPARTMENT OF THORACIC SURGERY,public,"sra,fastq,run.zq","s3,ncbi,gs","gs.us-east1,ncbi.public,s3.us-east-1",SRX6723497,Illumina NovaSeq 6000,BMD00062,BMD00062,PAIRED,Hybrid Selection,GENOMIC,Homo sapiens,ILLUMINA,2019-12-31T00:00:00Z,2019-08-16T06:27:00Z,1,BMD00062,missing,SRP193431,Plasma
SRR9982659,missing,Bisulfite-Seq,297,3298091494,"Peking Union\, Naixin Liang",PRJNA534206,SAMN12258201,Human,1164809236,DEPARTMENT OF THORACIC SURGERY,public,"run.zq,sra,fastq","gs,ncbi,s3","ncbi.public,gs.us-east1,s3.us-east-1",SRX6723496,Illumina NovaSeq 6000,BMD00067,BMD00067,PAIRED,Hybrid Selection,GENOMIC,Homo sapiens,ILLUMINA,2019-12-31T00:00:00Z,2019-08-16T06:26:00Z,1,BMD00067,missing,SRP193431,Plasma
SRR9982660,missing,Bisulfite-Seq,298,3481810782,"Peking Union\, Naixin Liang",PRJNA534206,SAMN12258202,Human,1237180109,DEPARTMENT OF THORACIC SURGERY,public,"fastq,sra,run.zq","gs,s3,ncbi","s3.us-east-1,gs.us-east1,ncbi.public",SRX6723495,Illumina NovaSeq 6000,BMD00068,BMD00068,PAIRED,Hybrid Selection,GENOMIC,Homo sapiens,ILLUMINA,2019-12-31T00:00:00Z,2019-08-16T06:24:00Z,1,BMD00068,missing,SRP193431,Plasma
SRR9982661,missing,Bisulfite-Seq,298,3287858946,"Peking Union\, Naixin Liang",PRJNA534206,SAMN12258199,Human,1196682684,DEPARTMENT OF THORACIC SURGERY,public,"fastq,sra,run.zq","s3,ncbi,gs","s3.us-east-1,ncbi.public,gs.us-east1",SRX6723494,Illumina NovaSeq 6000,BMD00065,BMD00065,PAIRED,Hybrid Selection,GENOMIC,Homo sapiens,ILLUMINA,2019-12-31T00:00:00Z,2019-08-16T06:25:00Z,1,BMD00065,missing,SRP193431,Plasma
SRR9982662,missing,Bisulfite-Seq,297,3964930178,"Peking Union\, Naixin Liang",PRJNA534206,SAMN12258200,Human,1405791955,DEPARTMENT OF THORACIC SURGERY,public,"fastq,sra,run.zq","s3,ncbi,gs","gs.us-east1,s3.us-east-1,ncbi.public",SRX6723493,Illumina NovaSeq 6000,BMD00066,BMD00066,PAIRED,Hybrid Selection,GENOMIC,Homo sapiens,ILLUMINA,2019-12-31T00:00:00Z,2019-08-16T06:25:00Z,1,BMD00066,missing,SRP193431,Plasma
SRR9982663,missing,Bisulfite-Seq,297,5722107050,"Peking Union\, Naixin Liang",PRJNA534206,SAMN12258831,Human,2079907474,DEPARTMENT OF THORACIC SURGERY,public,"run.zq,fastq,sra","ncbi,gs,s3","gs.us-east1,ncbi.public,s3.us-east-1",SRX6723492,Illumina NovaSeq 6000,BMD00712,BMD00712,PAIRED,Hybrid Selection,GENOMIC,Homo sapiens,ILLUMINA,2019-12-31T00:00:00Z,2019-08-16T06:30:00Z,1,BMD00712,missing,SRP193431,Plasma
SRR9982664,missing,Bisulfite-Seq,294,5456115906,"Peking Union\, Naixin Liang",PRJNA534206,SAMN12258973,Human,2117227758,DEPARTMENT OF THORACIC SURGERY,public,"run.zq,sra,fastq","gs,s3,ncbi","s3.us-east-1,ncbi.public,gs.us-east1",SRX6723491,Illumina NovaSeq 6000,BMD00841,BMD00841,PAIRED,Hybrid Selection,GENOMIC,Homo sapiens,ILLUMINA,2019-12-31T00:00:00Z,2019-08-16T06:31:00Z,1,BMD00841,missing,SRP193431,Plasma
SRR9982665,missing,Bisulfite-Seq,295,3586198991,"Peking Union\, Naixin Liang",PRJNA534206,SAMN12258334,Human,1365439825,DEPARTMENT OF THORACIC SURGERY,public,"sra,fastq,run.zq","gs,s3,ncbi","ncbi.public,gs.us-east1,s3.us-east-1",SRX6723490,Illumina NovaSeq 6000,BMD00200,BMD00200,PAIRED,Hybrid Selection,GENOMIC,Homo sapiens,ILLUMINA,2019-12-31T00:00:00Z,2019-08-16T06:25:00Z,1,BMD00200,missing,SRP193431,Plasma
SRR9982666,missing,Bisulfite-Seq,295,4657456435,"Peking Union\, Naixin Liang",PRJNA534206,SAMN12258333,Human,1737230232,DEPARTMENT OF THORACIC SURGERY,public,"fastq,sra,run.zq","ncbi,gs,s3","ncbi.public,gs.us-east1,s3.us-east-1",SRX6723489,Illumina NovaSeq 6000,BMD00199,BMD00199,PAIRED,Hybrid Selection,GENOMIC,Homo sapiens,ILLUMINA,2019-12-31T00:00:00Z,2019-08-16T06:27:00Z,1,BMD00199,missing,SRP193431,Plasma
SRR9982667,missing,Bisulfite-Seq,280,3144066846,"Peking Union\, Naixin Liang",PRJNA534206,SAMN12258584,Human,1099352536,DEPARTMENT OF THORACIC SURGERY,public,"sra,fastq,run.zq","gs,ncbi,s3","gs.us-east1,s3.us-east-1,ncbi.public",SRX6723488,Illumina NovaSeq 6000,BMD00451,BMD00451,PAIRED,Hybrid Selection,GENOMIC,Homo sapiens,ILLUMINA,2019-12-31T00:00:00Z,2019-08-16T06:25:00Z,1,BMD00451,missing,SRP193431,Plasma
SRR9982668,missing,Bisulfite-Seq,282,4418139080,"Peking Union\, Naixin Liang",PRJNA534206,SAMN12258583,Human,1541106390,DEPARTMENT OF THORACIC SURGERY,public,"sra,fastq,run.zq","gs,ncbi,s3","s3.us-east-1,ncbi.public,gs.us-east1",SRX6723487,Illumina NovaSeq 6000,BMD00450,BMD00450,PAIRED,Hybrid Selection,GENOMIC,Homo sapiens,ILLUMINA,2019-12-31T00:00:00Z,2019-08-16T06:28:00Z,1,BMD00450,missing,SRP193431,Plasma
SRR9982669,missing,Bisulfite-Seq,295,4109709153,"Peking Union\, Naixin Liang",PRJNA534206,SAMN12258330,Human,1566251619,DEPARTMENT OF THORACIC SURGERY,public,"fastq,run.zq,sra","s3,gs,ncbi","ncbi.public,s3.us-east-1,gs.us-east1",SRX6723486,Illumina NovaSeq 6000,BMD00196,BMD00196,PAIRED,Hybrid Selection,GENOMIC,Homo sapiens,ILLUMINA,2019-12-31T00:00:00Z,2019-08-16T06:27:00Z,1,BMD00196,missing,SRP193431,Plasma
SRR9982670,missing,Bisulfite-Seq,296,4467745234,"Peking Union\, Naixin Liang",PRJNA534206,SAMN12258329,Human,1678813779,DEPARTMENT OF THORACIC SURGERY,public,"sra,run.zq,fastq","gs,ncbi,s3","s3.us-east-1,ncbi.public,gs.us-east1",SRX6723485,Illumina NovaSeq 6000,BMD00195,BMD00195,PAIRED,Hybrid Selection,GENOMIC,Homo sapiens,ILLUMINA,2019-12-31T00:00:00Z,2019-08-16T06:28:00Z,1,BMD00195,missing,SRP193431,Plasma
SRR9982671,missing,Bisulfite-Seq,292,4222876018,"Peking Union\, Naixin Liang",PRJNA534206,SAMN12258332,Human,1573112447,DEPARTMENT OF THORACIC SURGERY,public,"run.zq,fastq,sra","gs,ncbi,s3","gs.us-east1,ncbi.public,s3.us-east-1",SRX6723484,Illumina NovaSeq 6000,BMD00198,BMD00198,PAIRED,Hybrid Selection,GENOMIC,Homo sapiens,ILLUMINA,2019-12-31T00:00:00Z,2019-08-16T06:28:00Z,1,BMD00198,missing,SRP193431,Plasma
SRR9982672,missing,Bisulfite-Seq,296,3744130275,"Peking Union\, Naixin Liang",PRJNA534206,SAMN12258331,Human,1421924112,DEPARTMENT OF THORACIC SURGERY,public,"run.zq,fastq,sra","ncbi,s3,gs","s3.us-east-1,gs.us-east1,ncbi.public",SRX6723483,Illumina NovaSeq 6000,BMD00197,BMD00197,PAIRED,Hybrid Selection,GENOMIC,Homo sapiens,ILLUMINA,2019-12-31T00:00:00Z,2019-08-16T06:27:00Z,1,BMD00197,missing,SRP193431,Plasma
SRR9982673,missing,Bisulfite-Seq,298,5041876598,"Peking Union\, Naixin Liang",PRJNA534206,SAMN12258326,Human,1909938016,DEPARTMENT OF THORACIC SURGERY,public,"run.zq,fastq,sra","gs,s3,ncbi","gs.us-east1,ncbi.public,s3.us-east-1",SRX6723482,Illumina NovaSeq 6000,BMD00192,BMD00192,PAIRED,Hybrid Selection,GENOMIC,Homo sapiens,ILLUMINA,2019-12-31T00:00:00Z,2019-08-16T06:32:00Z,1,BMD00192,missing,SRP193431,Plasma
SRR9982674,missing,Bisulfite-Seq,298,4069777409,"Peking Union\, Naixin Liang",PRJNA534206,SAMN12258325,Human,1501567274,DEPARTMENT OF THORACIC SURGERY,public,"fastq,sra,run.zq","gs,s3,ncbi","ncbi.public,s3.us-east-1,gs.us-east1",SRX6723481,Illumina NovaSeq 6000,BMD00191,BMD00191,PAIRED,Hybrid Selection,GENOMIC,Homo sapiens,ILLUMINA,2019-12-31T00:00:00Z,2019-08-16T06:29:00Z,1,BMD00191,missing,SRP193431,Plasma
SRR9982675,missing,Bisulfite-Seq,295,5667075076,"Peking Union\, Naixin Liang",PRJNA534206,SAMN12258175,Human,2025282398,DEPARTMENT OF THORACIC SURGERY,public,"sra,run.zq,fastq","s3,gs,ncbi","ncbi.public,s3.us-east-1,gs.us-east1",SRX6723480,Illumina NovaSeq 6000,BMD00041,BMD00041,PAIRED,Hybrid Selection,GENOMIC,Homo sapiens,ILLUMINA,2019-12-31T00:00:00Z,2019-08-16T06:32:00Z,1,BMD00041,missing,SRP193431,Plasma
SRR9982676,missing,Bisulfite-Seq,296,6019698706,"Peking Union\, Naixin Liang",PRJNA534206,SAMN12258176,Human,2144731697,DEPARTMENT OF THORACIC SURGERY,public,"sra,fastq,run.zq","s3,ncbi,gs","ncbi.public,s3.us-east-1,gs.us-east1",SRX6723479,Illumina NovaSeq 6000,BMD00042,BMD00042,PAIRED,Hybrid Selection,GENOMIC,Homo sapiens,ILLUMINA,2019-12-31T00:00:00Z,2019-08-16T06:30:00Z,1,BMD00042,missing,SRP193431,Plasma
SRR9982677,missing,Bisulfite-Seq,298,7348885209,"Peking Union\, Naixin Liang",PRJNA534206,SAMN12258243,Human,2587469798,DEPARTMENT OF THORACIC SURGERY,public,"sra,fastq,run.zq","ncbi,s3,gs","s3.us-east-1,ncbi.public,gs.us-east1",SRX6723478,Illumina NovaSeq 6000,BMD00109,BMD00109,PAIRED,Hybrid Selection,GENOMIC,Homo sapiens,ILLUMINA,2019-12-31T00:00:00Z,2019-08-16T06:37:00Z,1,BMD00109,missing,SRP193431,Plasma
SRR9982678,missing,Bisulfite-Seq,298,6862127569,"Peking Union\, Naixin Liang",PRJNA534206,SAMN12258244,Human,2435957799,DEPARTMENT OF THORACIC SURGERY,public,"fastq,sra,run.zq","gs,ncbi,s3","gs.us-east1,ncbi.public,s3.us-east-1",SRX6723477,Illumina NovaSeq 6000,BMD00110,BMD00110,PAIRED,Hybrid Selection,GENOMIC,Homo sapiens,ILLUMINA,2019-12-31T00:00:00Z,2019-08-16T06:33:00Z,1,BMD00110,missing,SRP193431,Plasma
SRR9982679,missing,Bisulfite-Seq,301,6512629171,"Peking Union\, Naixin Liang",PRJNA534206,SAMN12258752,Human,2320041520,DEPARTMENT OF THORACIC SURGERY,public,"sra,run.zq,fastq","gs,ncbi,s3","s3.us-east-1,ncbi.public,gs.us-east1",SRX6723476,Illumina NovaSeq 6000,BMD00620,BMD00620,PAIRED,Hybrid Selection,GENOMIC,Homo sapiens,ILLUMINA,2019-12-31T00:00:00Z,2019-08-16T06:32:00Z,1,BMD00620,missing,SRP193431,Plasma
SRR9982680,missing,Bisulfite-Seq,294,5385409486,"Peking Union\, Naixin Liang",PRJNA534206,SAMN12259015,Human,1956612186,DEPARTMENT OF THORACIC SURGERY,public,"run.zq,sra,fastq","gs,ncbi,s3","s3.us-east-1,ncbi.public,gs.us-east1",SRX6723475,Illumina NovaSeq 6000,BMD00885,BMD00885,PAIRED,Hybrid Selection,GENOMIC,Homo sapiens,ILLUMINA,2019-12-31T00:00:00Z,2019-08-16T06:30:00Z,1,BMD00885,missing,SRP193431,Plasma
SRR9982681,missing,Bisulfite-Seq,301,4791565891,"Peking Union\, Naixin Liang",PRJNA534206,SAMN12258749,Human,1698088251,DEPARTMENT OF THORACIC SURGERY,public,"fastq,sra,run.zq","s3,ncbi,gs","gs.us-east1,s3.us-east-1,ncbi.public",SRX6723474,Illumina NovaSeq 6000,BMD00617,BMD00617,PAIRED,Hybrid Selection,GENOMIC,Homo sapiens,ILLUMINA,2019-12-31T00:00:00Z,2019-08-16T06:30:00Z,1,BMD00617,missing,SRP193431,Plasma
SRR9982682,missing,Bisulfite-Seq,301,9417469340,"Peking Union\, Naixin Liang",PRJNA534206,SAMN12258750,Human,3368619663,DEPARTMENT OF THORACIC SURGERY,public,"run.zq,fastq,sra","ncbi,s3,gs","gs.us-east1,ncbi.public,s3.us-east-1",SRX6723473,Illumina NovaSeq 6000,BMD00618,BMD00618,PAIRED,Hybrid Selection,GENOMIC,Homo sapiens,ILLUMINA,2019-12-31T00:00:00Z,2019-08-16T06:35:00Z,1,BMD00618,missing,SRP193431,Plasma
SRR9982683,missing,Bisulfite-Seq,297,4287866522,"Peking Union\, Naixin Liang",PRJNA534206,SAMN12258560,Human,1611460937,DEPARTMENT OF THORACIC SURGERY,public,"sra,fastq,run.zq","gs,s3,ncbi","gs.us-east1,s3.us-east-1,ncbi.public",SRX6723472,Illumina NovaSeq 6000,BMD00427,BMD00427,PAIRED,Hybrid Selection,GENOMIC,Homo sapiens,ILLUMINA,2019-12-31T00:00:00Z,2019-08-16T06:28:00Z,1,BMD00427,missing,SRP193431,Plasma
SRR9982684,missing,Bisulfite-Seq,296,5662207287,"Peking Union\, Naixin Liang",PRJNA534206,SAMN12258559,Human,2108204819,DEPARTMENT OF THORACIC SURGERY,public,"fastq,sra,run.zq","ncbi,gs,s3","s3.us-east-1,gs.us-east1,ncbi.public",SRX6723471,Illumina NovaSeq 6000,BMD00426,BMD00426,PAIRED,Hybrid Selection,GENOMIC,Homo sapiens,ILLUMINA,2019-12-31T00:00:00Z,2019-08-16T06:32:00Z,1,BMD00426,missing,SRP193431,Plasma
SRR9982685,missing,Bisulfite-Seq,296,5002086409,"Peking Union\, Naixin Liang",PRJNA534206,SAMN12258562,Human,1858514997,DEPARTMENT OF THORACIC SURGERY,public,"sra,fastq,run.zq","ncbi,s3,gs","gs.us-east1,ncbi.public,s3.us-east-1",SRX6723470,Illumina NovaSeq 6000,BMD00429,BMD00429,PAIRED,Hybrid Selection,GENOMIC,Homo sapiens,ILLUMINA,2019-12-31T00:00:00Z,2019-08-16T06:30:00Z,1,BMD00429,missing,SRP193431,Plasma
SRR9982686,missing,Bisulfite-Seq,296,6353088748,"Peking Union\, Naixin Liang",PRJNA534206,SAMN12258561,Human,2382555933,DEPARTMENT OF THORACIC SURGERY,public,"sra,run.zq,fastq","ncbi,gs,s3","gs.us-east1,ncbi.public,s3.us-east-1",SRX6723469,Illumina NovaSeq 6000,BMD00428,BMD00428,PAIRED,Hybrid Selection,GENOMIC,Homo sapiens,ILLUMINA,2019-12-31T00:00:00Z,2019-08-16T06:32:00Z,1,BMD00428,missing,SRP193431,Plasma
SRR9982687,missing,Bisulfite-Seq,295,5549402884,"Peking Union\, Naixin Liang",PRJNA534206,SAMN12258556,Human,2047629630,DEPARTMENT OF THORACIC SURGERY,public,"sra,fastq,run.zq","ncbi,gs,s3","s3.us-east-1,ncbi.public,gs.us-east1",SRX6723468,Illumina NovaSeq 6000,BMD00423,BMD00423,PAIRED,Hybrid Selection,GENOMIC,Homo sapiens,ILLUMINA,2019-12-31T00:00:00Z,2019-08-16T06:30:00Z,1,BMD00423,missing,SRP193431,Plasma
SRR9982688,missing,Bisulfite-Seq,296,4742610294,"Peking Union\, Naixin Liang",PRJNA534206,SAMN12258555,Human,1761101391,DEPARTMENT OF THORACIC SURGERY,public,"sra,run.zq,fastq","ncbi,gs,s3","gs.us-east1,ncbi.public,s3.us-east-1",SRX6723467,Illumina NovaSeq 6000,BMD00422,BMD00422,PAIRED,Hybrid Selection,GENOMIC,Homo sapiens,ILLUMINA,2019-12-31T00:00:00Z,2019-08-16T06:29:00Z,1,BMD00422,missing,SRP193431,Plasma
SRR9982689,missing,Bisulfite-Seq,296,4918728747,"Peking Union\, Naixin Liang",PRJNA534206,SAMN12258558,Human,1836021992,DEPARTMENT OF THORACIC SURGERY,public,"run.zq,sra,fastq","s3,gs,ncbi","s3.us-east-1,ncbi.public,gs.us-east1",SRX6723466,Illumina NovaSeq 6000,BMD00425,BMD00425,PAIRED,Hybrid Selection,GENOMIC,Homo sapiens,ILLUMINA,2019-12-31T00:00:00Z,2019-08-16T06:29:00Z,1,BMD00425,missing,SRP193431,Plasma
SRR9982690,missing,Bisulfite-Seq,295,4512666325,"Peking Union\, Naixin Liang",PRJNA534206,SAMN12258557,Human,1676222016,DEPARTMENT OF THORACIC SURGERY,public,"sra,fastq,run.zq","gs,ncbi,s3","s3.us-east-1,ncbi.public,gs.us-east1",SRX6723465,Illumina NovaSeq 6000,BMD00424,BMD00424,PAIRED,Hybrid Selection,GENOMIC,Homo sapiens,ILLUMINA,2019-12-31T00:00:00Z,2019-08-16T06:27:00Z,1,BMD00424,missing,SRP193431,Plasma
SRR9982691,missing,Bisulfite-Seq,295,5862126374,"Peking Union\, Naixin Liang",PRJNA534206,SAMN12258879,Human,2130626221,DEPARTMENT OF THORACIC SURGERY,public,"run.zq,fastq,sra","s3,ncbi,gs","gs.us-east1,ncbi.public,s3.us-east-1",SRX6723464,Illumina NovaSeq 6000,BMD00760,BMD00760,PAIRED,Hybrid Selection,GENOMIC,Homo sapiens,ILLUMINA,2019-12-31T00:00:00Z,2019-08-16T06:29:00Z,1,BMD00760,missing,SRP193431,Plasma
SRR9982692,missing,Bisulfite-Seq,295,5067839229,"Peking Union\, Naixin Liang",PRJNA534206,SAMN12258880,Human,1866860322,DEPARTMENT OF THORACIC SURGERY,public,"run.zq,sra,fastq","gs,s3,ncbi","ncbi.public,gs.us-east1,s3.us-east-1",SRX6723463,Illumina NovaSeq 6000,BMD00761,BMD00761,PAIRED,Hybrid Selection,GENOMIC,Homo sapiens,ILLUMINA,2019-12-31T00:00:00Z,2019-08-16T06:30:00Z,1,BMD00761,missing,SRP193431,Plasma
SRR9982693,missing,Bisulfite-Seq,292,9753663315,"Peking Union\, Naixin Liang",PRJNA534206,SAMN12258881,Human,3656504131,DEPARTMENT OF THORACIC SURGERY,public,"sra,fastq,run.zq","ncbi,s3,gs","gs.us-east1,ncbi.public,s3.us-east-1",SRX6723462,Illumina NovaSeq 6000,BMD00762,BMD00762,PAIRED,Hybrid Selection,GENOMIC,Homo sapiens,ILLUMINA,2019-12-31T00:00:00Z,2019-08-16T06:39:00Z,1,BMD00762,missing,SRP193431,Plasma
SRR9982694,missing,Bisulfite-Seq,294,10651115258,"Peking Union\, Naixin Liang",PRJNA534206,SAMN12258882,Human,4018204908,DEPARTMENT OF THORACIC SURGERY,public,"run.zq,fastq,sra","gs,s3,ncbi","ncbi.public,s3.us-east-1,gs.us-east1",SRX6723461,Illumina NovaSeq 6000,BMD00763,BMD00763,PAIRED,Hybrid Selection,GENOMIC,Homo sapiens,ILLUMINA,2019-12-31T00:00:00Z,2019-08-16T06:39:00Z,1,BMD00763,missing,SRP193431,Plasma
SRR9982695,missing,Bisulfite-Seq,296,6026847857,"Peking Union\, Naixin Liang",PRJNA534206,SAMN12258564,Human,2246112112,DEPARTMENT OF THORACIC SURGERY,public,"run.zq,sra,fastq","s3,ncbi,gs","ncbi.public,s3.us-east-1,gs.us-east1",SRX6723460,Illumina NovaSeq 6000,BMD00431,BMD00431,PAIRED,Hybrid Selection,GENOMIC,Homo sapiens,ILLUMINA,2019-12-31T00:00:00Z,2019-08-16T06:31:00Z,1,BMD00431,missing,SRP193431,Plasma
SRR9982696,missing,Bisulfite-Seq,296,6834611152,"Peking Union\, Naixin Liang",PRJNA534206,SAMN12258563,Human,2535540874,DEPARTMENT OF THORACIC SURGERY,public,"fastq,sra,run.zq","s3,ncbi,gs","ncbi.public,gs.us-east1,s3.us-east-1",SRX6723459,Illumina NovaSeq 6000,BMD00430,BMD00430,PAIRED,Hybrid Selection,GENOMIC,Homo sapiens,ILLUMINA,2019-12-31T00:00:00Z,2019-08-16T06:34:00Z,1,BMD00430,missing,SRP193431,Plasma
SRR9982697,missing,Bisulfite-Seq,293,10037677551,"Peking Union\, Naixin Liang",PRJNA534206,SAMN12258877,Human,3765665957,DEPARTMENT OF THORACIC SURGERY,public,"sra,fastq,run.zq","ncbi,s3,gs","ncbi.public,s3.us-east-1,gs.us-east1",SRX6723458,Illumina NovaSeq 6000,BMD00758,BMD00758,PAIRED,Hybrid Selection,GENOMIC,Homo sapiens,ILLUMINA,2019-12-31T00:00:00Z,2019-08-16T06:41:00Z,1,BMD00758,missing,SRP193431,Plasma
SRR9982698,missing,Bisulfite-Seq,295,5033176874,"Peking Union\, Naixin Liang",PRJNA534206,SAMN12258878,Human,1843144552,DEPARTMENT OF THORACIC SURGERY,public,"sra,fastq,run.zq","s3,ncbi,gs","gs.us-east1,s3.us-east-1,ncbi.public",SRX6723457,Illumina NovaSeq 6000,BMD00759,BMD00759,PAIRED,Hybrid Selection,GENOMIC,Homo sapiens,ILLUMINA,2019-12-31T00:00:00Z,2019-08-16T06:31:00Z,1,BMD00759,missing,SRP193431,Plasma
SRR9982699,missing,Bisulfite-Seq,297,3896879510,"Peking Union\, Naixin Liang",PRJNA534206,SAMN12258506,Human,1385717883,DEPARTMENT OF THORACIC SURGERY,public,"sra,run.zq,fastq","s3,gs,ncbi","ncbi.public,gs.us-east1,s3.us-east-1",SRX6723456,Illumina NovaSeq 6000,BMD00372,BMD00372,PAIRED,Hybrid Selection,GENOMIC,Homo sapiens,ILLUMINA,2019-12-31T00:00:00Z,2019-08-16T06:28:00Z,1,BMD00372,missing,SRP193431,Plasma
SRR9982700,missing,Bisulfite-Seq,294,6348981682,"Peking Union\, Naixin Liang",PRJNA534206,SAMN12258414,Human,2376447024,DEPARTMENT OF THORACIC SURGERY,public,"fastq,run.zq,sra","s3,gs,ncbi","s3.us-east-1,ncbi.public,gs.us-east1",SRX6723455,Illumina NovaSeq 6000,BMD00280,BMD00280,PAIRED,Hybrid Selection,GENOMIC,Homo sapiens,ILLUMINA,2019-12-31T00:00:00Z,2019-08-16T06:37:00Z,1,BMD00280,missing,SRP193431,Plasma
SRR9982701,missing,Bisulfite-Seq,297,4042086204,"Peking Union\, Naixin Liang",PRJNA534206,SAMN12258204,Human,1447265062,DEPARTMENT OF THORACIC SURGERY,public,"run.zq,sra,fastq","s3,ncbi,gs","ncbi.public,gs.us-east1,s3.us-east-1",SRX6723454,Illumina NovaSeq 6000,BMD00070,BMD00070,PAIRED,Hybrid Selection,GENOMIC,Homo sapiens,ILLUMINA,2019-12-31T00:00:00Z,2019-08-16T06:28:00Z,1,BMD00070,missing,SRP193431,Plasma
SRR9982702,missing,Bisulfite-Seq,295,6138022731,"Peking Union\, Naixin Liang",PRJNA534206,SAMN12258715,Human,2443130578,DEPARTMENT OF THORACIC SURGERY,public,"sra,fastq,run.zq","s3,ncbi,gs","ncbi.public,s3.us-east-1,gs.us-east1",SRX6723453,Illumina NovaSeq 6000,BMD00582,BMD00582,PAIRED,Hybrid Selection,GENOMIC,Homo sapiens,ILLUMINA,2019-12-31T00:00:00Z,2019-08-16T06:33:00Z,1,BMD00582,missing,SRP193431,Plasma
SRR9982703,missing,Bisulfite-Seq,294,4077404773,"Peking Union\, Naixin Liang",PRJNA534206,SAMN12258716,Human,1594760147,DEPARTMENT OF THORACIC SURGERY,public,"fastq,sra,run.zq","ncbi,s3,gs","gs.us-east1,s3.us-east-1,ncbi.public",SRX6723452,Illumina NovaSeq 6000,BMD00584,BMD00584,PAIRED,Hybrid Selection,GENOMIC,Homo sapiens,ILLUMINA,2019-12-31T00:00:00Z,2019-08-16T06:29:00Z,1,BMD00584,missing,SRP193431,Plasma
SRR9982704,missing,Bisulfite-Seq,297,4192476039,"Peking Union\, Naixin Liang",PRJNA534206,SAMN12258514,Human,1487913400,DEPARTMENT OF THORACIC SURGERY,public,"run.zq,sra,fastq","ncbi,s3,gs","s3.us-east-1,ncbi.public,gs.us-east1",SRX6723451,Illumina NovaSeq 6000,BMD00380,BMD00380,PAIRED,Hybrid Selection,GENOMIC,Homo sapiens,ILLUMINA,2019-12-31T00:00:00Z,2019-08-16T06:27:00Z,1,BMD00380,missing,SRP193431,Plasma
SRR9982705,missing,Bisulfite-Seq,295,2860116971,"Peking Union\, Naixin Liang",PRJNA534206,SAMN12258406,Human,1049364763,DEPARTMENT OF THORACIC SURGERY,public,"sra,run.zq,fastq","ncbi,gs,s3","gs.us-east1,s3.us-east-1,ncbi.public",SRX6723450,Illumina NovaSeq 6000,BMD00272,BMD00272,PAIRED,Hybrid Selection,GENOMIC,Homo sapiens,ILLUMINA,2019-12-31T00:00:00Z,2019-08-16T06:26:00Z,1,BMD00272,missing,SRP193431,Plasma
SRR9982706,missing,Bisulfite-Seq,296,5180357908,"Peking Union\, Naixin Liang",PRJNA534206,SAMN12258639,Human,1942253845,DEPARTMENT OF THORACIC SURGERY,public,"sra,run.zq,fastq","gs,ncbi,s3","ncbi.public,s3.us-east-1,gs.us-east1",SRX6723449,Illumina NovaSeq 6000,BMD00506,BMD00506,PAIRED,Hybrid Selection,GENOMIC,Homo sapiens,ILLUMINA,2019-12-31T00:00:00Z,2019-08-16T06:31:00Z,1,BMD00506,missing,SRP193431,Plasma
SRR9982707,missing,Bisulfite-Seq,294,5052374441,"Peking Union\, Naixin Liang",PRJNA534206,SAMN12258726,Human,1963330764,DEPARTMENT OF THORACIC SURGERY,public,"run.zq,sra,fastq","ncbi,gs,s3","s3.us-east-1,gs.us-east1,ncbi.public",SRX6724120,Illumina NovaSeq 6000,BMD00594,BMD00594,PAIRED,Hybrid Selection,GENOMIC,Homo sapiens,ILLUMINA,2019-12-31T00:00:00Z,2019-08-16T06:29:00Z,1,BMD00594,missing,SRP193431,Plasma
SRR9982708,missing,Bisulfite-Seq,297,5359727214,"Peking Union\, Naixin Liang",PRJNA534206,SAMN12258725,Human,1999740998,DEPARTMENT OF THORACIC SURGERY,public,"sra,fastq,run.zq","ncbi,s3,gs","s3.us-east-1,ncbi.public,gs.us-east1",SRX6724119,Illumina NovaSeq 6000,BMD00593,BMD00593,PAIRED,Hybrid Selection,GENOMIC,Homo sapiens,ILLUMINA,2019-12-31T00:00:00Z,2019-08-16T06:32:00Z,1,BMD00593,missing,SRP193431,Plasma
SRR9982709,missing,Bisulfite-Seq,295,4961936759,"Peking Union\, Naixin Liang",PRJNA534206,SAMN12258728,Human,1903120304,DEPARTMENT OF THORACIC SURGERY,public,"fastq,sra,run.zq","s3,ncbi,gs","s3.us-east-1,ncbi.public,gs.us-east1",SRX6724118,Illumina NovaSeq 6000,BMD00596,BMD00596,PAIRED,Hybrid Selection,GENOMIC,Homo sapiens,ILLUMINA,2019-12-31T00:00:00Z,2019-08-16T06:33:00Z,1,BMD00596,missing,SRP193431,Plasma
SRR9982710,missing,Bisulfite-Seq,295,4948073323,"Peking Union\, Naixin Liang",PRJNA534206,SAMN12258727,Human,1921782596,DEPARTMENT OF THORACIC SURGERY,public,"fastq,run.zq,sra","s3,gs,ncbi","gs.us-east1,s3.us-east-1,ncbi.public",SRX6724117,Illumina NovaSeq 6000,BMD00595,BMD00595,PAIRED,Hybrid Selection,GENOMIC,Homo sapiens,ILLUMINA,2019-12-31T00:00:00Z,2019-08-16T06:31:00Z,1,BMD00595,missing,SRP193431,Plasma
SRR9982711,missing,Bisulfite-Seq,295,5557137736,"Peking Union\, Naixin Liang",PRJNA534206,SAMN12258730,Human,2150617914,DEPARTMENT OF THORACIC SURGERY,public,"run.zq,fastq,sra","gs,s3,ncbi","gs.us-east1,s3.us-east-1,ncbi.public",SRX6724116,Illumina NovaSeq 6000,BMD00598,BMD00598,PAIRED,Hybrid Selection,GENOMIC,Homo sapiens,ILLUMINA,2019-12-31T00:00:00Z,2019-08-16T06:33:00Z,1,BMD00598,missing,SRP193431,Plasma
SRR9982712,missing,Bisulfite-Seq,295,5170361650,"Peking Union\, Naixin Liang",PRJNA534206,SAMN12258729,Human,2000773316,DEPARTMENT OF THORACIC SURGERY,public,"fastq,run.zq,sra","s3,gs,ncbi","ncbi.public,s3.us-east-1,gs.us-east1",SRX6724115,Illumina NovaSeq 6000,BMD00597,BMD00597,PAIRED,Hybrid Selection,GENOMIC,Homo sapiens,ILLUMINA,2019-12-31T00:00:00Z,2019-08-16T06:33:00Z,1,BMD00597,missing,SRP193431,Plasma
SRR9982713,missing,Bisulfite-Seq,293,5571700784,"Peking Union\, Naixin Liang",PRJNA534206,SAMN12258732,Human,2154112685,DEPARTMENT OF THORACIC SURGERY,public,"fastq,run.zq,sra","gs,ncbi,s3","ncbi.public,s3.us-east-1,gs.us-east1",SRX6724114,Illumina NovaSeq 6000,BMD00600,BMD00600,PAIRED,Hybrid Selection,GENOMIC,Homo sapiens,ILLUMINA,2019-12-31T00:00:00Z,2019-08-16T06:33:00Z,1,BMD00600,missing,SRP193431,Plasma
SRR9982714,missing,Bisulfite-Seq,294,5595825099,"Peking Union\, Naixin Liang",PRJNA534206,SAMN12258731,Human,2161093645,DEPARTMENT OF THORACIC SURGERY,public,"fastq,sra,run.zq","gs,ncbi,s3","ncbi.public,s3.us-east-1,gs.us-east1",SRX6724113,Illumina NovaSeq 6000,BMD00599,BMD00599,PAIRED,Hybrid Selection,GENOMIC,Homo sapiens,ILLUMINA,2019-12-31T00:00:00Z,2019-08-16T06:31:00Z,1,BMD00599,missing,SRP193431,Plasma
SRR9982715,missing,Bisulfite-Seq,294,5015536018,"Peking Union\, Naixin Liang",PRJNA534206,SAMN12258232,Human,1810033140,DEPARTMENT OF THORACIC SURGERY,public,"run.zq,fastq,sra","gs,ncbi,s3","ncbi.public,gs.us-east1,s3.us-east-1",SRX6724112,Illumina NovaSeq 6000,BMD00098,BMD00098,PAIRED,Hybrid Selection,GENOMIC,Homo sapiens,ILLUMINA,2019-12-31T00:00:00Z,2019-08-16T06:31:00Z,1,BMD00098,missing,SRP193431,Plasma
SRR9982716,missing,Bisulfite-Seq,294,6192690627,"Peking Union\, Naixin Liang",PRJNA534206,SAMN12258231,Human,2228127987,DEPARTMENT OF THORACIC SURGERY,public,"run.zq,sra,fastq","s3,gs,ncbi","gs.us-east1,s3.us-east-1,ncbi.public",SRX6724111,Illumina NovaSeq 6000,BMD00097,BMD00097,PAIRED,Hybrid Selection,GENOMIC,Homo sapiens,ILLUMINA,2019-12-31T00:00:00Z,2019-08-16T06:32:00Z,1,BMD00097,missing,SRP193431,Plasma
SRR9982717,missing,Bisulfite-Seq,295,5099012441,"Peking Union\, Naixin Liang",PRJNA534206,SAMN12258884,Human,1862811828,DEPARTMENT OF THORACIC SURGERY,public,"fastq,sra,run.zq","gs,s3,ncbi","ncbi.public,gs.us-east1,s3.us-east-1",SRX6724110,Illumina NovaSeq 6000,BMD00765,BMD00765,PAIRED,Hybrid Selection,GENOMIC,Homo sapiens,ILLUMINA,2019-12-31T00:00:00Z,2019-08-16T06:31:00Z,1,BMD00765,missing,SRP193431,Plasma
SRR9982718,missing,Bisulfite-Seq,295,4903168625,"Peking Union\, Naixin Liang",PRJNA534206,SAMN12258229,Human,1773945203,DEPARTMENT OF THORACIC SURGERY,public,"sra,fastq,run.zq","s3,ncbi,gs","s3.us-east-1,gs.us-east1,ncbi.public",SRX6724109,Illumina NovaSeq 6000,BMD00095,BMD00095,PAIRED,Hybrid Selection,GENOMIC,Homo sapiens,ILLUMINA,2019-12-31T00:00:00Z,2019-08-16T06:31:00Z,1,BMD00095,missing,SRP193431,Plasma
SRR9982719,missing,Bisulfite-Seq,295,5219470663,"Peking Union\, Naixin Liang",PRJNA534206,SAMN12258228,Human,1886517675,DEPARTMENT OF THORACIC SURGERY,public,"run.zq,sra,fastq","gs,ncbi,s3","ncbi.public,s3.us-east-1,gs.us-east1",SRX6724108,Illumina NovaSeq 6000,BMD00094,BMD00094,PAIRED,Hybrid Selection,GENOMIC,Homo sapiens,ILLUMINA,2019-12-31T00:00:00Z,2019-08-16T06:30:00Z,1,BMD00094,missing,SRP193431,Plasma
SRR9982720,missing,Bisulfite-Seq,295,4724076489,"Peking Union\, Naixin Liang",PRJNA534206,SAMN12258227,Human,1714410526,DEPARTMENT OF THORACIC SURGERY,public,"run.zq,sra,fastq","gs,ncbi,s3","gs.us-east1,ncbi.public,s3.us-east-1",SRX6724107,Illumina NovaSeq 6000,BMD00093,BMD00093,PAIRED,Hybrid Selection,GENOMIC,Homo sapiens,ILLUMINA,2019-12-31T00:00:00Z,2019-08-16T06:30:00Z,1,BMD00093,missing,SRP193431,Plasma
SRR9982721,missing,Bisulfite-Seq,294,5416052366,"Peking Union\, Naixin Liang",PRJNA534206,SAMN12258226,Human,1946278810,DEPARTMENT OF THORACIC SURGERY,public,"fastq,sra,run.zq","ncbi,s3,gs","ncbi.public,s3.us-east-1,gs.us-east1",SRX6724106,Illumina NovaSeq 6000,BMD00092,BMD00092,PAIRED,Hybrid Selection,GENOMIC,Homo sapiens,ILLUMINA,2019-12-31T00:00:00Z,2019-08-16T06:32:00Z,1,BMD00092,missing,SRP193431,Plasma
SRR9982722,missing,Bisulfite-Seq,296,5496016667,"Peking Union\, Naixin Liang",PRJNA534206,SAMN12258225,Human,1988936571,DEPARTMENT OF THORACIC SURGERY,public,"run.zq,sra,fastq","gs,s3,ncbi","ncbi.public,gs.us-east1,s3.us-east-1",SRX6724105,Illumina NovaSeq 6000,BMD00091,BMD00091,PAIRED,Hybrid Selection,GENOMIC,Homo sapiens,ILLUMINA,2019-12-31T00:00:00Z,2019-08-16T06:32:00Z,1,BMD00091,missing,SRP193431,Plasma
SRR9982723,missing,Bisulfite-Seq,279,2494284406,"Peking Union\, Naixin Liang",PRJNA534206,SAMN12258234,Human,1470341560,DEPARTMENT OF THORACIC SURGERY,public,"sra,fastq,run.zq","ncbi,gs,s3","gs.us-east1,s3.us-east-1,ncbi.public",SRX6724104,Illumina NovaSeq 6000,BMD00100,BMD00100,PAIRED,Hybrid Selection,GENOMIC,Homo sapiens,ILLUMINA,2019-12-31T00:00:00Z,2019-08-16T06:26:00Z,1,BMD00100,missing,SRP193431,Plasma
SRR9982724,missing,Bisulfite-Seq,295,4506229243,"Peking Union\, Naixin Liang",PRJNA534206,SAMN12258233,Human,1640082246,DEPARTMENT OF THORACIC SURGERY,public,"sra,run.zq,fastq","ncbi,gs,s3","ncbi.public,gs.us-east1,s3.us-east-1",SRX6724103,Illumina NovaSeq 6000,BMD00099,BMD00099,PAIRED,Hybrid Selection,GENOMIC,Homo sapiens,ILLUMINA,2019-12-31T00:00:00Z,2019-08-16T06:31:00Z,1,BMD00099,missing,SRP193431,Plasma
SRR9982725,missing,Bisulfite-Seq,280,4090148133,"Peking Union\, Naixin Liang",PRJNA534206,SAMN12258613,Human,1417522984,DEPARTMENT OF THORACIC SURGERY,public,"sra,fastq,run.zq","ncbi,s3,gs","ncbi.public,gs.us-east1,s3.us-east-1",SRX6724102,Illumina NovaSeq 6000,BMD00480,BMD00480,PAIRED,Hybrid Selection,GENOMIC,Homo sapiens,ILLUMINA,2019-12-31T00:00:00Z,2019-08-16T06:28:00Z,1,BMD00480,missing,SRP193431,Plasma
SRR9982726,missing,Bisulfite-Seq,281,3952667839,"Peking Union\, Naixin Liang",PRJNA534206,SAMN12258614,Human,1367429244,DEPARTMENT OF THORACIC SURGERY,public,"run.zq,sra,fastq","s3,ncbi,gs","s3.us-east-1,ncbi.public,gs.us-east1",SRX6724101,Illumina NovaSeq 6000,BMD00481,BMD00481,PAIRED,Hybrid Selection,GENOMIC,Homo sapiens,ILLUMINA,2019-12-31T00:00:00Z,2019-08-16T06:28:00Z,1,BMD00481,missing,SRP193431,Plasma
SRR9982727,missing,Bisulfite-Seq,283,4193539324,"Peking Union\, Naixin Liang",PRJNA534206,SAMN12258607,Human,1465056627,DEPARTMENT OF THORACIC SURGERY,public,"fastq,sra,run.zq","ncbi,s3,gs","gs.us-east1,ncbi.public,s3.us-east-1",SRX6724100,Illumina NovaSeq 6000,BMD00474,BMD00474,PAIRED,Hybrid Selection,GENOMIC,Homo sapiens,ILLUMINA,2019-12-31T00:00:00Z,2019-08-16T06:29:00Z,1,BMD00474,missing,SRP193431,Plasma
SRR9982728,missing,Bisulfite-Seq,282,4599905293,"Peking Union\, Naixin Liang",PRJNA534206,SAMN12258608,Human,1606972463,DEPARTMENT OF THORACIC SURGERY,public,"fastq,sra,run.zq","ncbi,gs,s3","s3.us-east-1,gs.us-east1,ncbi.public",SRX6724099,Illumina NovaSeq 6000,BMD00475,BMD00475,PAIRED,Hybrid Selection,GENOMIC,Homo sapiens,ILLUMINA,2019-12-31T00:00:00Z,2019-08-16T06:31:00Z,1,BMD00475,missing,SRP193431,Plasma
SRR9982729,missing,Bisulfite-Seq,282,4663640224,"Peking Union\, Naixin Liang",PRJNA534206,SAMN12258605,Human,1630973778,DEPARTMENT OF THORACIC SURGERY,public,"run.zq,fastq,sra","s3,ncbi,gs","ncbi.public,gs.us-east1,s3.us-east-1",SRX6724098,Illumina NovaSeq 6000,BMD00472,BMD00472,PAIRED,Hybrid Selection,GENOMIC,Homo sapiens,ILLUMINA,2019-12-31T00:00:00Z,2019-08-16T06:31:00Z,1,BMD00472,missing,SRP193431,Plasma
SRR9982730,missing,Bisulfite-Seq,282,4711035555,"Peking Union\, Naixin Liang",PRJNA534206,SAMN12258606,Human,1632992288,DEPARTMENT OF THORACIC SURGERY,public,"fastq,run.zq,sra","gs,ncbi,s3","gs.us-east1,s3.us-east-1,ncbi.public",SRX6724097,Illumina NovaSeq 6000,BMD00473,BMD00473,PAIRED,Hybrid Selection,GENOMIC,Homo sapiens,ILLUMINA,2019-12-31T00:00:00Z,2019-08-16T06:31:00Z,1,BMD00473,missing,SRP193431,Plasma
SRR9982731,missing,Bisulfite-Seq,282,4962993224,"Peking Union\, Naixin Liang",PRJNA534206,SAMN12258611,Human,1717697354,DEPARTMENT OF THORACIC SURGERY,public,"fastq,sra,run.zq","s3,ncbi,gs","ncbi.public,gs.us-east1,s3.us-east-1",SRX6724096,Illumina NovaSeq 6000,BMD00478,BMD00478,PAIRED,Hybrid Selection,GENOMIC,Homo sapiens,ILLUMINA,2019-12-31T00:00:00Z,2019-08-16T06:31:00Z,1,BMD00478,missing,SRP193431,Plasma
SRR9982732,missing,Bisulfite-Seq,282,3914509828,"Peking Union\, Naixin Liang",PRJNA534206,SAMN12258612,Human,1365853550,DEPARTMENT OF THORACIC SURGERY,public,"fastq,sra,run.zq","s3,gs,ncbi","s3.us-east-1,ncbi.public,gs.us-east1",SRX6724095,Illumina NovaSeq 6000,BMD00479,BMD00479,PAIRED,Hybrid Selection,GENOMIC,Homo sapiens,ILLUMINA,2019-12-31T00:00:00Z,2019-08-16T06:28:00Z,1,BMD00479,missing,SRP193431,Plasma
SRR9982733,missing,Bisulfite-Seq,282,4522235367,"Peking Union\, Naixin Liang",PRJNA534206,SAMN12258609,Human,1572667363,DEPARTMENT OF THORACIC SURGERY,public,"sra,fastq,run.zq","gs,s3,ncbi","ncbi.public,s3.us-east-1,gs.us-east1",SRX6724094,Illumina NovaSeq 6000,BMD00476,BMD00476,PAIRED,Hybrid Selection,GENOMIC,Homo sapiens,ILLUMINA,2019-12-31T00:00:00Z,2019-08-16T06:30:00Z,1,BMD00476,missing,SRP193431,Plasma
SRR9982734,missing,Bisulfite-Seq,282,4261080462,"Peking Union\, Naixin Liang",PRJNA534206,SAMN12258610,Human,1481499817,DEPARTMENT OF THORACIC SURGERY,public,"run.zq,fastq,sra","ncbi,gs,s3","gs.us-east1,s3.us-east-1,ncbi.public",SRX6724093,Illumina NovaSeq 6000,BMD00477,BMD00477,PAIRED,Hybrid Selection,GENOMIC,Homo sapiens,ILLUMINA,2019-12-31T00:00:00Z,2019-08-16T06:31:00Z,1,BMD00477,missing,SRP193431,Plasma
SRR9982735,missing,Bisulfite-Seq,294,6278058713,"Peking Union\, Naixin Liang",PRJNA534206,SAMN12258910,Human,2357177266,DEPARTMENT OF THORACIC SURGERY,public,"sra,run.zq,fastq","s3,gs,ncbi","gs.us-east1,ncbi.public,s3.us-east-1",SRX6724092,Illumina NovaSeq 6000,BMD00790,BMD00790,PAIRED,Hybrid Selection,GENOMIC,Homo sapiens,ILLUMINA,2019-12-31T00:00:00Z,2019-08-16T06:34:00Z,1,BMD00790,missing,SRP193431,Plasma
SRR9982736,missing,Bisulfite-Seq,294,6817928494,"Peking Union\, Naixin Liang",PRJNA534206,SAMN12258909,Human,2500218298,DEPARTMENT OF THORACIC SURGERY,public,"run.zq,fastq,sra","gs,s3,ncbi","ncbi.public,gs.us-east1,s3.us-east-1",SRX6724091,Illumina NovaSeq 6000,BMD00789,BMD00789,PAIRED,Hybrid Selection,GENOMIC,Homo sapiens,ILLUMINA,2019-12-31T00:00:00Z,2019-08-16T06:35:00Z,1,BMD00789,missing,SRP193431,Plasma
SRR9982737,missing,Bisulfite-Seq,293,5423647173,"Peking Union\, Naixin Liang",PRJNA534206,SAMN12258876,Human,2036769254,DEPARTMENT OF THORACIC SURGERY,public,"run.zq,fastq,sra","s3,ncbi,gs","gs.us-east1,ncbi.public,s3.us-east-1",SRX6724090,Illumina NovaSeq 6000,BMD00757,BMD00757,PAIRED,Hybrid Selection,GENOMIC,Homo sapiens,ILLUMINA,2019-12-31T00:00:00Z,2019-08-16T06:32:00Z,1,BMD00757,missing,SRP193431,Plasma
SRR9982738,missing,Bisulfite-Seq,294,6091768230,"Peking Union\, Naixin Liang",PRJNA534206,SAMN12258911,Human,2234737942,DEPARTMENT OF THORACIC SURGERY,public,"fastq,sra,run.zq","ncbi,gs,s3","gs.us-east1,s3.us-east-1,ncbi.public",SRX6724089,Illumina NovaSeq 6000,BMD00791,BMD00791,PAIRED,Hybrid Selection,GENOMIC,Homo sapiens,ILLUMINA,2019-12-31T00:00:00Z,2019-08-16T06:34:00Z,1,BMD00791,missing,SRP193431,Plasma
SRR9982739,missing,Bisulfite-Seq,296,4396938042,"Peking Union\, Naixin Liang",PRJNA534206,SAMN12258813,Human,1587537724,DEPARTMENT OF THORACIC SURGERY,public,"sra,run.zq,fastq","ncbi,gs,s3","s3.us-east-1,gs.us-east1,ncbi.public",SRX6724088,Illumina NovaSeq 6000,BMD00694,BMD00694,PAIRED,Hybrid Selection,GENOMIC,Homo sapiens,ILLUMINA,2019-12-31T00:00:00Z,2019-08-16T06:32:00Z,1,BMD00694,missing,SRP193431,Plasma
SRR9982740,missing,Bisulfite-Seq,294,6276600106,"Peking Union\, Naixin Liang",PRJNA534206,SAMN12258814,Human,2301781786,DEPARTMENT OF THORACIC SURGERY,public,"fastq,sra,run.zq","s3,gs,ncbi","ncbi.public,gs.us-east1,s3.us-east-1",SRX6724087,Illumina NovaSeq 6000,BMD00695,BMD00695,PAIRED,Hybrid Selection,GENOMIC,Homo sapiens,ILLUMINA,2019-12-31T00:00:00Z,2019-08-16T06:35:00Z,1,BMD00695,missing,SRP193431,Plasma
SRR9982741,missing,Bisulfite-Seq,294,6158112933,"Peking Union\, Naixin Liang",PRJNA534206,SAMN12258908,Human,2271831861,DEPARTMENT OF THORACIC SURGERY,public,"fastq,sra,run.zq","ncbi,gs,s3","ncbi.public,gs.us-east1,s3.us-east-1",SRX6724086,Illumina NovaSeq 6000,BMD00788,BMD00788,PAIRED,Hybrid Selection,GENOMIC,Homo sapiens,ILLUMINA,2019-12-31T00:00:00Z,2019-08-16T06:34:00Z,1,BMD00788,missing,SRP193431,Plasma
SRR9982742,missing,Bisulfite-Seq,294,5879133139,"Peking Union\, Naixin Liang",PRJNA534206,SAMN12258907,Human,2162954021,DEPARTMENT OF THORACIC SURGERY,public,"run.zq,fastq,sra","gs,ncbi,s3","ncbi.public,gs.us-east1,s3.us-east-1",SRX6724085,Illumina NovaSeq 6000,BMD00787,BMD00787,PAIRED,Hybrid Selection,GENOMIC,Homo sapiens,ILLUMINA,2019-12-31T00:00:00Z,2019-08-16T06:34:00Z,1,BMD00787,missing,SRP193431,Plasma
SRR9982743,missing,Bisulfite-Seq,301,4539698701,"Peking Union\, Naixin Liang",PRJNA534206,SAMN12258809,Human,1835118480,DEPARTMENT OF THORACIC SURGERY,public,"sra,run.zq,fastq","ncbi,gs,s3","s3.us-east-1,gs.us-east1,ncbi.public",SRX6724084,Illumina NovaSeq 6000,BMD00690,BMD00690,PAIRED,Hybrid Selection,GENOMIC,Homo sapiens,ILLUMINA,2019-12-31T00:00:00Z,2019-08-16T06:31:00Z,1,BMD00690,missing,SRP193431,Plasma
SRR9982744,missing,Bisulfite-Seq,294,6189290735,"Peking Union\, Naixin Liang",PRJNA534206,SAMN12258810,Human,2283163836,DEPARTMENT OF THORACIC SURGERY,public,"run.zq,fastq,sra","ncbi,s3,gs","gs.us-east1,ncbi.public,s3.us-east-1",SRX6724083,Illumina NovaSeq 6000,BMD00691,BMD00691,PAIRED,Hybrid Selection,GENOMIC,Homo sapiens,ILLUMINA,2019-12-31T00:00:00Z,2019-08-16T06:35:00Z,1,BMD00691,missing,SRP193431,Plasma
SRR9982745,missing,Bisulfite-Seq,301,5101732029,"Peking Union\, Naixin Liang",PRJNA534206,SAMN12258811,Human,2075953493,DEPARTMENT OF THORACIC SURGERY,public,"run.zq,fastq,sra","ncbi,gs,s3","ncbi.public,s3.us-east-1,gs.us-east1",SRX6724082,Illumina NovaSeq 6000,BMD00692,BMD00692,PAIRED,Hybrid Selection,GENOMIC,Homo sapiens,ILLUMINA,2019-12-31T00:00:00Z,2019-08-16T06:32:00Z,1,BMD00692,missing,SRP193431,Plasma
SRR9982746,missing,Bisulfite-Seq,293,6361725528,"Peking Union\, Naixin Liang",PRJNA534206,SAMN12258812,Human,2327314267,DEPARTMENT OF THORACIC SURGERY,public,"run.zq,sra,fastq","ncbi,gs,s3","gs.us-east1,ncbi.public,s3.us-east-1",SRX6724081,Illumina NovaSeq 6000,BMD00693,BMD00693,PAIRED,Hybrid Selection,GENOMIC,Homo sapiens,ILLUMINA,2019-12-31T00:00:00Z,2019-08-16T06:34:00Z,1,BMD00693,missing,SRP193431,Plasma
SRR9982747,missing,Bisulfite-Seq,296,5168650951,"Peking Union\, Naixin Liang",PRJNA534206,SAMN12258805,Human,1880604932,DEPARTMENT OF THORACIC SURGERY,public,"sra,run.zq,fastq","s3,gs,ncbi","ncbi.public,gs.us-east1,s3.us-east-1",SRX6724080,Illumina NovaSeq 6000,BMD00686,BMD00686,PAIRED,Hybrid Selection,GENOMIC,Homo sapiens,ILLUMINA,2019-12-31T00:00:00Z,2019-08-16T06:32:00Z,1,BMD00686,missing,SRP193431,Plasma
SRR9982748,missing,Bisulfite-Seq,293,6557070474,"Peking Union\, Naixin Liang",PRJNA534206,SAMN12258806,Human,2387695425,DEPARTMENT OF THORACIC SURGERY,public,"sra,run.zq,fastq","gs,s3,ncbi","ncbi.public,s3.us-east-1,gs.us-east1",SRX6724079,Illumina NovaSeq 6000,BMD00687,BMD00687,PAIRED,Hybrid Selection,GENOMIC,Homo sapiens,ILLUMINA,2019-12-31T00:00:00Z,2019-08-16T06:34:00Z,1,BMD00687,missing,SRP193431,Plasma
SRR9982749,missing,Bisulfite-Seq,301,5524295620,"Peking Union\, Naixin Liang",PRJNA534206,SAMN12258807,Human,2243688470,DEPARTMENT OF THORACIC SURGERY,public,"fastq,run.zq,sra","ncbi,gs,s3","s3.us-east-1,gs.us-east1,ncbi.public",SRX6724078,Illumina NovaSeq 6000,BMD00688,BMD00688,PAIRED,Hybrid Selection,GENOMIC,Homo sapiens,ILLUMINA,2019-12-31T00:00:00Z,2019-08-16T06:31:00Z,1,BMD00688,missing,SRP193431,Plasma
SRR9982750,missing,Bisulfite-Seq,293,6320893192,"Peking Union\, Naixin Liang",PRJNA534206,SAMN12258808,Human,2315561989,DEPARTMENT OF THORACIC SURGERY,public,"sra,run.zq,fastq","ncbi,gs,s3","ncbi.public,gs.us-east1,s3.us-east-1",SRX6724077,Illumina NovaSeq 6000,BMD00689,BMD00689,PAIRED,Hybrid Selection,GENOMIC,Homo sapiens,ILLUMINA,2019-12-31T00:00:00Z,2019-08-16T06:34:00Z,1,BMD00689,missing,SRP193431,Plasma
SRR9982751,missing,Bisulfite-Seq,298,4163661170,"Peking Union\, Naixin Liang",PRJNA534206,SAMN12258203,Human,1482413925,DEPARTMENT OF THORACIC SURGERY,public,"run.zq,fastq,sra","gs,s3,ncbi","gs.us-east1,s3.us-east-1,ncbi.public",SRX6724076,Illumina NovaSeq 6000,BMD00069,BMD00069,PAIRED,Hybrid Selection,GENOMIC,Homo sapiens,ILLUMINA,2019-12-31T00:00:00Z,2019-08-16T06:31:00Z,1,BMD00069,missing,SRP193431,Plasma
SRR9982752,missing,Bisulfite-Seq,294,7254030732,"Peking Union\, Naixin Liang",PRJNA534206,SAMN12258815,Human,2652478443,DEPARTMENT OF THORACIC SURGERY,public,"sra,fastq,run.zq","ncbi,s3,gs","s3.us-east-1,gs.us-east1,ncbi.public",SRX6724075,Illumina NovaSeq 6000,BMD00696,BMD00696,PAIRED,Hybrid Selection,GENOMIC,Homo sapiens,ILLUMINA,2019-12-31T00:00:00Z,2019-08-16T06:38:00Z,1,BMD00696,missing,SRP193431,Plasma
SRR9982753,missing,Bisulfite-Seq,301,4840706625,"Peking Union\, Naixin Liang",PRJNA534206,SAMN12258818,Human,1964417906,DEPARTMENT OF THORACIC SURGERY,public,"sra,fastq,run.zq","s3,ncbi,gs","ncbi.public,gs.us-east1,s3.us-east-1",SRX6724074,Illumina NovaSeq 6000,BMD00699,BMD00699,PAIRED,Hybrid Selection,GENOMIC,Homo sapiens,ILLUMINA,2019-12-31T00:00:00Z,2019-08-16T06:33:00Z,1,BMD00699,missing,SRP193431,Plasma
SRR9982754,missing,Bisulfite-Seq,297,5535525992,"Peking Union\, Naixin Liang",PRJNA534206,SAMN12258723,Human,2068939460,DEPARTMENT OF THORACIC SURGERY,public,"sra,run.zq,fastq","ncbi,s3,gs","gs.us-east1,ncbi.public,s3.us-east-1",SRX6724073,Illumina NovaSeq 6000,BMD00591,BMD00591,PAIRED,Hybrid Selection,GENOMIC,Homo sapiens,ILLUMINA,2019-12-31T00:00:00Z,2019-08-16T06:34:00Z,1,BMD00591,missing,SRP193431,Plasma
SRR9982755,missing,Bisulfite-Seq,297,4975811697,"Peking Union\, Naixin Liang",PRJNA534206,SAMN12258820,Human,1801977464,DEPARTMENT OF THORACIC SURGERY,public,"fastq,sra,run.zq","s3,ncbi,gs","s3.us-east-1,gs.us-east1,ncbi.public",SRX6724072,Illumina NovaSeq 6000,BMD00701,BMD00701,PAIRED,Hybrid Selection,GENOMIC,Homo sapiens,ILLUMINA,2019-12-31T00:00:00Z,2019-08-16T06:31:00Z,1,BMD00701,missing,SRP193431,Plasma
SRR9982756,missing,Bisulfite-Seq,294,6534535319,"Peking Union\, Naixin Liang",PRJNA534206,SAMN12258819,Human,2396490310,DEPARTMENT OF THORACIC SURGERY,public,"run.zq,sra,fastq","s3,ncbi,gs","ncbi.public,gs.us-east1,s3.us-east-1",SRX6724071,Illumina NovaSeq 6000,BMD00700,BMD00700,PAIRED,Hybrid Selection,GENOMIC,Homo sapiens,ILLUMINA,2019-12-31T00:00:00Z,2019-08-16T06:37:00Z,1,BMD00700,missing,SRP193431,Plasma
SRR9982757,missing,Bisulfite-Seq,294,6377166452,"Peking Union\, Naixin Liang",PRJNA534206,SAMN12258822,Human,2327911450,DEPARTMENT OF THORACIC SURGERY,public,"run.zq,sra,fastq","s3,ncbi,gs","ncbi.public,s3.us-east-1,gs.us-east1",SRX6724070,Illumina NovaSeq 6000,BMD00703,BMD00703,PAIRED,Hybrid Selection,GENOMIC,Homo sapiens,ILLUMINA,2019-12-31T00:00:00Z,2019-08-16T06:35:00Z,1,BMD00703,missing,SRP193431,Plasma
SRR9982758,missing,Bisulfite-Seq,297,5505504503,"Peking Union\, Naixin Liang",PRJNA534206,SAMN12258821,Human,1994507917,DEPARTMENT OF THORACIC SURGERY,public,"fastq,sra,run.zq","gs,s3,ncbi","ncbi.public,s3.us-east-1,gs.us-east1",SRX6724069,Illumina NovaSeq 6000,BMD00702,BMD00702,PAIRED,Hybrid Selection,GENOMIC,Homo sapiens,ILLUMINA,2019-12-31T00:00:00Z,2019-08-16T06:35:00Z,1,BMD00702,missing,SRP193431,Plasma
SRR9982759,missing,Bisulfite-Seq,293,7486465188,"Peking Union\, Naixin Liang",PRJNA534206,SAMN12258824,Human,2738674190,DEPARTMENT OF THORACIC SURGERY,public,"run.zq,sra,fastq","gs,s3,ncbi","ncbi.public,gs.us-east1,s3.us-east-1",SRX6724068,Illumina NovaSeq 6000,BMD00705,BMD00705,PAIRED,Hybrid Selection,GENOMIC,Homo sapiens,ILLUMINA,2019-12-31T00:00:00Z,2019-08-16T06:38:00Z,1,BMD00705,missing,SRP193431,Plasma
SRR9982760,missing,Bisulfite-Seq,293,6324355988,"Peking Union\, Naixin Liang",PRJNA534206,SAMN12258823,Human,2333870922,DEPARTMENT OF THORACIC SURGERY,public,"sra,run.zq,fastq","ncbi,gs,s3","s3.us-east-1,ncbi.public,gs.us-east1",SRX6724067,Illumina NovaSeq 6000,BMD00704,BMD00704,PAIRED,Hybrid Selection,GENOMIC,Homo sapiens,ILLUMINA,2019-12-31T00:00:00Z,2019-08-16T06:35:00Z,1,BMD00704,missing,SRP193431,Plasma
SRR9982761,missing,Bisulfite-Seq,287,4797607917,"Peking Union\, Naixin Liang",PRJNA534206,SAMN12258646,Human,1834433185,DEPARTMENT OF THORACIC SURGERY,public,"sra,run.zq,fastq","ncbi,s3,gs","s3.us-east-1,ncbi.public,gs.us-east1",SRX6724066,Illumina NovaSeq 6000,BMD00513,BMD00513,PAIRED,Hybrid Selection,GENOMIC,Homo sapiens,ILLUMINA,2019-12-31T00:00:00Z,2019-08-16T06:36:00Z,1,BMD00513,missing,SRP193431,Plasma
SRR9982762,missing,Bisulfite-Seq,289,4174829011,"Peking Union\, Naixin Liang",PRJNA534206,SAMN12258645,Human,1604758522,DEPARTMENT OF THORACIC SURGERY,public,"fastq,sra,run.zq","ncbi,gs,s3","gs.us-east1,ncbi.public,s3.us-east-1",SRX6724065,Illumina NovaSeq 6000,BMD00512,BMD00512,PAIRED,Hybrid Selection,GENOMIC,Homo sapiens,ILLUMINA,2019-12-31T00:00:00Z,2019-08-16T06:33:00Z,1,BMD00512,missing,SRP193431,Plasma
SRR9982763,missing,Bisulfite-Seq,296,4023961707,"Peking Union\, Naixin Liang",PRJNA534206,SAMN12258648,Human,1520204135,DEPARTMENT OF THORACIC SURGERY,public,"sra,run.zq,fastq","gs,ncbi,s3","gs.us-east1,s3.us-east-1,ncbi.public",SRX6724064,Illumina NovaSeq 6000,BMD00515,BMD00515,PAIRED,Hybrid Selection,GENOMIC,Homo sapiens,ILLUMINA,2019-12-31T00:00:00Z,2019-08-16T06:31:00Z,1,BMD00515,missing,SRP193431,Plasma
SRR9982764,missing,Bisulfite-Seq,293,4981564151,"Peking Union\, Naixin Liang",PRJNA534206,SAMN12258647,Human,1889546599,DEPARTMENT OF THORACIC SURGERY,public,"sra,run.zq,fastq","s3,gs,ncbi","ncbi.public,s3.us-east-1,gs.us-east1",SRX6724063,Illumina NovaSeq 6000,BMD00514,BMD00514,PAIRED,Hybrid Selection,GENOMIC,Homo sapiens,ILLUMINA,2019-12-31T00:00:00Z,2019-08-16T06:33:00Z,1,BMD00514,missing,SRP193431,Plasma
SRR9982765,missing,Bisulfite-Seq,294,4379470686,"Peking Union\, Naixin Liang",PRJNA534206,SAMN12258650,Human,1676136107,DEPARTMENT OF THORACIC SURGERY,public,"sra,fastq,run.zq","gs,s3,ncbi","s3.us-east-1,ncbi.public,gs.us-east1",SRX6724062,Illumina NovaSeq 6000,BMD00517,BMD00517,PAIRED,Hybrid Selection,GENOMIC,Homo sapiens,ILLUMINA,2019-12-31T00:00:00Z,2019-08-16T06:31:00Z,1,BMD00517,missing,SRP193431,Plasma
SRR9982766,missing,Bisulfite-Seq,292,4217857921,"Peking Union\, Naixin Liang",PRJNA534206,SAMN12258649,Human,1617381789,DEPARTMENT OF THORACIC SURGERY,public,"sra,run.zq,fastq","ncbi,gs,s3","s3.us-east-1,gs.us-east1,ncbi.public",SRX6724061,Illumina NovaSeq 6000,BMD00516,BMD00516,PAIRED,Hybrid Selection,GENOMIC,Homo sapiens,ILLUMINA,2019-12-31T00:00:00Z,2019-08-16T06:32:00Z,1,BMD00516,missing,SRP193431,Plasma
SRR9982767,missing,Bisulfite-Seq,295,5862772937,"Peking Union\, Naixin Liang",PRJNA534206,SAMN12258989,Human,2095098615,DEPARTMENT OF THORACIC SURGERY,public,"run.zq,sra,fastq","ncbi,gs,s3","gs.us-east1,s3.us-east-1,ncbi.public",SRX6724060,Illumina NovaSeq 6000,BMD00858,BMD00858,PAIRED,Hybrid Selection,GENOMIC,Homo sapiens,ILLUMINA,2019-12-31T00:00:00Z,2019-08-16T06:35:00Z,1,BMD00858,missing,SRP193431,Plasma
SRR9982768,missing,Bisulfite-Seq,293,5925275465,"Peking Union\, Naixin Liang",PRJNA534206,SAMN12258971,Human,2278900255,DEPARTMENT OF THORACIC SURGERY,public,"sra,fastq,run.zq","s3,gs,ncbi","s3.us-east-1,ncbi.public,gs.us-east1",SRX6724059,Illumina NovaSeq 6000,BMD00839,BMD00839,PAIRED,Hybrid Selection,GENOMIC,Homo sapiens,ILLUMINA,2019-12-31T00:00:00Z,2019-08-16T06:36:00Z,1,BMD00839,missing,SRP193431,Plasma
SRR9982769,missing,Bisulfite-Seq,293,5267428366,"Peking Union\, Naixin Liang",PRJNA534206,SAMN12258912,Human,2003162596,DEPARTMENT OF THORACIC SURGERY,public,"run.zq,sra,fastq","ncbi,s3,gs","s3.us-east-1,ncbi.public,gs.us-east1",SRX6724058,Illumina NovaSeq 6000,BMD00792,BMD00792,PAIRED,Hybrid Selection,GENOMIC,Homo sapiens,ILLUMINA,2019-12-31T00:00:00Z,2019-08-16T06:32:00Z,1,BMD00792,missing,SRP193431,Plasma
SRR9982770,missing,Bisulfite-Seq,295,4069593613,"Peking Union\, Naixin Liang",PRJNA534206,SAMN12258314,Human,1575290550,DEPARTMENT OF THORACIC SURGERY,public,"sra,run.zq,fastq","gs,ncbi,s3","ncbi.public,s3.us-east-1,gs.us-east1",SRX6724057,Illumina NovaSeq 6000,BMD00180,BMD00180,PAIRED,Hybrid Selection,GENOMIC,Homo sapiens,ILLUMINA,2019-12-31T00:00:00Z,2019-08-16T06:32:00Z,1,BMD00180,missing,SRP193431,Plasma
SRR9982771,missing,Bisulfite-Seq,298,4631598355,"Peking Union\, Naixin Liang",PRJNA534206,SAMN12258313,Human,1735307391,DEPARTMENT OF THORACIC SURGERY,public,"sra,fastq,run.zq","ncbi,s3,gs","s3.us-east-1,ncbi.public,gs.us-east1",SRX6724056,Illumina NovaSeq 6000,BMD00179,BMD00179,PAIRED,Hybrid Selection,GENOMIC,Homo sapiens,ILLUMINA,2019-12-31T00:00:00Z,2019-08-16T06:31:00Z,1,BMD00179,missing,SRP193431,Plasma
SRR9982772,missing,Bisulfite-Seq,293,4865503910,"Peking Union\, Naixin Liang",PRJNA534206,SAMN12258312,Human,1786583131,DEPARTMENT OF THORACIC SURGERY,public,"sra,fastq,run.zq","ncbi,s3,gs","gs.us-east1,ncbi.public,s3.us-east-1",SRX6724055,Illumina NovaSeq 6000,BMD00178,BMD00178,PAIRED,Hybrid Selection,GENOMIC,Homo sapiens,ILLUMINA,2019-12-31T00:00:00Z,2019-08-16T06:34:00Z,1,BMD00178,missing,SRP193431,Plasma
SRR9982773,missing,Bisulfite-Seq,281,4325945355,"Peking Union\, Naixin Liang",PRJNA534206,SAMN12258311,Human,1513521514,DEPARTMENT OF THORACIC SURGERY,public,"sra,run.zq,fastq","ncbi,gs,s3","gs.us-east1,ncbi.public,s3.us-east-1",SRX6724054,Illumina NovaSeq 6000,BMD00177,BMD00177,PAIRED,Hybrid Selection,GENOMIC,Homo sapiens,ILLUMINA,2019-12-31T00:00:00Z,2019-08-16T06:32:00Z,1,BMD00177,missing,SRP193431,Plasma
SRR9982774,missing,Bisulfite-Seq,282,4323266750,"Peking Union\, Naixin Liang",PRJNA534206,SAMN12258310,Human,1494743774,DEPARTMENT OF THORACIC SURGERY,public,"fastq,run.zq,sra","gs,s3,ncbi","ncbi.public,s3.us-east-1,gs.us-east1",SRX6724053,Illumina NovaSeq 6000,BMD00176,BMD00176,PAIRED,Hybrid Selection,GENOMIC,Homo sapiens,ILLUMINA,2019-12-31T00:00:00Z,2019-08-16T06:34:00Z,1,BMD00176,missing,SRP193431,Plasma
SRR9982775,missing,Bisulfite-Seq,282,5217965781,"Peking Union\, Naixin Liang",PRJNA534206,SAMN12258309,Human,1814601360,DEPARTMENT OF THORACIC SURGERY,public,"fastq,sra,run.zq","ncbi,gs,s3","ncbi.public,gs.us-east1,s3.us-east-1",SRX6724052,Illumina NovaSeq 6000,BMD00175,BMD00175,PAIRED,Hybrid Selection,GENOMIC,Homo sapiens,ILLUMINA,2019-12-31T00:00:00Z,2019-08-16T06:36:00Z,1,BMD00175,missing,SRP193431,Plasma
SRR9982776,missing,Bisulfite-Seq,282,4314995381,"Peking Union\, Naixin Liang",PRJNA534206,SAMN12258308,Human,1505985615,DEPARTMENT OF THORACIC SURGERY,public,"sra,run.zq,fastq","ncbi,s3,gs","gs.us-east1,s3.us-east-1,ncbi.public",SRX6724051,Illumina NovaSeq 6000,BMD00174,BMD00174,PAIRED,Hybrid Selection,GENOMIC,Homo sapiens,ILLUMINA,2019-12-31T00:00:00Z,2019-08-16T06:33:00Z,1,BMD00174,missing,SRP193431,Plasma
SRR9982777,missing,Bisulfite-Seq,282,4265609634,"Peking Union\, Naixin Liang",PRJNA534206,SAMN12258307,Human,1483437333,DEPARTMENT OF THORACIC SURGERY,public,"fastq,sra,run.zq","ncbi,s3,gs","s3.us-east-1,ncbi.public,gs.us-east1",SRX6724050,Illumina NovaSeq 6000,BMD00173,BMD00173,PAIRED,Hybrid Selection,GENOMIC,Homo sapiens,ILLUMINA,2019-12-31T00:00:00Z,2019-08-16T06:32:00Z,1,BMD00173,missing,SRP193431,Plasma
SRR9982778,missing,Bisulfite-Seq,282,4015458451,"Peking Union\, Naixin Liang",PRJNA534206,SAMN12258306,Human,1402667304,DEPARTMENT OF THORACIC SURGERY,public,"fastq,run.zq,sra","s3,gs,ncbi","gs.us-east1,ncbi.public,s3.us-east-1",SRX6724049,Illumina NovaSeq 6000,BMD00172,BMD00172,PAIRED,Hybrid Selection,GENOMIC,Homo sapiens,ILLUMINA,2019-12-31T00:00:00Z,2019-08-16T06:32:00Z,1,BMD00172,missing,SRP193431,Plasma
SRR9982779,missing,Bisulfite-Seq,282,2782233987,"Peking Union\, Naixin Liang",PRJNA534206,SAMN12258305,Human,972843813,DEPARTMENT OF THORACIC SURGERY,public,"run.zq,fastq,sra","ncbi,s3,gs","s3.us-east-1,ncbi.public,gs.us-east1",SRX6724048,Illumina NovaSeq 6000,BMD00171,BMD00171,PAIRED,Hybrid Selection,GENOMIC,Homo sapiens,ILLUMINA,2019-12-31T00:00:00Z,2019-08-16T06:29:00Z,1,BMD00171,missing,SRP193431,Plasma
SRR9982780,missing,Bisulfite-Seq,295,6045797684,"Peking Union\, Naixin Liang",PRJNA534206,SAMN12258905,Human,2195280436,DEPARTMENT OF THORACIC SURGERY,public,"sra,fastq,run.zq","ncbi,s3,gs","gs.us-east1,s3.us-east-1,ncbi.public",SRX6724047,Illumina NovaSeq 6000,BMD00656,BMD00656,PAIRED,Hybrid Selection,GENOMIC,Homo sapiens,ILLUMINA,2019-12-31T00:00:00Z,2019-08-16T06:36:00Z,1,BMD00656,missing,SRP193431,Plasma
SRR9982781,missing,Bisulfite-Seq,295,4953779446,"Peking Union\, Naixin Liang",PRJNA534206,SAMN12258991,Human,1784797476,DEPARTMENT OF THORACIC SURGERY,public,"fastq,run.zq,sra","s3,ncbi,gs","gs.us-east1,s3.us-east-1,ncbi.public",SRX6724046,Illumina NovaSeq 6000,BMD00861,BMD00861,PAIRED,Hybrid Selection,GENOMIC,Homo sapiens,ILLUMINA,2019-12-31T00:00:00Z,2019-08-16T06:34:00Z,1,BMD00861,missing,SRP193431,Plasma
SRR9982782,missing,Bisulfite-Seq,295,7267749317,"Peking Union\, Naixin Liang",PRJNA534206,SAMN12258863,Human,2702266417,DEPARTMENT OF THORACIC SURGERY,public,"sra,run.zq,fastq","gs,s3,ncbi","s3.us-east-1,ncbi.public,gs.us-east1",SRX6724045,Illumina NovaSeq 6000,BMD00744,BMD00744,PAIRED,Hybrid Selection,GENOMIC,Homo sapiens,ILLUMINA,2019-12-31T00:00:00Z,2019-08-16T06:36:00Z,1,BMD00744,missing,SRP193431,Plasma
SRR9982783,missing,Bisulfite-Seq,293,5009847072,"Peking Union\, Naixin Liang",PRJNA534206,SAMN12258954,Human,1881029021,DEPARTMENT OF THORACIC SURGERY,public,"fastq,run.zq,sra","s3,ncbi,gs","gs.us-east1,ncbi.public,s3.us-east-1",SRX6724044,Illumina NovaSeq 6000,BMD00822,BMD00822,PAIRED,Hybrid Selection,GENOMIC,Homo sapiens,ILLUMINA,2019-12-31T00:00:00Z,2019-08-16T06:34:00Z,1,BMD00822,missing,SRP193431,Plasma
SRR9982784,missing,Bisulfite-Seq,296,6386276765,"Peking Union\, Naixin Liang",PRJNA534206,SAMN12258864,Human,2294266349,DEPARTMENT OF THORACIC SURGERY,public,"sra,fastq,run.zq","gs,ncbi,s3","s3.us-east-1,ncbi.public,gs.us-east1",SRX6724043,Illumina NovaSeq 6000,BMD00745,BMD00745,PAIRED,Hybrid Selection,GENOMIC,Homo sapiens,ILLUMINA,2019-12-31T00:00:00Z,2019-08-16T06:36:00Z,1,BMD00745,missing,SRP193431,Plasma
SRR9982785,missing,Bisulfite-Seq,293,5438849395,"Peking Union\, Naixin Liang",PRJNA534206,SAMN12258945,Human,1975260668,DEPARTMENT OF THORACIC SURGERY,public,"fastq,run.zq,sra","ncbi,s3,gs","s3.us-east-1,ncbi.public,gs.us-east1",SRX6724042,Illumina NovaSeq 6000,BMD00668,BMD00668,PAIRED,Hybrid Selection,GENOMIC,Homo sapiens,ILLUMINA,2019-12-31T00:00:00Z,2019-08-16T06:35:00Z,1,BMD00668,missing,SRP193431,Plasma
SRR9982786,missing,Bisulfite-Seq,293,5598505486,"Peking Union\, Naixin Liang",PRJNA534206,SAMN12258946,Human,2089842591,DEPARTMENT OF THORACIC SURGERY,public,"run.zq,fastq,sra","gs,ncbi,s3","s3.us-east-1,gs.us-east1,ncbi.public",SRX6724041,Illumina NovaSeq 6000,BMD00814,BMD00814,PAIRED,Hybrid Selection,GENOMIC,Homo sapiens,ILLUMINA,2019-12-31T00:00:00Z,2019-08-16T06:34:00Z,1,BMD00814,missing,SRP193431,Plasma
SRR9982787,missing,Bisulfite-Seq,292,5722248292,"Peking Union\, Naixin Liang",PRJNA534206,SAMN12258947,Human,2149227374,DEPARTMENT OF THORACIC SURGERY,public,"run.zq,sra,fastq","ncbi,s3,gs","s3.us-east-1,ncbi.public,gs.us-east1",SRX6724040,Illumina NovaSeq 6000,BMD00815,BMD00815,PAIRED,Hybrid Selection,GENOMIC,Homo sapiens,ILLUMINA,2019-12-31T00:00:00Z,2019-08-16T06:36:00Z,1,BMD00815,missing,SRP193431,Plasma
SRR9982788,missing,Bisulfite-Seq,292,4888983647,"Peking Union\, Naixin Liang",PRJNA534206,SAMN12258948,Human,1815114352,DEPARTMENT OF THORACIC SURGERY,public,"sra,run.zq,fastq","s3,ncbi,gs","s3.us-east-1,ncbi.public,gs.us-east1",SRX6724039,Illumina NovaSeq 6000,BMD00816,BMD00816,PAIRED,Hybrid Selection,GENOMIC,Homo sapiens,ILLUMINA,2019-12-31T00:00:00Z,2019-08-16T06:34:00Z,1,BMD00816,missing,SRP193431,Plasma
SRR9982789,missing,Bisulfite-Seq,291,5732896704,"Peking Union\, Naixin Liang",PRJNA534206,SAMN12258949,Human,2151799811,DEPARTMENT OF THORACIC SURGERY,public,"run.zq,sra,fastq","s3,ncbi,gs","gs.us-east1,ncbi.public,s3.us-east-1",SRX6724038,Illumina NovaSeq 6000,BMD00817,BMD00817,PAIRED,Hybrid Selection,GENOMIC,Homo sapiens,ILLUMINA,2019-12-31T00:00:00Z,2019-08-16T06:37:00Z,1,BMD00817,missing,SRP193431,Plasma
SRR9982790,missing,Bisulfite-Seq,292,5704141880,"Peking Union\, Naixin Liang",PRJNA534206,SAMN12258950,Human,2119962405,DEPARTMENT OF THORACIC SURGERY,public,"fastq,run.zq,sra","s3,gs,ncbi","s3.us-east-1,ncbi.public,gs.us-east1",SRX6724037,Illumina NovaSeq 6000,BMD00818,BMD00818,PAIRED,Hybrid Selection,GENOMIC,Homo sapiens,ILLUMINA,2019-12-31T00:00:00Z,2019-08-16T06:35:00Z,1,BMD00818,missing,SRP193431,Plasma
SRR9982791,missing,Bisulfite-Seq,293,5102389867,"Peking Union\, Naixin Liang",PRJNA534206,SAMN12258951,Human,1888922710,DEPARTMENT OF THORACIC SURGERY,public,"run.zq,sra,fastq","gs,ncbi,s3","ncbi.public,gs.us-east1,s3.us-east-1",SRX6724036,Illumina NovaSeq 6000,BMD00819,BMD00819,PAIRED,Hybrid Selection,GENOMIC,Homo sapiens,ILLUMINA,2019-12-31T00:00:00Z,2019-08-16T06:35:00Z,1,BMD00819,missing,SRP193431,Plasma
SRR9982792,missing,Bisulfite-Seq,294,4875448805,"Peking Union\, Naixin Liang",PRJNA534206,SAMN12258952,Human,1807125071,DEPARTMENT OF THORACIC SURGERY,public,"fastq,sra,run.zq","s3,ncbi,gs","gs.us-east1,s3.us-east-1,ncbi.public",SRX6724035,Illumina NovaSeq 6000,BMD00820,BMD00820,PAIRED,Hybrid Selection,GENOMIC,Homo sapiens,ILLUMINA,2019-12-31T00:00:00Z,2019-08-16T06:32:00Z,1,BMD00820,missing,SRP193431,Plasma
SRR9982793,missing,Bisulfite-Seq,294,5983135623,"Peking Union\, Naixin Liang",PRJNA534206,SAMN12258992,Human,2161497952,DEPARTMENT OF THORACIC SURGERY,public,"run.zq,fastq,sra","s3,gs,ncbi","s3.us-east-1,ncbi.public,gs.us-east1",SRX6724034,Illumina NovaSeq 6000,BMD00862,BMD00862,PAIRED,Hybrid Selection,GENOMIC,Homo sapiens,ILLUMINA,2019-12-31T00:00:00Z,2019-08-16T06:37:00Z,1,BMD00862,missing,SRP193431,Plasma
SRR9982794,missing,Bisulfite-Seq,295,5565123947,"Peking Union\, Naixin Liang",PRJNA534206,SAMN12258914,Human,2006525816,DEPARTMENT OF THORACIC SURGERY,public,"sra,fastq,run.zq","gs,s3,ncbi","s3.us-east-1,ncbi.public,gs.us-east1",SRX6724033,Illumina NovaSeq 6000,BMD00658,BMD00658,PAIRED,Hybrid Selection,GENOMIC,Homo sapiens,ILLUMINA,2019-12-31T00:00:00Z,2019-08-16T06:36:00Z,1,BMD00658,missing,SRP193431,Plasma
SRR9982795,missing,Bisulfite-Seq,295,6105336731,"Peking Union\, Naixin Liang",PRJNA534206,SAMN12258913,Human,2204039067,DEPARTMENT OF THORACIC SURGERY,public,"run.zq,fastq,sra","gs,ncbi,s3","gs.us-east1,ncbi.public,s3.us-east-1",SRX6724032,Illumina NovaSeq 6000,BMD00657,BMD00657,PAIRED,Hybrid Selection,GENOMIC,Homo sapiens,ILLUMINA,2019-12-31T00:00:00Z,2019-08-16T06:38:00Z,1,BMD00657,missing,SRP193431,Plasma
SRR9982796,missing,Bisulfite-Seq,294,5205470126,"Peking Union\, Naixin Liang",PRJNA534206,SAMN12258886,Human,1911519548,DEPARTMENT OF THORACIC SURGERY,public,"sra,run.zq,fastq","gs,ncbi,s3","gs.us-east1,ncbi.public,s3.us-east-1",SRX6724031,Illumina NovaSeq 6000,BMD00767,BMD00767,PAIRED,Hybrid Selection,GENOMIC,Homo sapiens,ILLUMINA,2019-12-31T00:00:00Z,2019-08-16T06:34:00Z,1,BMD00767,missing,SRP193431,Plasma
SRR9982797,missing,Bisulfite-Seq,293,5835831978,"Peking Union\, Naixin Liang",PRJNA534206,SAMN12259020,Human,2204999679,DEPARTMENT OF THORACIC SURGERY,public,"sra,run.zq,fastq","ncbi,s3,gs","gs.us-east1,ncbi.public,s3.us-east-1",SRX6724030,Illumina NovaSeq 6000,BMD00890,BMD00890,PAIRED,Hybrid Selection,GENOMIC,Homo sapiens,ILLUMINA,2019-12-31T00:00:00Z,2019-08-16T06:35:00Z,1,BMD00890,missing,SRP193431,Plasma
SRR9982798,missing,Bisulfite-Seq,295,7166136564,"Peking Union\, Naixin Liang",PRJNA534206,SAMN12258855,Human,2619887610,DEPARTMENT OF THORACIC SURGERY,public,"fastq,sra,run.zq","gs,s3,ncbi","ncbi.public,s3.us-east-1,gs.us-east1",SRX6724029,Illumina NovaSeq 6000,BMD00736,BMD00736,PAIRED,Hybrid Selection,GENOMIC,Homo sapiens,ILLUMINA,2019-12-31T00:00:00Z,2019-08-16T06:38:00Z,1,BMD00736,missing,SRP193431,Plasma
SRR9982799,missing,Bisulfite-Seq,293,4721716486,"Peking Union\, Naixin Liang",PRJNA534206,SAMN12258652,Human,1818191154,DEPARTMENT OF THORACIC SURGERY,public,"sra,run.zq,fastq","ncbi,gs,s3","s3.us-east-1,gs.us-east1,ncbi.public",SRX6724028,Illumina NovaSeq 6000,BMD00519,BMD00519,PAIRED,Hybrid Selection,GENOMIC,Homo sapiens,ILLUMINA,2019-12-31T00:00:00Z,2019-08-16T06:36:00Z,1,BMD00519,missing,SRP193431,Plasma
SRR9982800,missing,Bisulfite-Seq,294,3796941140,"Peking Union\, Naixin Liang",PRJNA534206,SAMN12258651,Human,1461057123,DEPARTMENT OF THORACIC SURGERY,public,"sra,fastq,run.zq","ncbi,gs,s3","ncbi.public,gs.us-east1,s3.us-east-1",SRX6724027,Illumina NovaSeq 6000,BMD00518,BMD00518,PAIRED,Hybrid Selection,GENOMIC,Homo sapiens,ILLUMINA,2019-12-31T00:00:00Z,2019-08-16T06:33:00Z,1,BMD00518,missing,SRP193431,Plasma
SRR9982801,missing,Bisulfite-Seq,295,4537646881,"Peking Union\, Naixin Liang",PRJNA534206,SAMN12258654,Human,1743316052,DEPARTMENT OF THORACIC SURGERY,public,"run.zq,sra,fastq","ncbi,s3,gs","s3.us-east-1,ncbi.public,gs.us-east1",SRX6724026,Illumina NovaSeq 6000,BMD00521,BMD00521,PAIRED,Hybrid Selection,GENOMIC,Homo sapiens,ILLUMINA,2019-12-31T00:00:00Z,2019-08-16T06:32:00Z,1,BMD00521,missing,SRP193431,Plasma
SRR9982802,missing,Bisulfite-Seq,294,4251237273,"Peking Union\, Naixin Liang",PRJNA534206,SAMN12258653,Human,1612619961,DEPARTMENT OF THORACIC SURGERY,public,"run.zq,fastq,sra","gs,ncbi,s3","gs.us-east1,s3.us-east-1,ncbi.public",SRX6724025,Illumina NovaSeq 6000,BMD00520,BMD00520,PAIRED,Hybrid Selection,GENOMIC,Homo sapiens,ILLUMINA,2019-12-31T00:00:00Z,2019-08-16T06:33:00Z,1,BMD00520,missing,SRP193431,Plasma
SRR9982803,missing,Bisulfite-Seq,296,5393469419,"Peking Union\, Naixin Liang",PRJNA534206,SAMN12258984,Human,1942504503,DEPARTMENT OF THORACIC SURGERY,public,"run.zq,fastq,sra","s3,gs,ncbi","s3.us-east-1,gs.us-east1,ncbi.public",SRX6724024,Illumina NovaSeq 6000,BMD00853,BMD00853,PAIRED,Hybrid Selection,GENOMIC,Homo sapiens,ILLUMINA,2019-12-31T00:00:00Z,2019-08-16T06:33:00Z,1,BMD00853,missing,SRP193431,Plasma
SRR9982804,missing,Bisulfite-Seq,296,6453042893,"Peking Union\, Naixin Liang",PRJNA534206,SAMN12258983,Human,2385758863,DEPARTMENT OF THORACIC SURGERY,public,"fastq,sra,run.zq","ncbi,s3,gs","s3.us-east-1,gs.us-east1,ncbi.public",SRX6724023,Illumina NovaSeq 6000,BMD00852,BMD00852,PAIRED,Hybrid Selection,GENOMIC,Homo sapiens,ILLUMINA,2019-12-31T00:00:00Z,2019-08-16T06:39:00Z,1,BMD00852,missing,SRP193431,Plasma
SRR9982805,missing,Bisulfite-Seq,301,5638918163,"Peking Union\, Naixin Liang",PRJNA534206,SAMN12258742,Human,2002144416,DEPARTMENT OF THORACIC SURGERY,public,"sra,run.zq,fastq","s3,ncbi,gs","ncbi.public,s3.us-east-1,gs.us-east1",SRX6724022,Illumina NovaSeq 6000,BMD00610,BMD00610,PAIRED,Hybrid Selection,GENOMIC,Homo sapiens,ILLUMINA,2019-12-31T00:00:00Z,2019-08-16T06:37:00Z,1,BMD00610,missing,SRP193431,Plasma
SRR9982806,missing,Bisulfite-Seq,297,6529020268,"Peking Union\, Naixin Liang",PRJNA534206,SAMN12258724,Human,2440619852,DEPARTMENT OF THORACIC SURGERY,public,"sra,run.zq,fastq","s3,gs,ncbi","gs.us-east1,s3.us-east-1,ncbi.public",SRX6724021,Illumina NovaSeq 6000,BMD00592,BMD00592,PAIRED,Hybrid Selection,GENOMIC,Homo sapiens,ILLUMINA,2019-12-31T00:00:00Z,2019-08-16T06:38:00Z,1,BMD00592,missing,SRP193431,Plasma
SRR9982807,missing,Bisulfite-Seq,298,2554239153,"Peking Union\, Naixin Liang",PRJNA534206,SAMN12258197,Human,922964063,DEPARTMENT OF THORACIC SURGERY,public,"fastq,sra,run.zq","s3,gs,ncbi","s3.us-east-1,ncbi.public,gs.us-east1",SRX6724020,Illumina NovaSeq 6000,BMD00063,BMD00063,PAIRED,Hybrid Selection,GENOMIC,Homo sapiens,ILLUMINA,2019-12-31T00:00:00Z,2019-08-16T06:29:00Z,1,BMD00063,missing,SRP193431,Plasma
SRR9982808,missing,Bisulfite-Seq,298,3429419029,"Peking Union\, Naixin Liang",PRJNA534206,SAMN12258198,Human,1231965862,DEPARTMENT OF THORACIC SURGERY,public,"run.zq,fastq,sra","ncbi,s3,gs","s3.us-east-1,ncbi.public,gs.us-east1",SRX6724019,Illumina NovaSeq 6000,BMD00064,BMD00064,PAIRED,Hybrid Selection,GENOMIC,Homo sapiens,ILLUMINA,2019-12-31T00:00:00Z,2019-08-16T06:32:00Z,1,BMD00064,missing,SRP193431,Plasma
SRR9982809,missing,Bisulfite-Seq,290,4011823141,"Peking Union\, Naixin Liang",PRJNA534206,SAMN12258663,Human,1550045241,DEPARTMENT OF THORACIC SURGERY,public,"sra,run.zq,fastq","gs,s3,ncbi","gs.us-east1,s3.us-east-1,ncbi.public",SRX6724018,Illumina NovaSeq 6000,BMD00530,BMD00530,PAIRED,Hybrid Selection,GENOMIC,Homo sapiens,ILLUMINA,2019-12-31T00:00:00Z,2019-08-16T06:33:00Z,1,BMD00530,missing,SRP193431,Plasma
SRR9982810,missing,Bisulfite-Seq,293,4235890500,"Peking Union\, Naixin Liang",PRJNA534206,SAMN12258664,Human,1642946820,DEPARTMENT OF THORACIC SURGERY,public,"sra,fastq,run.zq","gs,ncbi,s3","gs.us-east1,s3.us-east-1,ncbi.public",SRX6724017,Illumina NovaSeq 6000,BMD00531,BMD00531,PAIRED,Hybrid Selection,GENOMIC,Homo sapiens,ILLUMINA,2019-12-31T00:00:00Z,2019-08-16T06:36:00Z,1,BMD00531,missing,SRP193431,Plasma
SRR9982811,missing,Bisulfite-Seq,294,6412981220,"Peking Union\, Naixin Liang",PRJNA534206,SAMN12258741,Human,2382129506,DEPARTMENT OF THORACIC SURGERY,public,"run.zq,fastq,sra","s3,gs,ncbi","s3.us-east-1,ncbi.public,gs.us-east1",SRX6724016,Illumina NovaSeq 6000,BMD00609,BMD00609,PAIRED,Hybrid Selection,GENOMIC,Homo sapiens,ILLUMINA,2019-12-31T00:00:00Z,2019-08-16T06:38:00Z,1,BMD00609,missing,SRP193431,Plasma
SRR9982812,missing,Bisulfite-Seq,295,5158973195,"Peking Union\, Naixin Liang",PRJNA534206,SAMN12258854,Human,1863100634,DEPARTMENT OF THORACIC SURGERY,public,"sra,fastq,run.zq","s3,ncbi,gs","s3.us-east-1,gs.us-east1,ncbi.public",SRX6724015,Illumina NovaSeq 6000,BMD00735,BMD00735,PAIRED,Hybrid Selection,GENOMIC,Homo sapiens,ILLUMINA,2019-12-31T00:00:00Z,2019-08-16T06:38:00Z,1,BMD00735,missing,SRP193431,Plasma
SRR9982813,missing,Bisulfite-Seq,298,4056586683,"Peking Union\, Naixin Liang",PRJNA534206,SAMN12258497,Human,1456471378,DEPARTMENT OF THORACIC SURGERY,public,"run.zq,fastq,sra","ncbi,gs,s3","s3.us-east-1,ncbi.public,gs.us-east1",SRX6724014,Illumina NovaSeq 6000,BMD00363,BMD00363,PAIRED,Hybrid Selection,GENOMIC,Homo sapiens,ILLUMINA,2019-12-31T00:00:00Z,2019-08-16T06:33:00Z,1,BMD00363,missing,SRP193431,Plasma
SRR9982814,missing,Bisulfite-Seq,298,4358985544,"Peking Union\, Naixin Liang",PRJNA534206,SAMN12258498,Human,1558219650,DEPARTMENT OF THORACIC SURGERY,public,"run.zq,sra,fastq","ncbi,gs,s3","gs.us-east1,s3.us-east-1,ncbi.public",SRX6724013,Illumina NovaSeq 6000,BMD00364,BMD00364,PAIRED,Hybrid Selection,GENOMIC,Homo sapiens,ILLUMINA,2019-12-31T00:00:00Z,2019-08-16T06:34:00Z,1,BMD00364,missing,SRP193431,Plasma
SRR9982815,missing,Bisulfite-Seq,298,4923966330,"Peking Union\, Naixin Liang",PRJNA534206,SAMN12258495,Human,1765742170,DEPARTMENT OF THORACIC SURGERY,public,"sra,run.zq,fastq","ncbi,s3,gs","s3.us-east-1,ncbi.public,gs.us-east1",SRX6724012,Illumina NovaSeq 6000,BMD00361,BMD00361,PAIRED,Hybrid Selection,GENOMIC,Homo sapiens,ILLUMINA,2019-12-31T00:00:00Z,2019-08-16T06:36:00Z,1,BMD00361,missing,SRP193431,Plasma
SRR9982816,missing,Bisulfite-Seq,299,3731325937,"Peking Union\, Naixin Liang",PRJNA534206,SAMN12258496,Human,1341158070,DEPARTMENT OF THORACIC SURGERY,public,"sra,run.zq,fastq","ncbi,s3,gs","ncbi.public,gs.us-east1,s3.us-east-1",SRX6724011,Illumina NovaSeq 6000,BMD00362,BMD00362,PAIRED,Hybrid Selection,GENOMIC,Homo sapiens,ILLUMINA,2019-12-31T00:00:00Z,2019-08-16T06:34:00Z,1,BMD00362,missing,SRP193431,Plasma
SRR9982817,missing,Bisulfite-Seq,295,3591402797,"Peking Union\, Naixin Liang",PRJNA534206,SAMN12258501,Human,1296193377,DEPARTMENT OF THORACIC SURGERY,public,"fastq,sra,run.zq","ncbi,s3,gs","s3.us-east-1,gs.us-east1,ncbi.public",SRX6724010,Illumina NovaSeq 6000,BMD00367,BMD00367,PAIRED,Hybrid Selection,GENOMIC,Homo sapiens,ILLUMINA,2019-12-31T00:00:00Z,2019-08-16T06:37:00Z,1,BMD00367,missing,SRP193431,Plasma
SRR9982818,missing,Bisulfite-Seq,298,3208518516,"Peking Union\, Naixin Liang",PRJNA534206,SAMN12258502,Human,1155869405,DEPARTMENT OF THORACIC SURGERY,public,"run.zq,sra,fastq","gs,ncbi,s3","s3.us-east-1,ncbi.public,gs.us-east1",SRX6724009,Illumina NovaSeq 6000,BMD00368,BMD00368,PAIRED,Hybrid Selection,GENOMIC,Homo sapiens,ILLUMINA,2019-12-31T00:00:00Z,2019-08-16T06:33:00Z,1,BMD00368,missing,SRP193431,Plasma
SRR9982819,missing,Bisulfite-Seq,298,4903637933,"Peking Union\, Naixin Liang",PRJNA534206,SAMN12258499,Human,1760509078,DEPARTMENT OF THORACIC SURGERY,public,"fastq,run.zq,sra","gs,ncbi,s3","s3.us-east-1,ncbi.public,gs.us-east1",SRX6724008,Illumina NovaSeq 6000,BMD00365,BMD00365,PAIRED,Hybrid Selection,GENOMIC,Homo sapiens,ILLUMINA,2019-12-31T00:00:00Z,2019-08-16T06:35:00Z,1,BMD00365,missing,SRP193431,Plasma
SRR9982820,missing,Bisulfite-Seq,297,3945353696,"Peking Union\, Naixin Liang",PRJNA534206,SAMN12258500,Human,1412258058,DEPARTMENT OF THORACIC SURGERY,public,"sra,fastq,run.zq","s3,gs,ncbi","s3.us-east-1,ncbi.public,gs.us-east1",SRX6724007,Illumina NovaSeq 6000,BMD00366,BMD00366,PAIRED,Hybrid Selection,GENOMIC,Homo sapiens,ILLUMINA,2019-12-31T00:00:00Z,2019-08-16T06:34:00Z,1,BMD00366,missing,SRP193431,Plasma
SRR9982821,missing,Bisulfite-Seq,287,4260142197,"Peking Union\, Naixin Liang",PRJNA534206,SAMN12258340,Human,1657262710,DEPARTMENT OF THORACIC SURGERY,public,"fastq,run.zq,sra","gs,ncbi,s3","s3.us-east-1,ncbi.public,gs.us-east1",SRX6724006,Illumina NovaSeq 6000,BMD00206,BMD00206,PAIRED,Hybrid Selection,GENOMIC,Homo sapiens,ILLUMINA,2019-12-31T00:00:00Z,2019-08-16T06:35:00Z,1,BMD00206,missing,SRP193431,Plasma
SRR9982822,missing,Bisulfite-Seq,290,3799002106,"Peking Union\, Naixin Liang",PRJNA534206,SAMN12258339,Human,1456056913,DEPARTMENT OF THORACIC SURGERY,public,"sra,run.zq,fastq","gs,s3,ncbi","gs.us-east1,ncbi.public,s3.us-east-1",SRX6724005,Illumina NovaSeq 6000,BMD00205,BMD00205,PAIRED,Hybrid Selection,GENOMIC,Homo sapiens,ILLUMINA,2019-12-31T00:00:00Z,2019-08-16T06:36:00Z,1,BMD00205,missing,SRP193431,Plasma
SRR9982823,missing,Bisulfite-Seq,298,4522158377,"Peking Union\, Naixin Liang",PRJNA534206,SAMN12258503,Human,1633898925,DEPARTMENT OF THORACIC SURGERY,public,"sra,fastq,run.zq","ncbi,s3,gs","gs.us-east1,ncbi.public,s3.us-east-1",SRX6724004,Illumina NovaSeq 6000,BMD00369,BMD00369,PAIRED,Hybrid Selection,GENOMIC,Homo sapiens,ILLUMINA,2019-12-31T00:00:00Z,2019-08-16T06:35:00Z,1,BMD00369,missing,SRP193431,Plasma
SRR9982824,missing,Bisulfite-Seq,291,4824676823,"Peking Union\, Naixin Liang",PRJNA534206,SAMN12258341,Human,1852140641,DEPARTMENT OF THORACIC SURGERY,public,"fastq,run.zq,sra","gs,ncbi,s3","s3.us-east-1,gs.us-east1,ncbi.public",SRX6724003,Illumina NovaSeq 6000,BMD00207,BMD00207,PAIRED,Hybrid Selection,GENOMIC,Homo sapiens,ILLUMINA,2019-12-31T00:00:00Z,2019-08-16T06:35:00Z,1,BMD00207,missing,SRP193431,Plasma
SRR9982825,missing,Bisulfite-Seq,294,4692289476,"Peking Union\, Naixin Liang",PRJNA534206,SAMN12258336,Human,1755736567,DEPARTMENT OF THORACIC SURGERY,public,"sra,run.zq,fastq","ncbi,s3,gs","ncbi.public,s3.us-east-1,gs.us-east1",SRX6724002,Illumina NovaSeq 6000,BMD00202,BMD00202,PAIRED,Hybrid Selection,GENOMIC,Homo sapiens,ILLUMINA,2019-12-31T00:00:00Z,2019-08-16T06:36:00Z,1,BMD00202,missing,SRP193431,Plasma
SRR9982826,missing,Bisulfite-Seq,295,4789109912,"Peking Union\, Naixin Liang",PRJNA534206,SAMN12258335,Human,1792217894,DEPARTMENT OF THORACIC SURGERY,public,"fastq,sra,run.zq","ncbi,s3,gs","s3.us-east-1,ncbi.public,gs.us-east1",SRX6724001,Illumina NovaSeq 6000,BMD00201,BMD00201,PAIRED,Hybrid Selection,GENOMIC,Homo sapiens,ILLUMINA,2019-12-31T00:00:00Z,2019-08-16T06:35:00Z,1,BMD00201,missing,SRP193431,Plasma
SRR9982827,missing,Bisulfite-Seq,292,4238497662,"Peking Union\, Naixin Liang",PRJNA534206,SAMN12258338,Human,1571204042,DEPARTMENT OF THORACIC SURGERY,public,"run.zq,sra,fastq","s3,gs,ncbi","ncbi.public,gs.us-east1,s3.us-east-1",SRX6724000,Illumina NovaSeq 6000,BMD00204,BMD00204,PAIRED,Hybrid Selection,GENOMIC,Homo sapiens,ILLUMINA,2019-12-31T00:00:00Z,2019-08-16T06:35:00Z,1,BMD00204,missing,SRP193431,Plasma
SRR9982828,missing,Bisulfite-Seq,295,4461654935,"Peking Union\, Naixin Liang",PRJNA534206,SAMN12258337,Human,1682484371,DEPARTMENT OF THORACIC SURGERY,public,"run.zq,fastq,sra","gs,ncbi,s3","ncbi.public,gs.us-east1,s3.us-east-1",SRX6723999,Illumina NovaSeq 6000,BMD00203,BMD00203,PAIRED,Hybrid Selection,GENOMIC,Homo sapiens,ILLUMINA,2019-12-31T00:00:00Z,2019-08-16T06:36:00Z,1,BMD00203,missing,SRP193431,Plasma
SRR9982829,missing,Bisulfite-Seq,297,4383815215,"Peking Union\, Naixin Liang",PRJNA534206,SAMN12258699,Human,1651057008,DEPARTMENT OF THORACIC SURGERY,public,"run.zq,fastq,sra","ncbi,gs,s3","ncbi.public,gs.us-east1,s3.us-east-1",SRX6723998,Illumina NovaSeq 6000,BMD00566,BMD00566,PAIRED,Hybrid Selection,GENOMIC,Homo sapiens,ILLUMINA,2019-12-31T00:00:00Z,2019-08-16T06:34:00Z,1,BMD00566,missing,SRP193431,Plasma
SRR9982830,missing,Bisulfite-Seq,296,4508173161,"Peking Union\, Naixin Liang",PRJNA534206,SAMN12258700,Human,1686365129,DEPARTMENT OF THORACIC SURGERY,public,"sra,run.zq,fastq","ncbi,s3,gs","s3.us-east-1,gs.us-east1,ncbi.public",SRX6723997,Illumina NovaSeq 6000,BMD00567,BMD00567,PAIRED,Hybrid Selection,GENOMIC,Homo sapiens,ILLUMINA,2019-12-31T00:00:00Z,2019-08-16T06:35:00Z,1,BMD00567,missing,SRP193431,Plasma
SRR9982831,missing,Bisulfite-Seq,292,8301898231,"Peking Union\, Naixin Liang",PRJNA534206,SAMN12258856,Human,2991679570,DEPARTMENT OF THORACIC SURGERY,public,"sra,run.zq,fastq","s3,gs,ncbi","s3.us-east-1,ncbi.public,gs.us-east1",SRX6723996,Illumina NovaSeq 6000,BMD00737,BMD00737,PAIRED,Hybrid Selection,GENOMIC,Homo sapiens,ILLUMINA,2019-12-31T00:00:00Z,2019-08-16T06:44:00Z,1,BMD00737,missing,SRP193431,Plasma
SRR9982832,missing,Bisulfite-Seq,292,12555061220,"Peking Union\, Naixin Liang",PRJNA534206,SAMN12259019,Human,4820660430,DEPARTMENT OF THORACIC SURGERY,public,"sra,run.zq,fastq","gs,ncbi,s3","gs.us-east1,s3.us-east-1,ncbi.public",SRX6723995,Illumina NovaSeq 6000,BMD00889,BMD00889,PAIRED,Hybrid Selection,GENOMIC,Homo sapiens,ILLUMINA,2019-12-31T00:00:00Z,2019-08-16T06:54:00Z,1,BMD00889,missing,SRP193431,Plasma
SRR9982833,missing,Bisulfite-Seq,296,5242549227,"Peking Union\, Naixin Liang",PRJNA534206,SAMN12258860,Human,1878172668,DEPARTMENT OF THORACIC SURGERY,public,"fastq,sra,run.zq","s3,ncbi,gs","s3.us-east-1,ncbi.public,gs.us-east1",SRX6723994,Illumina NovaSeq 6000,BMD00741,BMD00741,PAIRED,Hybrid Selection,GENOMIC,Homo sapiens,ILLUMINA,2019-12-31T00:00:00Z,2019-08-16T06:39:00Z,1,BMD00741,missing,SRP193431,Plasma
SRR9982834,missing,Bisulfite-Seq,301,4336337007,"Peking Union\, Naixin Liang",PRJNA534206,SAMN12258387,Human,1603527356,DEPARTMENT OF THORACIC SURGERY,public,"fastq,run.zq,sra","s3,ncbi,gs","gs.us-east1,ncbi.public,s3.us-east-1",SRX6723993,Illumina NovaSeq 6000,BMD00253,BMD00253,PAIRED,Hybrid Selection,GENOMIC,Homo sapiens,ILLUMINA,2019-12-31T00:00:00Z,2019-08-16T06:36:00Z,1,BMD00253,missing,SRP193431,Plasma
SRR9982835,missing,Bisulfite-Seq,301,4910613214,"Peking Union\, Naixin Liang",PRJNA534206,SAMN12258388,Human,1802742840,DEPARTMENT OF THORACIC SURGERY,public,"sra,run.zq,fastq","s3,gs,ncbi","gs.us-east1,ncbi.public,s3.us-east-1",SRX6723992,Illumina NovaSeq 6000,BMD00254,BMD00254,PAIRED,Hybrid Selection,GENOMIC,Homo sapiens,ILLUMINA,2019-12-31T00:00:00Z,2019-08-16T06:37:00Z,1,BMD00254,missing,SRP193431,Plasma
SRR9982836,missing,Bisulfite-Seq,296,4198285281,"Peking Union\, Naixin Liang",PRJNA534206,SAMN12258385,Human,1671258292,DEPARTMENT OF THORACIC SURGERY,public,"sra,fastq,run.zq","gs,s3,ncbi","s3.us-east-1,ncbi.public,gs.us-east1",SRX6723991,Illumina NovaSeq 6000,BMD00251,BMD00251,PAIRED,Hybrid Selection,GENOMIC,Homo sapiens,ILLUMINA,2019-12-31T00:00:00Z,2019-08-16T06:38:00Z,1,BMD00251,missing,SRP193431,Plasma
SRR9982837,missing,Bisulfite-Seq,296,4312400823,"Peking Union\, Naixin Liang",PRJNA534206,SAMN12258386,Human,1670478142,DEPARTMENT OF THORACIC SURGERY,public,"fastq,sra,run.zq","s3,gs,ncbi","s3.us-east-1,gs.us-east1,ncbi.public",SRX6723990,Illumina NovaSeq 6000,BMD00252,BMD00252,PAIRED,Hybrid Selection,GENOMIC,Homo sapiens,ILLUMINA,2019-12-31T00:00:00Z,2019-08-16T06:37:00Z,1,BMD00252,missing,SRP193431,Plasma
SRR9982838,missing,Bisulfite-Seq,301,5192270438,"Peking Union\, Naixin Liang",PRJNA534206,SAMN12258391,Human,1924548881,DEPARTMENT OF THORACIC SURGERY,public,"sra,fastq,run.zq","gs,s3,ncbi","ncbi.public,gs.us-east1,s3.us-east-1",SRX6723989,Illumina NovaSeq 6000,BMD00257,BMD00257,PAIRED,Hybrid Selection,GENOMIC,Homo sapiens,ILLUMINA,2019-12-31T00:00:00Z,2019-08-16T06:38:00Z,1,BMD00257,missing,SRP193431,Plasma
SRR9982839,missing,Bisulfite-Seq,301,4909504172,"Peking Union\, Naixin Liang",PRJNA534206,SAMN12258392,Human,1797873716,DEPARTMENT OF THORACIC SURGERY,public,"run.zq,fastq,sra","ncbi,s3,gs","gs.us-east1,s3.us-east-1,ncbi.public",SRX6723988,Illumina NovaSeq 6000,BMD00258,BMD00258,PAIRED,Hybrid Selection,GENOMIC,Homo sapiens,ILLUMINA,2019-12-31T00:00:00Z,2019-08-16T06:39:00Z,1,BMD00258,missing,SRP193431,Plasma
SRR9982840,missing,Bisulfite-Seq,301,4680320164,"Peking Union\, Naixin Liang",PRJNA534206,SAMN12258389,Human,1730187772,DEPARTMENT OF THORACIC SURGERY,public,"sra,fastq,run.zq","s3,ncbi,gs","ncbi.public,gs.us-east1,s3.us-east-1",SRX6723987,Illumina NovaSeq 6000,BMD00255,BMD00255,PAIRED,Hybrid Selection,GENOMIC,Homo sapiens,ILLUMINA,2019-12-31T00:00:00Z,2019-08-16T06:37:00Z,1,BMD00255,missing,SRP193431,Plasma
SRR9982841,missing,Bisulfite-Seq,301,4818424936,"Peking Union\, Naixin Liang",PRJNA534206,SAMN12258390,Human,1786831598,DEPARTMENT OF THORACIC SURGERY,public,"run.zq,fastq,sra","ncbi,gs,s3","ncbi.public,s3.us-east-1,gs.us-east1",SRX6723986,Illumina NovaSeq 6000,BMD00256,BMD00256,PAIRED,Hybrid Selection,GENOMIC,Homo sapiens,ILLUMINA,2019-12-31T00:00:00Z,2019-08-16T06:36:00Z,1,BMD00256,missing,SRP193431,Plasma
SRR9982842,missing,Bisulfite-Seq,301,5287195324,"Peking Union\, Naixin Liang",PRJNA534206,SAMN12258690,Human,1912966107,DEPARTMENT OF THORACIC SURGERY,public,"fastq,sra,run.zq","s3,gs,ncbi","ncbi.public,s3.us-east-1,gs.us-east1",SRX6723985,Illumina NovaSeq 6000,BMD00557,BMD00557,PAIRED,Hybrid Selection,GENOMIC,Homo sapiens,ILLUMINA,2019-12-31T00:00:00Z,2019-08-16T06:38:00Z,1,BMD00557,missing,SRP193431,Plasma
SRR9982843,missing,Bisulfite-Seq,301,5671131051,"Peking Union\, Naixin Liang",PRJNA534206,SAMN12258689,Human,2127041548,DEPARTMENT OF THORACIC SURGERY,public,"run.zq,sra,fastq","ncbi,gs,s3","ncbi.public,gs.us-east1,s3.us-east-1",SRX6723984,Illumina NovaSeq 6000,BMD00556,BMD00556,PAIRED,Hybrid Selection,GENOMIC,Homo sapiens,ILLUMINA,2019-12-31T00:00:00Z,2019-08-16T06:39:00Z,1,BMD00556,missing,SRP193431,Plasma
SRR9982844,missing,Bisulfite-Seq,301,5367875707,"Peking Union\, Naixin Liang",PRJNA534206,SAMN12258393,Human,1948012415,DEPARTMENT OF THORACIC SURGERY,public,"run.zq,sra,fastq","ncbi,s3,gs","ncbi.public,s3.us-east-1,gs.us-east1",SRX6723983,Illumina NovaSeq 6000,BMD00259,BMD00259,PAIRED,Hybrid Selection,GENOMIC,Homo sapiens,ILLUMINA,2019-12-31T00:00:00Z,2019-08-16T06:38:00Z,1,BMD00259,missing,SRP193431,Plasma
SRR9982845,missing,Bisulfite-Seq,301,5394572639,"Peking Union\, Naixin Liang",PRJNA534206,SAMN12258394,Human,1965002608,DEPARTMENT OF THORACIC SURGERY,public,"run.zq,fastq,sra","gs,ncbi,s3","gs.us-east1,s3.us-east-1,ncbi.public",SRX6723982,Illumina NovaSeq 6000,BMD00260,BMD00260,PAIRED,Hybrid Selection,GENOMIC,Homo sapiens,ILLUMINA,2019-12-31T00:00:00Z,2019-08-16T06:39:00Z,1,BMD00260,missing,SRP193431,Plasma
SRR9982846,missing,Bisulfite-Seq,296,4200590179,"Peking Union\, Naixin Liang",PRJNA534206,SAMN12258686,Human,1624736059,DEPARTMENT OF THORACIC SURGERY,public,"sra,run.zq,fastq","gs,ncbi,s3","ncbi.public,s3.us-east-1,gs.us-east1",SRX6723981,Illumina NovaSeq 6000,BMD00553,BMD00553,PAIRED,Hybrid Selection,GENOMIC,Homo sapiens,ILLUMINA,2019-12-31T00:00:00Z,2019-08-16T06:36:00Z,1,BMD00553,missing,SRP193431,Plasma
SRR9982847,missing,Bisulfite-Seq,296,4701995945,"Peking Union\, Naixin Liang",PRJNA534206,SAMN12258685,Human,1814673637,DEPARTMENT OF THORACIC SURGERY,public,"sra,fastq,run.zq","gs,s3,ncbi","s3.us-east-1,ncbi.public,gs.us-east1",SRX6723980,Illumina NovaSeq 6000,BMD00552,BMD00552,PAIRED,Hybrid Selection,GENOMIC,Homo sapiens,ILLUMINA,2019-12-31T00:00:00Z,2019-08-16T06:38:00Z,1,BMD00552,missing,SRP193431,Plasma
SRR9982848,missing,Bisulfite-Seq,301,5078946764,"Peking Union\, Naixin Liang",PRJNA534206,SAMN12258688,Human,1892401224,DEPARTMENT OF THORACIC SURGERY,public,"run.zq,fastq,sra","gs,s3,ncbi","ncbi.public,s3.us-east-1,gs.us-east1",SRX6723979,Illumina NovaSeq 6000,BMD00555,BMD00555,PAIRED,Hybrid Selection,GENOMIC,Homo sapiens,ILLUMINA,2019-12-31T00:00:00Z,2019-08-16T06:39:00Z,1,BMD00555,missing,SRP193431,Plasma
SRR9982849,missing,Bisulfite-Seq,295,4897892900,"Peking Union\, Naixin Liang",PRJNA534206,SAMN12258687,Human,1926995904,DEPARTMENT OF THORACIC SURGERY,public,"fastq,run.zq,sra","ncbi,gs,s3","gs.us-east1,s3.us-east-1,ncbi.public",SRX6723978,Illumina NovaSeq 6000,BMD00554,BMD00554,PAIRED,Hybrid Selection,GENOMIC,Homo sapiens,ILLUMINA,2019-12-31T00:00:00Z,2019-08-16T06:38:00Z,1,BMD00554,missing,SRP193431,Plasma
SRR9982850,missing,Bisulfite-Seq,293,5666765236,"Peking Union\, Naixin Liang",PRJNA534206,SAMN12258782,Human,2117483682,DEPARTMENT OF THORACIC SURGERY,public,"sra,run.zq,fastq","ncbi,s3,gs","s3.us-east-1,ncbi.public,gs.us-east1",SRX6723977,Illumina NovaSeq 6000,BMD00674,BMD00674,PAIRED,Hybrid Selection,GENOMIC,Homo sapiens,ILLUMINA,2019-12-31T00:00:00Z,2019-08-16T06:39:00Z,1,BMD00674,missing,SRP193431,Plasma
SRR9982851,missing,Bisulfite-Seq,293,5596232601,"Peking Union\, Naixin Liang",PRJNA534206,SAMN12258781,Human,2103503610,DEPARTMENT OF THORACIC SURGERY,public,"fastq,sra,run.zq","gs,ncbi,s3","ncbi.public,gs.us-east1,s3.us-east-1",SRX6723976,Illumina NovaSeq 6000,BMD00673,BMD00673,PAIRED,Hybrid Selection,GENOMIC,Homo sapiens,ILLUMINA,2019-12-31T00:00:00Z,2019-08-16T06:38:00Z,1,BMD00673,missing,SRP193431,Plasma
SRR9982852,missing,Bisulfite-Seq,290,5342032831,"Peking Union\, Naixin Liang",PRJNA534206,SAMN12259018,Human,2007715937,DEPARTMENT OF THORACIC SURGERY,public,"sra,fastq,run.zq","s3,gs,ncbi","s3.us-east-1,gs.us-east1,ncbi.public",SRX6723975,Illumina NovaSeq 6000,BMD00888,BMD00888,PAIRED,Hybrid Selection,GENOMIC,Homo sapiens,ILLUMINA,2019-12-31T00:00:00Z,2019-08-16T06:39:00Z,1,BMD00888,missing,SRP193431,Plasma
SRR9982853,missing,Bisulfite-Seq,296,6216055499,"Peking Union\, Naixin Liang",PRJNA534206,SAMN12258987,Human,2269062822,DEPARTMENT OF THORACIC SURGERY,public,"sra,fastq,run.zq","ncbi,s3,gs","s3.us-east-1,ncbi.public,gs.us-east1",SRX6723974,Illumina NovaSeq 6000,BMD00856,BMD00856,PAIRED,Hybrid Selection,GENOMIC,Homo sapiens,ILLUMINA,2019-12-31T00:00:00Z,2019-08-16T06:42:00Z,1,BMD00856,missing,SRP193431,Plasma
SRR9982854,missing,Bisulfite-Seq,297,4115291622,"Peking Union\, Naixin Liang",PRJNA534206,SAMN12258776,Human,1524194462,DEPARTMENT OF THORACIC SURGERY,public,"run.zq,sra,fastq","s3,gs,ncbi","gs.us-east1,ncbi.public,s3.us-east-1",SRX6723973,Illumina NovaSeq 6000,BMD00644,BMD00644,PAIRED,Hybrid Selection,GENOMIC,Homo sapiens,ILLUMINA,2019-12-31T00:00:00Z,2019-08-16T06:38:00Z,1,BMD00644,missing,SRP193431,Plasma
SRR9982855,missing,Bisulfite-Seq,297,4118425902,"Peking Union\, Naixin Liang",PRJNA534206,SAMN12258775,Human,1543053733,DEPARTMENT OF THORACIC SURGERY,public,"sra,run.zq,fastq","gs,ncbi,s3","gs.us-east1,ncbi.public,s3.us-east-1",SRX6723972,Illumina NovaSeq 6000,BMD00643,BMD00643,PAIRED,Hybrid Selection,GENOMIC,Homo sapiens,ILLUMINA,2019-12-31T00:00:00Z,2019-08-16T06:37:00Z,1,BMD00643,missing,SRP193431,Plasma
SRR9982856,missing,Bisulfite-Seq,293,5013662999,"Peking Union\, Naixin Liang",PRJNA534206,SAMN12258778,Human,1896133089,DEPARTMENT OF THORACIC SURGERY,public,"run.zq,sra,fastq","gs,s3,ncbi","s3.us-east-1,ncbi.public,gs.us-east1",SRX6723971,Illumina NovaSeq 6000,BMD00670,BMD00670,PAIRED,Hybrid Selection,GENOMIC,Homo sapiens,ILLUMINA,2019-12-31T00:00:00Z,2019-08-16T06:39:00Z,1,BMD00670,missing,SRP193431,Plasma
SRR9982857,missing,Bisulfite-Seq,292,5362165424,"Peking Union\, Naixin Liang",PRJNA534206,SAMN12258777,Human,2005811175,DEPARTMENT OF THORACIC SURGERY,public,"sra,fastq,run.zq","s3,gs,ncbi","ncbi.public,s3.us-east-1,gs.us-east1",SRX6723970,Illumina NovaSeq 6000,BMD00669,BMD00669,PAIRED,Hybrid Selection,GENOMIC,Homo sapiens,ILLUMINA,2019-12-31T00:00:00Z,2019-08-16T06:37:00Z,1,BMD00669,missing,SRP193431,Plasma
SRR9982858,missing,Bisulfite-Seq,294,5334998459,"Peking Union\, Naixin Liang",PRJNA534206,SAMN12259017,Human,1985618303,DEPARTMENT OF THORACIC SURGERY,public,"fastq,run.zq,sra","ncbi,s3,gs","gs.us-east1,s3.us-east-1,ncbi.public",SRX6723969,Illumina NovaSeq 6000,BMD00887,BMD00887,PAIRED,Hybrid Selection,GENOMIC,Homo sapiens,ILLUMINA,2019-12-31T00:00:00Z,2019-08-16T06:37:00Z,1,BMD00887,missing,SRP193431,Plasma
SRR9982859,missing,Bisulfite-Seq,294,5537180753,"Peking Union\, Naixin Liang",PRJNA534206,SAMN12258988,Human,1996860010,DEPARTMENT OF THORACIC SURGERY,public,"fastq,run.zq,sra","ncbi,s3,gs","s3.us-east-1,ncbi.public,gs.us-east1",SRX6723968,Illumina NovaSeq 6000,BMD00857,BMD00857,PAIRED,Hybrid Selection,GENOMIC,Homo sapiens,ILLUMINA,2019-12-31T00:00:00Z,2019-08-16T06:40:00Z,1,BMD00857,missing,SRP193431,Plasma
SRR9982860,missing,Bisulfite-Seq,292,5068250894,"Peking Union\, Naixin Liang",PRJNA534206,SAMN12258874,Human,1906888611,DEPARTMENT OF THORACIC SURGERY,public,"sra,run.zq,fastq","gs,ncbi,s3","s3.us-east-1,gs.us-east1,ncbi.public",SRX6723967,Illumina NovaSeq 6000,BMD00755,BMD00755,PAIRED,Hybrid Selection,GENOMIC,Homo sapiens,ILLUMINA,2019-12-31T00:00:00Z,2019-08-16T06:39:00Z,1,BMD00755,missing,SRP193431,Plasma
SRR9982861,missing,Bisulfite-Seq,293,11706126637,"Peking Union\, Naixin Liang",PRJNA534206,SAMN12258873,Human,4289066065,DEPARTMENT OF THORACIC SURGERY,public,"fastq,run.zq,sra","gs,s3,ncbi","ncbi.public,gs.us-east1,s3.us-east-1",SRX6723966,Illumina NovaSeq 6000,BMD00754,BMD00754,PAIRED,Hybrid Selection,GENOMIC,Homo sapiens,ILLUMINA,2019-12-31T00:00:00Z,2019-08-16T06:52:00Z,1,BMD00754,missing,SRP193431,Plasma
SRR9982862,missing,Bisulfite-Seq,292,2783500564,"Peking Union\, Naixin Liang",PRJNA534206,SAMN12258463,Human,957832233,DEPARTMENT OF THORACIC SURGERY,public,"sra,run.zq,fastq","ncbi,gs,s3","s3.us-east-1,gs.us-east1,ncbi.public",SRX6723965,Illumina NovaSeq 6000,BMD00329,BMD00329,PAIRED,Hybrid Selection,GENOMIC,Homo sapiens,ILLUMINA,2019-12-31T00:00:00Z,2019-08-16T06:34:00Z,1,BMD00329,missing,SRP193431,Plasma
SRR9982863,missing,Bisulfite-Seq,296,3814914215,"Peking Union\, Naixin Liang",PRJNA534206,SAMN12258701,Human,1447943405,DEPARTMENT OF THORACIC SURGERY,public,"sra,fastq,run.zq","s3,ncbi,gs","s3.us-east-1,gs.us-east1,ncbi.public",SRX6723964,Illumina NovaSeq 6000,BMD00568,BMD00568,PAIRED,Hybrid Selection,GENOMIC,Homo sapiens,ILLUMINA,2019-12-31T00:00:00Z,2019-08-16T06:36:00Z,1,BMD00568,missing,SRP193431,Plasma
SRR9982864,missing,Bisulfite-Seq,296,4459922555,"Peking Union\, Naixin Liang",PRJNA534206,SAMN12258702,Human,1668335881,DEPARTMENT OF THORACIC SURGERY,public,"sra,fastq,run.zq","ncbi,gs,s3","ncbi.public,gs.us-east1,s3.us-east-1",SRX6723963,Illumina NovaSeq 6000,BMD00569,BMD00569,PAIRED,Hybrid Selection,GENOMIC,Homo sapiens,ILLUMINA,2019-12-31T00:00:00Z,2019-08-16T06:36:00Z,1,BMD00569,missing,SRP193431,Plasma
SRR9982865,missing,Bisulfite-Seq,293,3997916987,"Peking Union\, Naixin Liang",PRJNA534206,SAMN12258655,Human,1531478169,DEPARTMENT OF THORACIC SURGERY,public,"run.zq,fastq,sra","ncbi,s3,gs","gs.us-east1,s3.us-east-1,ncbi.public",SRX6723962,Illumina NovaSeq 6000,BMD00522,BMD00522,PAIRED,Hybrid Selection,GENOMIC,Homo sapiens,ILLUMINA,2019-12-31T00:00:00Z,2019-08-16T06:36:00Z,1,BMD00522,missing,SRP193431,Plasma
SRR9982866,missing,Bisulfite-Seq,301,5289246872,"Peking Union\, Naixin Liang",PRJNA534206,SAMN12258696,Human,1949340245,DEPARTMENT OF THORACIC SURGERY,public,"fastq,sra,run.zq","gs,s3,ncbi","ncbi.public,s3.us-east-1,gs.us-east1",SRX6723961,Illumina NovaSeq 6000,BMD00563,BMD00563,PAIRED,Hybrid Selection,GENOMIC,Homo sapiens,ILLUMINA,2019-12-31T00:00:00Z,2019-08-16T06:40:00Z,1,BMD00563,missing,SRP193431,Plasma
SRR9982867,missing,Bisulfite-Seq,301,5209151689,"Peking Union\, Naixin Liang",PRJNA534206,SAMN12258697,Human,1895087259,DEPARTMENT OF THORACIC SURGERY,public,"sra,run.zq,fastq","ncbi,gs,s3","ncbi.public,s3.us-east-1,gs.us-east1",SRX6723960,Illumina NovaSeq 6000,BMD00564,BMD00564,PAIRED,Hybrid Selection,GENOMIC,Homo sapiens,ILLUMINA,2019-12-31T00:00:00Z,2019-08-16T06:39:00Z,1,BMD00564,missing,SRP193431,Plasma
SRR9982868,missing,Bisulfite-Seq,297,4351964626,"Peking Union\, Naixin Liang",PRJNA534206,SAMN12258698,Human,1641590731,DEPARTMENT OF THORACIC SURGERY,public,"run.zq,fastq,sra","ncbi,gs,s3","s3.us-east-1,gs.us-east1,ncbi.public",SRX6723959,Illumina NovaSeq 6000,BMD00565,BMD00565,PAIRED,Hybrid Selection,GENOMIC,Homo sapiens,ILLUMINA,2019-12-31T00:00:00Z,2019-08-16T06:38:00Z,1,BMD00565,missing,SRP193431,Plasma
SRR9982869,missing,Bisulfite-Seq,291,3851155854,"Peking Union\, Naixin Liang",PRJNA534206,SAMN12258656,Human,1484465247,DEPARTMENT OF THORACIC SURGERY,public,"sra,run.zq,fastq","ncbi,s3,gs","gs.us-east1,ncbi.public,s3.us-east-1",SRX6723958,Illumina NovaSeq 6000,BMD00523,BMD00523,PAIRED,Hybrid Selection,GENOMIC,Homo sapiens,ILLUMINA,2019-12-31T00:00:00Z,2019-08-16T06:36:00Z,1,BMD00523,missing,SRP193431,Plasma
SRR9982870,missing,Bisulfite-Seq,294,5276146930,"Peking Union\, Naixin Liang",PRJNA534206,SAMN12258703,Human,1966483062,DEPARTMENT OF THORACIC SURGERY,public,"sra,fastq,run.zq","gs,s3,ncbi","gs.us-east1,s3.us-east-1,ncbi.public",SRX6723957,Illumina NovaSeq 6000,BMD00570,BMD00570,PAIRED,Hybrid Selection,GENOMIC,Homo sapiens,ILLUMINA,2019-12-31T00:00:00Z,2019-08-16T06:40:00Z,1,BMD00570,missing,SRP193431,Plasma
SRR9982871,missing,Bisulfite-Seq,292,4813201958,"Peking Union\, Naixin Liang",PRJNA534206,SAMN12258704,Human,1793071607,DEPARTMENT OF THORACIC SURGERY,public,"run.zq,fastq,sra","ncbi,gs,s3","ncbi.public,gs.us-east1,s3.us-east-1",SRX6723956,Illumina NovaSeq 6000,BMD00571,BMD00571,PAIRED,Hybrid Selection,GENOMIC,Homo sapiens,ILLUMINA,2019-12-31T00:00:00Z,2019-08-16T06:39:00Z,1,BMD00571,missing,SRP193431,Plasma
SRR9982872,missing,Bisulfite-Seq,296,4058693345,"Peking Union\, Naixin Liang",PRJNA534206,SAMN12258215,Human,1470790953,DEPARTMENT OF THORACIC SURGERY,public,"sra,run.zq,fastq","ncbi,s3,gs","s3.us-east-1,gs.us-east1,ncbi.public",SRX6723955,Illumina NovaSeq 6000,BMD00081,BMD00081,PAIRED,Hybrid Selection,GENOMIC,Homo sapiens,ILLUMINA,2019-12-31T00:00:00Z,2019-08-16T06:39:00Z,1,BMD00081,missing,SRP193431,Plasma
SRR9982873,missing,Bisulfite-Seq,296,4285917246,"Peking Union\, Naixin Liang",PRJNA534206,SAMN12258216,Human,1548082244,DEPARTMENT OF THORACIC SURGERY,public,"run.zq,fastq,sra","gs,s3,ncbi","gs.us-east1,s3.us-east-1,ncbi.public",SRX6723954,Illumina NovaSeq 6000,BMD00082,BMD00082,PAIRED,Hybrid Selection,GENOMIC,Homo sapiens,ILLUMINA,2019-12-31T00:00:00Z,2019-08-16T06:37:00Z,1,BMD00082,missing,SRP193431,Plasma
SRR9982874,missing,Bisulfite-Seq,296,3791557977,"Peking Union\, Naixin Liang",PRJNA534206,SAMN12258217,Human,1377600019,DEPARTMENT OF THORACIC SURGERY,public,"run.zq,sra,fastq","gs,ncbi,s3","s3.us-east-1,ncbi.public,gs.us-east1",SRX6723953,Illumina NovaSeq 6000,BMD00083,BMD00083,PAIRED,Hybrid Selection,GENOMIC,Homo sapiens,ILLUMINA,2019-12-31T00:00:00Z,2019-08-16T06:37:00Z,1,BMD00083,missing,SRP193431,Plasma
SRR9982875,missing,Bisulfite-Seq,297,4270468364,"Peking Union\, Naixin Liang",PRJNA534206,SAMN12258218,Human,1537605644,DEPARTMENT OF THORACIC SURGERY,public,"sra,run.zq,fastq","ncbi,s3,gs","ncbi.public,s3.us-east-1,gs.us-east1",SRX6723952,Illumina NovaSeq 6000,BMD00084,BMD00084,PAIRED,Hybrid Selection,GENOMIC,Homo sapiens,ILLUMINA,2019-12-31T00:00:00Z,2019-08-16T06:38:00Z,1,BMD00084,missing,SRP193431,Plasma
SRR9982876,missing,Bisulfite-Seq,296,4401720737,"Peking Union\, Naixin Liang",PRJNA534206,SAMN12258523,Human,1590921663,DEPARTMENT OF THORACIC SURGERY,public,"fastq,sra,run.zq","gs,ncbi,s3","ncbi.public,s3.us-east-1,gs.us-east1",SRX6723951,Illumina NovaSeq 6000,BMD00389,BMD00389,PAIRED,Hybrid Selection,GENOMIC,Homo sapiens,ILLUMINA,2019-12-31T00:00:00Z,2019-08-16T06:38:00Z,1,BMD00389,missing,SRP193431,Plasma
SRR9982877,missing,Bisulfite-Seq,296,5511585693,"Peking Union\, Naixin Liang",PRJNA534206,SAMN12258524,Human,1981050773,DEPARTMENT OF THORACIC SURGERY,public,"sra,run.zq,fastq","s3,ncbi,gs","s3.us-east-1,ncbi.public,gs.us-east1",SRX6723950,Illumina NovaSeq 6000,BMD00390,BMD00390,PAIRED,Hybrid Selection,GENOMIC,Homo sapiens,ILLUMINA,2019-12-31T00:00:00Z,2019-08-16T06:43:00Z,1,BMD00390,missing,SRP193431,Plasma
SRR9982878,missing,Bisulfite-Seq,297,5609859465,"Peking Union\, Naixin Liang",PRJNA534206,SAMN12258221,Human,2026071818,DEPARTMENT OF THORACIC SURGERY,public,"fastq,sra,run.zq","gs,ncbi,s3","s3.us-east-1,gs.us-east1,ncbi.public",SRX6723949,Illumina NovaSeq 6000,BMD00087,BMD00087,PAIRED,Hybrid Selection,GENOMIC,Homo sapiens,ILLUMINA,2019-12-31T00:00:00Z,2019-08-16T06:41:00Z,1,BMD00087,missing,SRP193431,Plasma
SRR9982879,missing,Bisulfite-Seq,297,4349146916,"Peking Union\, Naixin Liang",PRJNA534206,SAMN12258222,Human,1592519982,DEPARTMENT OF THORACIC SURGERY,public,"run.zq,fastq,sra","s3,gs,ncbi","s3.us-east-1,gs.us-east1,ncbi.public",SRX6723948,Illumina NovaSeq 6000,BMD00088,BMD00088,PAIRED,Hybrid Selection,GENOMIC,Homo sapiens,ILLUMINA,2019-12-31T00:00:00Z,2019-08-16T06:38:00Z,1,BMD00088,missing,SRP193431,Plasma
SRR9982880,missing,Bisulfite-Seq,297,4706097915,"Peking Union\, Naixin Liang",PRJNA534206,SAMN12258519,Human,1699140227,DEPARTMENT OF THORACIC SURGERY,public,"sra,fastq,run.zq","s3,ncbi,gs","gs.us-east1,ncbi.public,s3.us-east-1",SRX6723947,Illumina NovaSeq 6000,BMD00385,BMD00385,PAIRED,Hybrid Selection,GENOMIC,Homo sapiens,ILLUMINA,2019-12-31T00:00:00Z,2019-08-16T06:40:00Z,1,BMD00385,missing,SRP193431,Plasma
SRR9982881,missing,Bisulfite-Seq,296,4703677040,"Peking Union\, Naixin Liang",PRJNA534206,SAMN12258520,Human,1710211195,DEPARTMENT OF THORACIC SURGERY,public,"run.zq,sra,fastq","s3,ncbi,gs","ncbi.public,s3.us-east-1,gs.us-east1",SRX6723946,Illumina NovaSeq 6000,BMD00386,BMD00386,PAIRED,Hybrid Selection,GENOMIC,Homo sapiens,ILLUMINA,2019-12-31T00:00:00Z,2019-08-16T06:40:00Z,1,BMD00386,missing,SRP193431,Plasma
SRR9982882,missing,Bisulfite-Seq,297,4612463787,"Peking Union\, Naixin Liang",PRJNA534206,SAMN12258521,Human,1660015306,DEPARTMENT OF THORACIC SURGERY,public,"fastq,sra,run.zq","gs,ncbi,s3","gs.us-east1,ncbi.public,s3.us-east-1",SRX6723945,Illumina NovaSeq 6000,BMD00387,BMD00387,PAIRED,Hybrid Selection,GENOMIC,Homo sapiens,ILLUMINA,2019-12-31T00:00:00Z,2019-08-16T06:40:00Z,1,BMD00387,missing,SRP193431,Plasma
SRR9982883,missing,Bisulfite-Seq,297,4587432167,"Peking Union\, Naixin Liang",PRJNA534206,SAMN12258522,Human,1677882365,DEPARTMENT OF THORACIC SURGERY,public,"fastq,run.zq,sra","ncbi,gs,s3","s3.us-east-1,gs.us-east1,ncbi.public",SRX6723944,Illumina NovaSeq 6000,BMD00388,BMD00388,PAIRED,Hybrid Selection,GENOMIC,Homo sapiens,ILLUMINA,2019-12-31T00:00:00Z,2019-08-16T06:39:00Z,1,BMD00388,missing,SRP193431,Plasma
SRR9982884,missing,Bisulfite-Seq,297,3627155031,"Peking Union\, Naixin Liang",PRJNA534206,SAMN12258515,Human,1290315998,DEPARTMENT OF THORACIC SURGERY,public,"sra,run.zq,fastq","ncbi,gs,s3","ncbi.public,gs.us-east1,s3.us-east-1",SRX6723943,Illumina NovaSeq 6000,BMD00381,BMD00381,PAIRED,Hybrid Selection,GENOMIC,Homo sapiens,ILLUMINA,2019-12-31T00:00:00Z,2019-08-16T06:37:00Z,1,BMD00381,missing,SRP193431,Plasma
SRR9982885,missing,Bisulfite-Seq,297,4542803481,"Peking Union\, Naixin Liang",PRJNA534206,SAMN12258516,Human,1646135975,DEPARTMENT OF THORACIC SURGERY,public,"run.zq,sra,fastq","s3,gs,ncbi","ncbi.public,s3.us-east-1,gs.us-east1",SRX6723942,Illumina NovaSeq 6000,BMD00382,BMD00382,PAIRED,Hybrid Selection,GENOMIC,Homo sapiens,ILLUMINA,2019-12-31T00:00:00Z,2019-08-16T06:40:00Z,1,BMD00382,missing,SRP193431,Plasma
SRR9982886,missing,Bisulfite-Seq,296,4358686195,"Peking Union\, Naixin Liang",PRJNA534206,SAMN12258517,Human,1574319218,DEPARTMENT OF THORACIC SURGERY,public,"fastq,sra,run.zq","ncbi,gs,s3","gs.us-east1,s3.us-east-1,ncbi.public",SRX6723941,Illumina NovaSeq 6000,BMD00383,BMD00383,PAIRED,Hybrid Selection,GENOMIC,Homo sapiens,ILLUMINA,2019-12-31T00:00:00Z,2019-08-16T06:39:00Z,1,BMD00383,missing,SRP193431,Plasma
SRR9982887,missing,Bisulfite-Seq,297,5910333433,"Peking Union\, Naixin Liang",PRJNA534206,SAMN12258518,Human,2123742296,DEPARTMENT OF THORACIC SURGERY,public,"run.zq,sra,fastq","s3,gs,ncbi","s3.us-east-1,ncbi.public,gs.us-east1",SRX6723940,Illumina NovaSeq 6000,BMD00384,BMD00384,PAIRED,Hybrid Selection,GENOMIC,Homo sapiens,ILLUMINA,2019-12-31T00:00:00Z,2019-08-16T06:40:00Z,1,BMD00384,missing,SRP193431,Plasma
SRR9982888,missing,Bisulfite-Seq,282,3688552652,"Peking Union\, Naixin Liang",PRJNA534206,SAMN12258604,Human,1284081761,DEPARTMENT OF THORACIC SURGERY,public,"sra,fastq,run.zq","ncbi,gs,s3","ncbi.public,gs.us-east1,s3.us-east-1",SRX6723939,Illumina NovaSeq 6000,BMD00471,BMD00471,PAIRED,Hybrid Selection,GENOMIC,Homo sapiens,ILLUMINA,2019-12-31T00:00:00Z,2019-08-16T06:38:00Z,1,BMD00471,missing,SRP193431,Plasma
SRR9982889,missing,Bisulfite-Seq,282,3921633476,"Peking Union\, Naixin Liang",PRJNA534206,SAMN12258603,Human,1359975048,DEPARTMENT OF THORACIC SURGERY,public,"fastq,run.zq,sra","ncbi,s3,gs","s3.us-east-1,ncbi.public,gs.us-east1",SRX6723938,Illumina NovaSeq 6000,BMD00470,BMD00470,PAIRED,Hybrid Selection,GENOMIC,Homo sapiens,ILLUMINA,2019-12-31T00:00:00Z,2019-08-16T06:39:00Z,1,BMD00470,missing,SRP193431,Plasma
SRR9982890,missing,Bisulfite-Seq,280,4257455127,"Peking Union\, Naixin Liang",PRJNA534206,SAMN12258596,Human,1476268871,DEPARTMENT OF THORACIC SURGERY,public,"fastq,sra,run.zq","gs,s3,ncbi","gs.us-east1,s3.us-east-1,ncbi.public",SRX6723937,Illumina NovaSeq 6000,BMD00463,BMD00463,PAIRED,Hybrid Selection,GENOMIC,Homo sapiens,ILLUMINA,2019-12-31T00:00:00Z,2019-08-16T06:40:00Z,1,BMD00463,missing,SRP193431,Plasma
SRR9982891,missing,Bisulfite-Seq,283,4543894770,"Peking Union\, Naixin Liang",PRJNA534206,SAMN12258595,Human,1585521208,DEPARTMENT OF THORACIC SURGERY,public,"sra,fastq,run.zq","s3,ncbi,gs","s3.us-east-1,ncbi.public,gs.us-east1",SRX6723936,Illumina NovaSeq 6000,BMD00462,BMD00462,PAIRED,Hybrid Selection,GENOMIC,Homo sapiens,ILLUMINA,2019-12-31T00:00:00Z,2019-08-16T06:39:00Z,1,BMD00462,missing,SRP193431,Plasma
SRR9982892,missing,Bisulfite-Seq,282,5171487322,"Peking Union\, Naixin Liang",PRJNA534206,SAMN12258598,Human,1805585710,DEPARTMENT OF THORACIC SURGERY,public,"run.zq,fastq,sra","ncbi,gs,s3","s3.us-east-1,gs.us-east1,ncbi.public",SRX6723935,Illumina NovaSeq 6000,BMD00465,BMD00465,PAIRED,Hybrid Selection,GENOMIC,Homo sapiens,ILLUMINA,2019-12-31T00:00:00Z,2019-08-16T06:41:00Z,1,BMD00465,missing,SRP193431,Plasma
SRR9982893,missing,Bisulfite-Seq,281,5551025698,"Peking Union\, Naixin Liang",PRJNA534206,SAMN12258597,Human,1930582505,DEPARTMENT OF THORACIC SURGERY,public,"run.zq,sra,fastq","gs,ncbi,s3","gs.us-east1,s3.us-east-1,ncbi.public",SRX6723934,Illumina NovaSeq 6000,BMD00464,BMD00464,PAIRED,Hybrid Selection,GENOMIC,Homo sapiens,ILLUMINA,2019-12-31T00:00:00Z,2019-08-16T06:42:00Z,1,BMD00464,missing,SRP193431,Plasma
SRR9982894,missing,Bisulfite-Seq,282,4313953347,"Peking Union\, Naixin Liang",PRJNA534206,SAMN12258600,Human,1525784111,DEPARTMENT OF THORACIC SURGERY,public,"run.zq,fastq,sra","gs,s3,ncbi","s3.us-east-1,ncbi.public,gs.us-east1",SRX6723933,Illumina NovaSeq 6000,BMD00467,BMD00467,PAIRED,Hybrid Selection,GENOMIC,Homo sapiens,ILLUMINA,2019-12-31T00:00:00Z,2019-08-16T06:38:00Z,1,BMD00467,missing,SRP193431,Plasma
SRR9982895,missing,Bisulfite-Seq,293,4611968231,"Peking Union\, Naixin Liang",PRJNA534206,SAMN12258464,Human,1588481325,DEPARTMENT OF THORACIC SURGERY,public,"sra,fastq,run.zq","s3,ncbi,gs","gs.us-east1,s3.us-east-1,ncbi.public",SRX6723932,Illumina NovaSeq 6000,BMD00330,BMD00330,PAIRED,Hybrid Selection,GENOMIC,Homo sapiens,ILLUMINA,2019-12-31T00:00:00Z,2019-08-16T06:39:00Z,1,BMD00330,missing,SRP193431,Plasma
SRR9982896,missing,Bisulfite-Seq,293,4028523348,"Peking Union\, Naixin Liang",PRJNA534206,SAMN12258461,Human,1404788679,DEPARTMENT OF THORACIC SURGERY,public,"run.zq,fastq,sra","s3,gs,ncbi","s3.us-east-1,gs.us-east1,ncbi.public",SRX6723931,Illumina NovaSeq 6000,BMD00327,BMD00327,PAIRED,Hybrid Selection,GENOMIC,Homo sapiens,ILLUMINA,2019-12-31T00:00:00Z,2019-08-16T06:38:00Z,1,BMD00327,missing,SRP193431,Plasma
SRR9982897,missing,Bisulfite-Seq,292,2982204211,"Peking Union\, Naixin Liang",PRJNA534206,SAMN12258462,Human,1029740778,DEPARTMENT OF THORACIC SURGERY,public,"sra,fastq,run.zq","gs,ncbi,s3","ncbi.public,s3.us-east-1,gs.us-east1",SRX6723930,Illumina NovaSeq 6000,BMD00328,BMD00328,PAIRED,Hybrid Selection,GENOMIC,Homo sapiens,ILLUMINA,2019-12-31T00:00:00Z,2019-08-16T06:37:00Z,1,BMD00328,missing,SRP193431,Plasma
SRR9982898,missing,Bisulfite-Seq,293,4410202178,"Peking Union\, Naixin Liang",PRJNA534206,SAMN12258459,Human,1510124747,DEPARTMENT OF THORACIC SURGERY,public,"run.zq,fastq,sra","gs,ncbi,s3","ncbi.public,s3.us-east-1,gs.us-east1",SRX6723929,Illumina NovaSeq 6000,BMD00325,BMD00325,PAIRED,Hybrid Selection,GENOMIC,Homo sapiens,ILLUMINA,2019-12-31T00:00:00Z,2019-08-16T06:39:00Z,1,BMD00325,missing,SRP193431,Plasma
SRR9982899,missing,Bisulfite-Seq,293,3850840930,"Peking Union\, Naixin Liang",PRJNA534206,SAMN12258460,Human,1329704726,DEPARTMENT OF THORACIC SURGERY,public,"sra,fastq,run.zq","gs,ncbi,s3","ncbi.public,gs.us-east1,s3.us-east-1",SRX6723928,Illumina NovaSeq 6000,BMD00326,BMD00326,PAIRED,Hybrid Selection,GENOMIC,Homo sapiens,ILLUMINA,2019-12-31T00:00:00Z,2019-08-16T06:39:00Z,1,BMD00326,missing,SRP193431,Plasma
SRR9982900,missing,Bisulfite-Seq,288,4359340621,"Peking Union\, Naixin Liang",PRJNA534206,SAMN12258457,Human,1481718533,DEPARTMENT OF THORACIC SURGERY,public,"sra,run.zq,fastq","s3,gs,ncbi","ncbi.public,gs.us-east1,s3.us-east-1",SRX6723927,Illumina NovaSeq 6000,BMD00323,BMD00323,PAIRED,Hybrid Selection,GENOMIC,Homo sapiens,ILLUMINA,2019-12-31T00:00:00Z,2019-08-16T06:41:00Z,1,BMD00323,missing,SRP193431,Plasma
SRR9982901,missing,Bisulfite-Seq,290,3467093039,"Peking Union\, Naixin Liang",PRJNA534206,SAMN12258458,Human,1187804385,DEPARTMENT OF THORACIC SURGERY,public,"run.zq,fastq,sra","gs,ncbi,s3","s3.us-east-1,gs.us-east1,ncbi.public",SRX6723926,Illumina NovaSeq 6000,BMD00324,BMD00324,PAIRED,Hybrid Selection,GENOMIC,Homo sapiens,ILLUMINA,2019-12-31T00:00:00Z,2019-08-16T06:38:00Z,1,BMD00324,missing,SRP193431,Plasma
SRR9982902,missing,Bisulfite-Seq,291,3587258265,"Peking Union\, Naixin Liang",PRJNA534206,SAMN12258455,Human,1227544362,DEPARTMENT OF THORACIC SURGERY,public,"run.zq,fastq,sra","gs,ncbi,s3","ncbi.public,s3.us-east-1,gs.us-east1",SRX6723925,Illumina NovaSeq 6000,BMD00321,BMD00321,PAIRED,Hybrid Selection,GENOMIC,Homo sapiens,ILLUMINA,2019-12-31T00:00:00Z,2019-08-16T06:38:00Z,1,BMD00321,missing,SRP193431,Plasma
SRR9982903,missing,Bisulfite-Seq,292,3938209122,"Peking Union\, Naixin Liang",PRJNA534206,SAMN12258456,Human,1343671931,DEPARTMENT OF THORACIC SURGERY,public,"sra,fastq,run.zq","gs,ncbi,s3","ncbi.public,gs.us-east1,s3.us-east-1",SRX6723924,Illumina NovaSeq 6000,BMD00322,BMD00322,PAIRED,Hybrid Selection,GENOMIC,Homo sapiens,ILLUMINA,2019-12-31T00:00:00Z,2019-08-16T06:39:00Z,1,BMD00322,missing,SRP193431,Plasma
SRR9982904,missing,Bisulfite-Seq,301,5339347181,"Peking Union\, Naixin Liang",PRJNA534206,SAMN12258765,Human,1892943883,DEPARTMENT OF THORACIC SURGERY,public,"fastq,sra,run.zq","gs,ncbi,s3","gs.us-east1,s3.us-east-1,ncbi.public",SRX6723923,Illumina NovaSeq 6000,BMD00633,BMD00633,PAIRED,Hybrid Selection,GENOMIC,Homo sapiens,ILLUMINA,2019-12-31T00:00:00Z,2019-08-16T06:43:00Z,1,BMD00633,missing,SRP193431,Plasma
SRR9982905,missing,Bisulfite-Seq,301,6269281945,"Peking Union\, Naixin Liang",PRJNA534206,SAMN12258766,Human,2257535439,DEPARTMENT OF THORACIC SURGERY,public,"run.zq,fastq,sra","s3,ncbi,gs","gs.us-east1,s3.us-east-1,ncbi.public",SRX6723922,Illumina NovaSeq 6000,BMD00634,BMD00634,PAIRED,Hybrid Selection,GENOMIC,Homo sapiens,ILLUMINA,2019-12-31T00:00:00Z,2019-08-16T06:44:00Z,1,BMD00634,missing,SRP193431,Plasma
SRR9982906,missing,Bisulfite-Seq,301,5979332630,"Peking Union\, Naixin Liang",PRJNA534206,SAMN12258767,Human,2128057148,DEPARTMENT OF THORACIC SURGERY,public,"fastq,sra,run.zq","s3,gs,ncbi","gs.us-east1,s3.us-east-1,ncbi.public",SRX6723921,Illumina NovaSeq 6000,BMD00635,BMD00635,PAIRED,Hybrid Selection,GENOMIC,Homo sapiens,ILLUMINA,2019-12-31T00:00:00Z,2019-08-16T06:42:00Z,1,BMD00635,missing,SRP193431,Plasma
SRR9982907,missing,Bisulfite-Seq,301,5738368454,"Peking Union\, Naixin Liang",PRJNA534206,SAMN12258768,Human,2040921217,DEPARTMENT OF THORACIC SURGERY,public,"sra,fastq,run.zq","gs,ncbi,s3","ncbi.public,s3.us-east-1,gs.us-east1",SRX6723920,Illumina NovaSeq 6000,BMD00636,BMD00636,PAIRED,Hybrid Selection,GENOMIC,Homo sapiens,ILLUMINA,2019-12-31T00:00:00Z,2019-08-16T06:42:00Z,1,BMD00636,missing,SRP193431,Plasma
SRR9982908,missing,Bisulfite-Seq,301,6255786180,"Peking Union\, Naixin Liang",PRJNA534206,SAMN12258747,Human,2210864124,DEPARTMENT OF THORACIC SURGERY,public,"fastq,run.zq,sra","s3,ncbi,gs","gs.us-east1,ncbi.public,s3.us-east-1",SRX6723919,Illumina NovaSeq 6000,BMD00615,BMD00615,PAIRED,Hybrid Selection,GENOMIC,Homo sapiens,ILLUMINA,2019-12-31T00:00:00Z,2019-08-16T06:44:00Z,1,BMD00615,missing,SRP193431,Plasma
SRR9982909,missing,Bisulfite-Seq,301,4842787446,"Peking Union\, Naixin Liang",PRJNA534206,SAMN12258770,Human,1721200887,DEPARTMENT OF THORACIC SURGERY,public,"sra,run.zq,fastq","ncbi,s3,gs","s3.us-east-1,ncbi.public,gs.us-east1",SRX6723918,Illumina NovaSeq 6000,BMD00638,BMD00638,PAIRED,Hybrid Selection,GENOMIC,Homo sapiens,ILLUMINA,2019-12-31T00:00:00Z,2019-08-16T06:41:00Z,1,BMD00638,missing,SRP193431,Plasma
SRR9982910,missing,Bisulfite-Seq,296,4692303575,"Peking Union\, Naixin Liang",PRJNA534206,SAMN12258771,Human,1739154411,DEPARTMENT OF THORACIC SURGERY,public,"fastq,run.zq,sra","s3,ncbi,gs","ncbi.public,s3.us-east-1,gs.us-east1",SRX6723917,Illumina NovaSeq 6000,BMD00639,BMD00639,PAIRED,Hybrid Selection,GENOMIC,Homo sapiens,ILLUMINA,2019-12-31T00:00:00Z,2019-08-16T06:41:00Z,1,BMD00639,missing,SRP193431,Plasma
SRR9982911,missing,Bisulfite-Seq,296,3884391955,"Peking Union\, Naixin Liang",PRJNA534206,SAMN12258772,Human,1446510381,DEPARTMENT OF THORACIC SURGERY,public,"fastq,sra,run.zq","s3,gs,ncbi","ncbi.public,s3.us-east-1,gs.us-east1",SRX6723916,Illumina NovaSeq 6000,BMD00640,BMD00640,PAIRED,Hybrid Selection,GENOMIC,Homo sapiens,ILLUMINA,2019-12-31T00:00:00Z,2019-08-16T06:39:00Z,1,BMD00640,missing,SRP193431,Plasma
SRR9982912,missing,Bisulfite-Seq,297,2977286285,"Peking Union\, Naixin Liang",PRJNA534206,SAMN12258773,Human,1115729406,DEPARTMENT OF THORACIC SURGERY,public,"run.zq,fastq,sra","s3,ncbi,gs","ncbi.public,s3.us-east-1,gs.us-east1",SRX6723915,Illumina NovaSeq 6000,BMD00641,BMD00641,PAIRED,Hybrid Selection,GENOMIC,Homo sapiens,ILLUMINA,2019-12-31T00:00:00Z,2019-08-16T06:38:00Z,1,BMD00641,missing,SRP193431,Plasma
SRR9982913,missing,Bisulfite-Seq,297,4825229130,"Peking Union\, Naixin Liang",PRJNA534206,SAMN12258774,Human,1783212650,DEPARTMENT OF THORACIC SURGERY,public,"sra,run.zq,fastq","gs,s3,ncbi","s3.us-east-1,gs.us-east1,ncbi.public",SRX6723914,Illumina NovaSeq 6000,BMD00642,BMD00642,PAIRED,Hybrid Selection,GENOMIC,Homo sapiens,ILLUMINA,2019-12-31T00:00:00Z,2019-08-16T06:41:00Z,1,BMD00642,missing,SRP193431,Plasma
SRR9982914,missing,Bisulfite-Seq,301,5541753591,"Peking Union\, Naixin Liang",PRJNA534206,SAMN12258748,Human,1966244940,DEPARTMENT OF THORACIC SURGERY,public,"fastq,run.zq,sra","s3,gs,ncbi","s3.us-east-1,gs.us-east1,ncbi.public",SRX6723913,Illumina NovaSeq 6000,BMD00616,BMD00616,PAIRED,Hybrid Selection,GENOMIC,Homo sapiens,ILLUMINA,2019-12-31T00:00:00Z,2019-08-16T06:41:00Z,1,BMD00616,missing,SRP193431,Plasma
SRR9982915,missing,Bisulfite-Seq,298,6222178653,"Peking Union\, Naixin Liang",PRJNA534206,SAMN12258241,Human,2181094280,DEPARTMENT OF THORACIC SURGERY,public,"sra,fastq,run.zq","ncbi,gs,s3","s3.us-east-1,ncbi.public,gs.us-east1",SRX6723912,Illumina NovaSeq 6000,BMD00107,BMD00107,PAIRED,Hybrid Selection,GENOMIC,Homo sapiens,ILLUMINA,2019-12-31T00:00:00Z,2019-08-16T06:47:00Z,1,BMD00107,missing,SRP193431,Plasma
SRR9982916,missing,Bisulfite-Seq,298,5658126047,"Peking Union\, Naixin Liang",PRJNA534206,SAMN12258242,Human,1983478325,DEPARTMENT OF THORACIC SURGERY,public,"run.zq,sra,fastq","gs,ncbi,s3","ncbi.public,s3.us-east-1,gs.us-east1",SRX6723911,Illumina NovaSeq 6000,BMD00108,BMD00108,PAIRED,Hybrid Selection,GENOMIC,Homo sapiens,ILLUMINA,2019-12-31T00:00:00Z,2019-08-16T06:44:00Z,1,BMD00108,missing,SRP193431,Plasma
SRR9982917,missing,Bisulfite-Seq,290,4522328611,"Peking Union\, Naixin Liang",PRJNA534206,SAMN12258239,Human,2721156606,DEPARTMENT OF THORACIC SURGERY,public,"sra,run.zq,fastq","ncbi,s3,gs","s3.us-east-1,gs.us-east1,ncbi.public",SRX6723910,Illumina NovaSeq 6000,BMD00105,BMD00105,PAIRED,Hybrid Selection,GENOMIC,Homo sapiens,ILLUMINA,2019-12-31T00:00:00Z,2019-08-16T06:42:00Z,1,BMD00105,missing,SRP193431,Plasma
SRR9982918,missing,Bisulfite-Seq,298,7714269199,"Peking Union\, Naixin Liang",PRJNA534206,SAMN12258240,Human,2687374038,DEPARTMENT OF THORACIC SURGERY,public,"run.zq,sra,fastq","gs,ncbi,s3","gs.us-east1,ncbi.public,s3.us-east-1",SRX6723909,Illumina NovaSeq 6000,BMD00106,BMD00106,PAIRED,Hybrid Selection,GENOMIC,Homo sapiens,ILLUMINA,2019-12-31T00:00:00Z,2019-08-16T06:46:00Z,1,BMD00106,missing,SRP193431,Plasma
SRR9982919,missing,Bisulfite-Seq,289,4056318007,"Peking Union\, Naixin Liang",PRJNA534206,SAMN12258237,Human,2410949361,DEPARTMENT OF THORACIC SURGERY,public,"sra,fastq,run.zq","gs,ncbi,s3","ncbi.public,s3.us-east-1,gs.us-east1",SRX6723908,Illumina NovaSeq 6000,BMD00103,BMD00103,PAIRED,Hybrid Selection,GENOMIC,Homo sapiens,ILLUMINA,2019-12-31T00:00:00Z,2019-08-16T06:41:00Z,1,BMD00103,missing,SRP193431,Plasma
SRR9982920,missing,Bisulfite-Seq,288,3015992457,"Peking Union\, Naixin Liang",PRJNA534206,SAMN12258238,Human,1816262629,DEPARTMENT OF THORACIC SURGERY,public,"run.zq,fastq,sra","ncbi,gs,s3","s3.us-east-1,ncbi.public,gs.us-east1",SRX6723907,Illumina NovaSeq 6000,BMD00104,BMD00104,PAIRED,Hybrid Selection,GENOMIC,Homo sapiens,ILLUMINA,2019-12-31T00:00:00Z,2019-08-16T06:39:00Z,1,BMD00104,missing,SRP193431,Plasma
SRR9982921,missing,Bisulfite-Seq,288,4798031336,"Peking Union\, Naixin Liang",PRJNA534206,SAMN12258235,Human,2898956989,DEPARTMENT OF THORACIC SURGERY,public,"sra,fastq,run.zq","ncbi,s3,gs","gs.us-east1,ncbi.public,s3.us-east-1",SRX6723906,Illumina NovaSeq 6000,BMD00101,BMD00101,PAIRED,Hybrid Selection,GENOMIC,Homo sapiens,ILLUMINA,2019-12-31T00:00:00Z,2019-08-16T06:43:00Z,1,BMD00101,missing,SRP193431,Plasma
SRR9982922,missing,Bisulfite-Seq,286,4724010333,"Peking Union\, Naixin Liang",PRJNA534206,SAMN12258236,Human,2834978051,DEPARTMENT OF THORACIC SURGERY,public,"run.zq,fastq,sra","gs,ncbi,s3","ncbi.public,s3.us-east-1,gs.us-east1",SRX6723905,Illumina NovaSeq 6000,BMD00102,BMD00102,PAIRED,Hybrid Selection,GENOMIC,Homo sapiens,ILLUMINA,2019-12-31T00:00:00Z,2019-08-16T06:44:00Z,1,BMD00102,missing,SRP193431,Plasma
SRR9982923,missing,Bisulfite-Seq,296,5873162897,"Peking Union\, Naixin Liang",PRJNA534206,SAMN12258179,Human,2105297998,DEPARTMENT OF THORACIC SURGERY,public,"sra,fastq,run.zq","ncbi,s3,gs","s3.us-east-1,ncbi.public,gs.us-east1",SRX6723904,Illumina NovaSeq 6000,BMD00045,BMD00045,PAIRED,Hybrid Selection,GENOMIC,Homo sapiens,ILLUMINA,2019-12-31T00:00:00Z,2019-08-16T06:43:00Z,1,BMD00045,missing,SRP193431,Plasma
SRR9982924,missing,Bisulfite-Seq,295,5678480852,"Peking Union\, Naixin Liang",PRJNA534206,SAMN12258180,Human,2013808829,DEPARTMENT OF THORACIC SURGERY,public,"fastq,sra,run.zq","ncbi,gs,s3","gs.us-east1,s3.us-east-1,ncbi.public",SRX6723903,Illumina NovaSeq 6000,BMD00046,BMD00046,PAIRED,Hybrid Selection,GENOMIC,Homo sapiens,ILLUMINA,2019-12-31T00:00:00Z,2019-08-16T06:44:00Z,1,BMD00046,missing,SRP193431,Plasma
SRR9982925,missing,Bisulfite-Seq,295,5908350440,"Peking Union\, Naixin Liang",PRJNA534206,SAMN12258181,Human,2094644594,DEPARTMENT OF THORACIC SURGERY,public,"fastq,run.zq,sra","gs,s3,ncbi","gs.us-east1,ncbi.public,s3.us-east-1",SRX6723902,Illumina NovaSeq 6000,BMD00047,BMD00047,PAIRED,Hybrid Selection,GENOMIC,Homo sapiens,ILLUMINA,2019-12-31T00:00:00Z,2019-08-16T06:44:00Z,1,BMD00047,missing,SRP193431,Plasma
SRR9982926,missing,Bisulfite-Seq,295,5769872763,"Peking Union\, Naixin Liang",PRJNA534206,SAMN12258182,Human,2056785447,DEPARTMENT OF THORACIC SURGERY,public,"fastq,run.zq,sra","s3,ncbi,gs","s3.us-east-1,ncbi.public,gs.us-east1",SRX6723901,Illumina NovaSeq 6000,BMD00048,BMD00048,PAIRED,Hybrid Selection,GENOMIC,Homo sapiens,ILLUMINA,2019-12-31T00:00:00Z,2019-08-16T06:41:00Z,1,BMD00048,missing,SRP193431,Plasma
SRR9982927,missing,Bisulfite-Seq,282,4518410156,"Peking Union\, Naixin Liang",PRJNA534206,SAMN12258599,Human,1572807656,DEPARTMENT OF THORACIC SURGERY,public,"run.zq,fastq,sra","s3,gs,ncbi","s3.us-east-1,ncbi.public,gs.us-east1",SRX6723900,Illumina NovaSeq 6000,BMD00466,BMD00466,PAIRED,Hybrid Selection,GENOMIC,Homo sapiens,ILLUMINA,2019-12-31T00:00:00Z,2019-08-16T06:40:00Z,1,BMD00466,missing,SRP193431,Plasma
SRR9982928,missing,Bisulfite-Seq,282,3817539559,"Peking Union\, Naixin Liang",PRJNA534206,SAMN12258602,Human,1330453239,DEPARTMENT OF THORACIC SURGERY,public,"sra,run.zq,fastq","gs,ncbi,s3","gs.us-east1,s3.us-east-1,ncbi.public",SRX6723899,Illumina NovaSeq 6000,BMD00469,BMD00469,PAIRED,Hybrid Selection,GENOMIC,Homo sapiens,ILLUMINA,2019-12-31T00:00:00Z,2019-08-16T06:39:00Z,1,BMD00469,missing,SRP193431,Plasma
SRR9982929,missing,Bisulfite-Seq,282,4273144010,"Peking Union\, Naixin Liang",PRJNA534206,SAMN12258601,Human,1480512956,DEPARTMENT OF THORACIC SURGERY,public,"sra,run.zq,fastq","s3,gs,ncbi","gs.us-east1,ncbi.public,s3.us-east-1",SRX6723898,Illumina NovaSeq 6000,BMD00468,BMD00468,PAIRED,Hybrid Selection,GENOMIC,Homo sapiens,ILLUMINA,2019-12-31T00:00:00Z,2019-08-16T06:43:00Z,1,BMD00468,missing,SRP193431,Plasma
SRR9982930,missing,Bisulfite-Seq,296,5403375717,"Peking Union\, Naixin Liang",PRJNA534206,SAMN12258835,Human,1940421836,DEPARTMENT OF THORACIC SURGERY,public,"sra,fastq,run.zq","gs,ncbi,s3","s3.us-east-1,ncbi.public,gs.us-east1",SRX6723897,Illumina NovaSeq 6000,BMD00716,BMD00716,PAIRED,Hybrid Selection,GENOMIC,Homo sapiens,ILLUMINA,2019-12-31T00:00:00Z,2019-08-16T06:43:00Z,1,BMD00716,missing,SRP193431,Plasma
SRR9982931,missing,Bisulfite-Seq,294,6338764433,"Peking Union\, Naixin Liang",PRJNA534206,SAMN12258836,Human,2343146127,DEPARTMENT OF THORACIC SURGERY,public,"fastq,run.zq,sra","s3,ncbi,gs","s3.us-east-1,ncbi.public,gs.us-east1",SRX6723896,Illumina NovaSeq 6000,BMD00717,BMD00717,PAIRED,Hybrid Selection,GENOMIC,Homo sapiens,ILLUMINA,2019-12-31T00:00:00Z,2019-08-16T06:43:00Z,1,BMD00717,missing,SRP193431,Plasma
SRR9982932,missing,Bisulfite-Seq,292,6949079999,"Peking Union\, Naixin Liang",PRJNA534206,SAMN12258804,Human,2533603091,DEPARTMENT OF THORACIC SURGERY,public,"fastq,sra,run.zq","gs,ncbi,s3","gs.us-east1,s3.us-east-1,ncbi.public",SRX6723895,Illumina NovaSeq 6000,BMD00685,BMD00685,PAIRED,Hybrid Selection,GENOMIC,Homo sapiens,ILLUMINA,2019-12-31T00:00:00Z,2019-08-16T06:45:00Z,1,BMD00685,missing,SRP193431,Plasma
SRR9982933,missing,Bisulfite-Seq,293,5887884452,"Peking Union\, Naixin Liang",PRJNA534206,SAMN12258803,Human,2230896134,DEPARTMENT OF THORACIC SURGERY,public,"fastq,run.zq,sra","gs,s3,ncbi","gs.us-east1,s3.us-east-1,ncbi.public",SRX6723894,Illumina NovaSeq 6000,BMD00684,BMD00684,PAIRED,Hybrid Selection,GENOMIC,Homo sapiens,ILLUMINA,2019-12-31T00:00:00Z,2019-08-16T06:45:00Z,1,BMD00684,missing,SRP193431,Plasma
SRR9982934,missing,Bisulfite-Seq,301,5235649826,"Peking Union\, Naixin Liang",PRJNA534206,SAMN12258839,Human,2030568362,DEPARTMENT OF THORACIC SURGERY,public,"sra,run.zq,fastq","s3,ncbi,gs","ncbi.public,gs.us-east1,s3.us-east-1",SRX6723893,Illumina NovaSeq 6000,BMD00720,BMD00720,PAIRED,Hybrid Selection,GENOMIC,Homo sapiens,ILLUMINA,2019-12-31T00:00:00Z,2019-08-16T06:44:00Z,1,BMD00720,missing,SRP193431,Plasma
SRR9982935,missing,Bisulfite-Seq,296,4950826469,"Peking Union\, Naixin Liang",PRJNA534206,SAMN12258840,Human,1784569175,DEPARTMENT OF THORACIC SURGERY,public,"fastq,run.zq,sra","ncbi,s3,gs","gs.us-east1,ncbi.public,s3.us-east-1",SRX6723892,Illumina NovaSeq 6000,BMD00721,BMD00721,PAIRED,Hybrid Selection,GENOMIC,Homo sapiens,ILLUMINA,2019-12-31T00:00:00Z,2019-08-16T06:44:00Z,1,BMD00721,missing,SRP193431,Plasma
SRR9982936,missing,Bisulfite-Seq,301,5133485307,"Peking Union\, Naixin Liang",PRJNA534206,SAMN12258841,Human,1996085575,DEPARTMENT OF THORACIC SURGERY,public,"fastq,run.zq,sra","ncbi,s3,gs","s3.us-east-1,gs.us-east1,ncbi.public",SRX6723891,Illumina NovaSeq 6000,BMD00722,BMD00722,PAIRED,Hybrid Selection,GENOMIC,Homo sapiens,ILLUMINA,2019-12-31T00:00:00Z,2019-08-16T06:44:00Z,1,BMD00722,missing,SRP193431,Plasma
SRR9982937,missing,Bisulfite-Seq,292,6161222549,"Peking Union\, Naixin Liang",PRJNA534206,SAMN12258842,Human,2239983425,DEPARTMENT OF THORACIC SURGERY,public,"sra,run.zq,fastq","gs,ncbi,s3","s3.us-east-1,ncbi.public,gs.us-east1",SRX6723890,Illumina NovaSeq 6000,BMD00723,BMD00723,PAIRED,Hybrid Selection,GENOMIC,Homo sapiens,ILLUMINA,2019-12-31T00:00:00Z,2019-08-16T06:43:00Z,1,BMD00723,missing,SRP193431,Plasma
SRR9982938,missing,Bisulfite-Seq,295,4618104212,"Peking Union\, Naixin Liang",PRJNA534206,SAMN12258798,Human,1693415925,DEPARTMENT OF THORACIC SURGERY,public,"fastq,sra,run.zq","gs,s3,ncbi","ncbi.public,gs.us-east1,s3.us-east-1",SRX6723889,Illumina NovaSeq 6000,BMD00654,BMD00654,PAIRED,Hybrid Selection,GENOMIC,Homo sapiens,ILLUMINA,2019-12-31T00:00:00Z,2019-08-16T06:42:00Z,1,BMD00654,missing,SRP193431,Plasma
SRR9982939,missing,Bisulfite-Seq,295,4124853202,"Peking Union\, Naixin Liang",PRJNA534206,SAMN12258797,Human,1510952939,DEPARTMENT OF THORACIC SURGERY,public,"run.zq,fastq,sra","s3,ncbi,gs","s3.us-east-1,gs.us-east1,ncbi.public",SRX6723888,Illumina NovaSeq 6000,BMD00653,BMD00653,PAIRED,Hybrid Selection,GENOMIC,Homo sapiens,ILLUMINA,2019-12-31T00:00:00Z,2019-08-16T06:42:00Z,1,BMD00653,missing,SRP193431,Plasma
SRR9982940,missing,Bisulfite-Seq,294,4764627044,"Peking Union\, Naixin Liang",PRJNA534206,SAMN12258796,Human,1734350516,DEPARTMENT OF THORACIC SURGERY,public,"sra,run.zq,fastq","ncbi,gs,s3","s3.us-east-1,gs.us-east1,ncbi.public",SRX6723887,Illumina NovaSeq 6000,BMD00652,BMD00652,PAIRED,Hybrid Selection,GENOMIC,Homo sapiens,ILLUMINA,2019-12-31T00:00:00Z,2019-08-16T06:47:00Z,1,BMD00652,missing,SRP193431,Plasma
SRR9982941,missing,Bisulfite-Seq,295,4294841879,"Peking Union\, Naixin Liang",PRJNA534206,SAMN12258795,Human,1575558320,DEPARTMENT OF THORACIC SURGERY,public,"fastq,run.zq,sra","ncbi,gs,s3","s3.us-east-1,gs.us-east1,ncbi.public",SRX6723886,Illumina NovaSeq 6000,BMD00651,BMD00651,PAIRED,Hybrid Selection,GENOMIC,Homo sapiens,ILLUMINA,2019-12-31T00:00:00Z,2019-08-16T06:42:00Z,1,BMD00651,missing,SRP193431,Plasma
SRR9982942,missing,Bisulfite-Seq,294,4993933945,"Peking Union\, Naixin Liang",PRJNA534206,SAMN12258802,Human,1870596884,DEPARTMENT OF THORACIC SURGERY,public,"run.zq,fastq,sra","s3,gs,ncbi","ncbi.public,gs.us-east1,s3.us-east-1",SRX6723885,Illumina NovaSeq 6000,BMD00683,BMD00683,PAIRED,Hybrid Selection,GENOMIC,Homo sapiens,ILLUMINA,2019-12-31T00:00:00Z,2019-08-16T06:43:00Z,1,BMD00683,missing,SRP193431,Plasma
SRR9982943,missing,Bisulfite-Seq,294,5624203865,"Peking Union\, Naixin Liang",PRJNA534206,SAMN12258801,Human,2115596786,DEPARTMENT OF THORACIC SURGERY,public,"sra,fastq,run.zq","ncbi,gs,s3","ncbi.public,gs.us-east1,s3.us-east-1",SRX6723884,Illumina NovaSeq 6000,BMD00682,BMD00682,PAIRED,Hybrid Selection,GENOMIC,Homo sapiens,ILLUMINA,2019-12-31T00:00:00Z,2019-08-16T06:50:00Z,1,BMD00682,missing,SRP193431,Plasma
SRR9982944,missing,Bisulfite-Seq,297,5173283652,"Peking Union\, Naixin Liang",PRJNA534206,SAMN12258800,Human,1884806061,DEPARTMENT OF THORACIC SURGERY,public,"run.zq,fastq,sra","s3,gs,ncbi","s3.us-east-1,ncbi.public,gs.us-east1",SRX6723883,Illumina NovaSeq 6000,BMD00681,BMD00681,PAIRED,Hybrid Selection,GENOMIC,Homo sapiens,ILLUMINA,2019-12-31T00:00:00Z,2019-08-16T06:44:00Z,1,BMD00681,missing,SRP193431,Plasma
SRR9982945,missing,Bisulfite-Seq,295,4273325773,"Peking Union\, Naixin Liang",PRJNA534206,SAMN12258799,Human,1562383019,DEPARTMENT OF THORACIC SURGERY,public,"run.zq,sra,fastq","s3,ncbi,gs","gs.us-east1,ncbi.public,s3.us-east-1",SRX6723882,Illumina NovaSeq 6000,BMD00655,BMD00655,PAIRED,Hybrid Selection,GENOMIC,Homo sapiens,ILLUMINA,2019-12-31T00:00:00Z,2019-08-16T06:42:00Z,1,BMD00655,missing,SRP193431,Plasma
SRR9982946,missing,Bisulfite-Seq,297,4890346225,"Peking Union\, Naixin Liang",PRJNA534206,SAMN12258978,Human,1801250168,DEPARTMENT OF THORACIC SURGERY,public,"sra,run.zq,fastq","gs,ncbi,s3","ncbi.public,gs.us-east1,s3.us-east-1",SRX6723881,Illumina NovaSeq 6000,BMD00847,BMD00847,PAIRED,Hybrid Selection,GENOMIC,Homo sapiens,ILLUMINA,2019-12-31T00:00:00Z,2019-08-16T06:43:00Z,1,BMD00847,missing,SRP193431,Plasma
SRR9982947,missing,Bisulfite-Seq,294,6046382158,"Peking Union\, Naixin Liang",PRJNA534206,SAMN12258977,Human,2366955163,DEPARTMENT OF THORACIC SURGERY,public,"fastq,run.zq,sra","ncbi,s3,gs","s3.us-east-1,ncbi.public,gs.us-east1",SRX6723880,Illumina NovaSeq 6000,BMD00845,BMD00845,PAIRED,Hybrid Selection,GENOMIC,Homo sapiens,ILLUMINA,2019-12-31T00:00:00Z,2019-08-16T06:46:00Z,1,BMD00845,missing,SRP193431,Plasma
SRR9982948,missing,Bisulfite-Seq,293,4287363251,"Peking Union\, Naixin Liang",PRJNA534206,SAMN12258170,Human,2550514741,DEPARTMENT OF THORACIC SURGERY,public,"run.zq,sra,fastq","s3,ncbi,gs","s3.us-east-1,ncbi.public,gs.us-east1",SRX6723879,Illumina NovaSeq 6000,BMD00036,BMD00036,PAIRED,Hybrid Selection,GENOMIC,Homo sapiens,ILLUMINA,2019-12-31T00:00:00Z,2019-08-16T06:44:00Z,1,BMD00036,missing,SRP193431,Plasma
SRR9982949,missing,Bisulfite-Seq,293,3101356726,"Peking Union\, Naixin Liang",PRJNA534206,SAMN12258169,Human,1845919129,DEPARTMENT OF THORACIC SURGERY,public,"fastq,sra,run.zq","ncbi,s3,gs","ncbi.public,gs.us-east1,s3.us-east-1",SRX6723878,Illumina NovaSeq 6000,BMD00035,BMD00035,PAIRED,Hybrid Selection,GENOMIC,Homo sapiens,ILLUMINA,2019-12-31T00:00:00Z,2019-08-16T06:41:00Z,1,BMD00035,missing,SRP193431,Plasma
SRR9982950,missing,Bisulfite-Seq,293,4000595301,"Peking Union\, Naixin Liang",PRJNA534206,SAMN12258172,Human,2393711558,DEPARTMENT OF THORACIC SURGERY,public,"sra,fastq,run.zq","s3,ncbi,gs","s3.us-east-1,ncbi.public,gs.us-east1",SRX6723877,Illumina NovaSeq 6000,BMD00038,BMD00038,PAIRED,Hybrid Selection,GENOMIC,Homo sapiens,ILLUMINA,2019-12-31T00:00:00Z,2019-08-16T06:44:00Z,1,BMD00038,missing,SRP193431,Plasma
SRR9982951,missing,Bisulfite-Seq,294,3392610206,"Peking Union\, Naixin Liang",PRJNA534206,SAMN12258171,Human,2073651441,DEPARTMENT OF THORACIC SURGERY,public,"sra,run.zq,fastq","ncbi,s3,gs","gs.us-east1,ncbi.public,s3.us-east-1",SRX6723876,Illumina NovaSeq 6000,BMD00037,BMD00037,PAIRED,Hybrid Selection,GENOMIC,Homo sapiens,ILLUMINA,2019-12-31T00:00:00Z,2019-08-16T06:42:00Z,1,BMD00037,missing,SRP193431,Plasma
SRR9982952,missing,Bisulfite-Seq,293,3672833818,"Peking Union\, Naixin Liang",PRJNA534206,SAMN12258166,Human,2164292410,DEPARTMENT OF THORACIC SURGERY,public,"fastq,run.zq,sra","ncbi,gs,s3","s3.us-east-1,ncbi.public,gs.us-east1",SRX6723875,Illumina NovaSeq 6000,BMD00032,BMD00032,PAIRED,Hybrid Selection,GENOMIC,Homo sapiens,ILLUMINA,2019-12-31T00:00:00Z,2019-08-16T06:40:00Z,1,BMD00032,missing,SRP193431,Plasma
SRR9982953,missing,Bisulfite-Seq,294,3549238333,"Peking Union\, Naixin Liang",PRJNA534206,SAMN12258165,Human,2098943151,DEPARTMENT OF THORACIC SURGERY,public,"fastq,run.zq,sra","ncbi,gs,s3","ncbi.public,gs.us-east1,s3.us-east-1",SRX6723874,Illumina NovaSeq 6000,BMD00031,BMD00031,PAIRED,Hybrid Selection,GENOMIC,Homo sapiens,ILLUMINA,2019-12-31T00:00:00Z,2019-08-16T06:41:00Z,1,BMD00031,missing,SRP193431,Plasma
SRR9982954,missing,Bisulfite-Seq,293,3970340314,"Peking Union\, Naixin Liang",PRJNA534206,SAMN12258168,Human,2339016355,DEPARTMENT OF THORACIC SURGERY,public,"sra,run.zq,fastq","gs,ncbi,s3","ncbi.public,gs.us-east1,s3.us-east-1",SRX6723873,Illumina NovaSeq 6000,BMD00034,BMD00034,PAIRED,Hybrid Selection,GENOMIC,Homo sapiens,ILLUMINA,2019-12-31T00:00:00Z,2019-08-16T06:43:00Z,1,BMD00034,missing,SRP193431,Plasma
SRR9982955,missing,Bisulfite-Seq,293,3251522193,"Peking Union\, Naixin Liang",PRJNA534206,SAMN12258167,Human,1933114993,DEPARTMENT OF THORACIC SURGERY,public,"run.zq,fastq,sra","ncbi,gs,s3","s3.us-east-1,ncbi.public,gs.us-east1",SRX6723872,Illumina NovaSeq 6000,BMD00033,BMD00033,PAIRED,Hybrid Selection,GENOMIC,Homo sapiens,ILLUMINA,2019-12-31T00:00:00Z,2019-08-16T06:41:00Z,1,BMD00033,missing,SRP193431,Plasma
SRR9982956,missing,Bisulfite-Seq,296,5977474116,"Peking Union\, Naixin Liang",PRJNA534206,SAMN12258174,Human,2128871110,DEPARTMENT OF THORACIC SURGERY,public,"run.zq,fastq,sra","s3,ncbi,gs","s3.us-east-1,gs.us-east1,ncbi.public",SRX6723871,Illumina NovaSeq 6000,BMD00040,BMD00040,PAIRED,Hybrid Selection,GENOMIC,Homo sapiens,ILLUMINA,2019-12-31T00:00:00Z,2019-08-16T06:45:00Z,1,BMD00040,missing,SRP193431,Plasma
SRR9982957,missing,Bisulfite-Seq,293,4526927449,"Peking Union\, Naixin Liang",PRJNA534206,SAMN12258173,Human,2710030730,DEPARTMENT OF THORACIC SURGERY,public,"run.zq,sra,fastq","s3,ncbi,gs","gs.us-east1,s3.us-east-1,ncbi.public",SRX6723870,Illumina NovaSeq 6000,BMD00039,BMD00039,PAIRED,Hybrid Selection,GENOMIC,Homo sapiens,ILLUMINA,2019-12-31T00:00:00Z,2019-08-16T06:44:00Z,1,BMD00039,missing,SRP193431,Plasma
SRR9982958,missing,Bisulfite-Seq,297,3984584232,"Peking Union\, Naixin Liang",PRJNA534206,SAMN12258981,Human,1463335830,DEPARTMENT OF THORACIC SURGERY,public,"run.zq,sra,fastq","ncbi,gs,s3","ncbi.public,s3.us-east-1,gs.us-east1",SRX6723869,Illumina NovaSeq 6000,BMD00850,BMD00850,PAIRED,Hybrid Selection,GENOMIC,Homo sapiens,ILLUMINA,2019-12-31T00:00:00Z,2019-08-16T06:41:00Z,1,BMD00850,missing,SRP193431,Plasma
SRR9982959,missing,Bisulfite-Seq,293,5970700611,"Peking Union\, Naixin Liang",PRJNA534206,SAMN12258953,Human,2261000307,DEPARTMENT OF THORACIC SURGERY,public,"run.zq,fastq,sra","gs,s3,ncbi","ncbi.public,s3.us-east-1,gs.us-east1",SRX6723868,Illumina NovaSeq 6000,BMD00821,BMD00821,PAIRED,Hybrid Selection,GENOMIC,Homo sapiens,ILLUMINA,2019-12-31T00:00:00Z,2019-08-16T06:47:00Z,1,BMD00821,missing,SRP193431,Plasma
SRR9982960,missing,Bisulfite-Seq,298,5219619932,"Peking Union\, Naixin Liang",PRJNA534206,SAMN12258980,Human,1917101244,DEPARTMENT OF THORACIC SURGERY,public,"sra,run.zq,fastq","ncbi,s3,gs","ncbi.public,s3.us-east-1,gs.us-east1",SRX6723867,Illumina NovaSeq 6000,BMD00849,BMD00849,PAIRED,Hybrid Selection,GENOMIC,Homo sapiens,ILLUMINA,2019-12-31T00:00:00Z,2019-08-16T06:44:00Z,1,BMD00849,missing,SRP193431,Plasma
SRR9982961,missing,Bisulfite-Seq,297,4603640156,"Peking Union\, Naixin Liang",PRJNA534206,SAMN12258979,Human,1676324927,DEPARTMENT OF THORACIC SURGERY,public,"sra,fastq,run.zq","s3,gs,ncbi","s3.us-east-1,ncbi.public,gs.us-east1",SRX6723866,Illumina NovaSeq 6000,BMD00848,BMD00848,PAIRED,Hybrid Selection,GENOMIC,Homo sapiens,ILLUMINA,2019-12-31T00:00:00Z,2019-08-16T06:43:00Z,1,BMD00848,missing,SRP193431,Plasma
SRR9982962,missing,Bisulfite-Seq,282,4145216059,"Peking Union\, Naixin Liang",PRJNA534206,SAMN12258283,Human,1465982233,DEPARTMENT OF THORACIC SURGERY,public,"sra,run.zq,fastq","s3,ncbi,gs","s3.us-east-1,gs.us-east1,ncbi.public",SRX6723865,Illumina NovaSeq 6000,BMD00149,BMD00149,PAIRED,Hybrid Selection,GENOMIC,Homo sapiens,ILLUMINA,2019-12-31T00:00:00Z,2019-08-16T06:42:00Z,1,BMD00149,missing,SRP193431,Plasma
SRR9982963,missing,Bisulfite-Seq,282,3709701738,"Peking Union\, Naixin Liang",PRJNA534206,SAMN12258284,Human,1293348186,DEPARTMENT OF THORACIC SURGERY,public,"sra,run.zq,fastq","s3,ncbi,gs","gs.us-east1,s3.us-east-1,ncbi.public",SRX6723864,Illumina NovaSeq 6000,BMD00150,BMD00150,PAIRED,Hybrid Selection,GENOMIC,Homo sapiens,ILLUMINA,2019-12-31T00:00:00Z,2019-08-16T06:50:00Z,1,BMD00150,missing,SRP193431,Plasma
SRR9982964,missing,Bisulfite-Seq,298,7883741415,"Peking Union\, Naixin Liang",PRJNA534206,SAMN12258553,Human,2776579064,DEPARTMENT OF THORACIC SURGERY,public,"sra,run.zq,fastq","ncbi,s3,gs","gs.us-east1,ncbi.public,s3.us-east-1",SRX6723863,Illumina NovaSeq 6000,BMD00420,BMD00420,PAIRED,Hybrid Selection,GENOMIC,Homo sapiens,ILLUMINA,2019-12-31T00:00:00Z,2019-08-16T06:49:00Z,1,BMD00420,missing,SRP193431,Plasma
SRR9982965,missing,Bisulfite-Seq,296,5077469493,"Peking Union\, Naixin Liang",PRJNA534206,SAMN12258554,Human,1884947264,DEPARTMENT OF THORACIC SURGERY,public,"sra,fastq,run.zq","s3,ncbi,gs","ncbi.public,s3.us-east-1,gs.us-east1",SRX6723862,Illumina NovaSeq 6000,BMD00421,BMD00421,PAIRED,Hybrid Selection,GENOMIC,Homo sapiens,ILLUMINA,2019-12-31T00:00:00Z,2019-08-16T06:46:00Z,1,BMD00421,missing,SRP193431,Plasma
SRR9982966,missing,Bisulfite-Seq,282,5862118526,"Peking Union\, Naixin Liang",PRJNA534206,SAMN12258277,Human,2036656573,DEPARTMENT OF THORACIC SURGERY,public,"run.zq,fastq,sra","ncbi,gs,s3","ncbi.public,s3.us-east-1,gs.us-east1",SRX6723861,Illumina NovaSeq 6000,BMD00143,BMD00143,PAIRED,Hybrid Selection,GENOMIC,Homo sapiens,ILLUMINA,2019-12-31T00:00:00Z,2019-08-16T06:50:00Z,1,BMD00143,missing,SRP193431,Plasma
SRR9982967,missing,Bisulfite-Seq,282,4509988345,"Peking Union\, Naixin Liang",PRJNA534206,SAMN12258278,Human,1576243209,DEPARTMENT OF THORACIC SURGERY,public,"fastq,run.zq,sra","gs,ncbi,s3","s3.us-east-1,gs.us-east1,ncbi.public",SRX6723860,Illumina NovaSeq 6000,BMD00144,BMD00144,PAIRED,Hybrid Selection,GENOMIC,Homo sapiens,ILLUMINA,2019-12-31T00:00:00Z,2019-08-16T06:42:00Z,1,BMD00144,missing,SRP193431,Plasma
SRR9982968,missing,Bisulfite-Seq,282,4249235387,"Peking Union\, Naixin Liang",PRJNA534206,SAMN12258275,Human,1494114612,DEPARTMENT OF THORACIC SURGERY,public,"fastq,sra,run.zq","s3,gs,ncbi","s3.us-east-1,ncbi.public,gs.us-east1",SRX6723859,Illumina NovaSeq 6000,BMD00141,BMD00141,PAIRED,Hybrid Selection,GENOMIC,Homo sapiens,ILLUMINA,2019-12-31T00:00:00Z,2019-08-16T06:42:00Z,1,BMD00141,missing,SRP193431,Plasma
SRR9982969,missing,Bisulfite-Seq,282,4715617581,"Peking Union\, Naixin Liang",PRJNA534206,SAMN12258276,Human,1646172704,DEPARTMENT OF THORACIC SURGERY,public,"run.zq,fastq,sra","s3,gs,ncbi","s3.us-east-1,ncbi.public,gs.us-east1",SRX6723858,Illumina NovaSeq 6000,BMD00142,BMD00142,PAIRED,Hybrid Selection,GENOMIC,Homo sapiens,ILLUMINA,2019-12-31T00:00:00Z,2019-08-16T06:43:00Z,1,BMD00142,missing,SRP193431,Plasma
SRR9982970,missing,Bisulfite-Seq,282,3478666800,"Peking Union\, Naixin Liang",PRJNA534206,SAMN12258281,Human,1209956636,DEPARTMENT OF THORACIC SURGERY,public,"run.zq,sra,fastq","s3,ncbi,gs","s3.us-east-1,ncbi.public,gs.us-east1",SRX6723857,Illumina NovaSeq 6000,BMD00147,BMD00147,PAIRED,Hybrid Selection,GENOMIC,Homo sapiens,ILLUMINA,2019-12-31T00:00:00Z,2019-08-16T06:42:00Z,1,BMD00147,missing,SRP193431,Plasma
SRR9982971,missing,Bisulfite-Seq,282,4837424366,"Peking Union\, Naixin Liang",PRJNA534206,SAMN12258282,Human,1700522200,DEPARTMENT OF THORACIC SURGERY,public,"sra,run.zq,fastq","ncbi,gs,s3","ncbi.public,gs.us-east1,s3.us-east-1",SRX6723856,Illumina NovaSeq 6000,BMD00148,BMD00148,PAIRED,Hybrid Selection,GENOMIC,Homo sapiens,ILLUMINA,2019-12-31T00:00:00Z,2019-08-16T06:45:00Z,1,BMD00148,missing,SRP193431,Plasma
SRR9982972,missing,Bisulfite-Seq,282,3669337589,"Peking Union\, Naixin Liang",PRJNA534206,SAMN12258279,Human,1315150173,DEPARTMENT OF THORACIC SURGERY,public,"sra,fastq,run.zq","gs,ncbi,s3","ncbi.public,s3.us-east-1,gs.us-east1",SRX6723855,Illumina NovaSeq 6000,BMD00145,BMD00145,PAIRED,Hybrid Selection,GENOMIC,Homo sapiens,ILLUMINA,2019-12-31T00:00:00Z,2019-08-16T06:41:00Z,1,BMD00145,missing,SRP193431,Plasma
SRR9982973,missing,Bisulfite-Seq,282,4089120261,"Peking Union\, Naixin Liang",PRJNA534206,SAMN12258280,Human,1437189203,DEPARTMENT OF THORACIC SURGERY,public,"run.zq,fastq,sra","ncbi,gs,s3","gs.us-east1,ncbi.public,s3.us-east-1",SRX6723854,Illumina NovaSeq 6000,BMD00146,BMD00146,PAIRED,Hybrid Selection,GENOMIC,Homo sapiens,ILLUMINA,2019-12-31T00:00:00Z,2019-08-16T06:41:00Z,1,BMD00146,missing,SRP193431,Plasma
SRR9982974,missing,Bisulfite-Seq,282,3444748256,"Peking Union\, Naixin Liang",PRJNA534206,SAMN12258580,Human,1205095016,DEPARTMENT OF THORACIC SURGERY,public,"fastq,sra,run.zq","s3,gs,ncbi","ncbi.public,gs.us-east1,s3.us-east-1",SRX6723853,Illumina NovaSeq 6000,BMD00447,BMD00447,PAIRED,Hybrid Selection,GENOMIC,Homo sapiens,ILLUMINA,2019-12-31T00:00:00Z,2019-08-16T06:42:00Z,1,BMD00447,missing,SRP193431,Plasma
SRR9982975,missing,Bisulfite-Seq,282,4884477883,"Peking Union\, Naixin Liang",PRJNA534206,SAMN12258579,Human,1705759995,DEPARTMENT OF THORACIC SURGERY,public,"sra,run.zq,fastq","ncbi,gs,s3","gs.us-east1,s3.us-east-1,ncbi.public",SRX6723852,Illumina NovaSeq 6000,BMD00446,BMD00446,PAIRED,Hybrid Selection,GENOMIC,Homo sapiens,ILLUMINA,2019-12-31T00:00:00Z,2019-08-16T06:44:00Z,1,BMD00446,missing,SRP193431,Plasma
SRR9982976,missing,Bisulfite-Seq,282,4072821988,"Peking Union\, Naixin Liang",PRJNA534206,SAMN12258578,Human,1433417598,DEPARTMENT OF THORACIC SURGERY,public,"run.zq,fastq,sra","gs,s3,ncbi","ncbi.public,gs.us-east1,s3.us-east-1",SRX6723851,Illumina NovaSeq 6000,BMD00445,BMD00445,PAIRED,Hybrid Selection,GENOMIC,Homo sapiens,ILLUMINA,2019-12-31T00:00:00Z,2019-08-16T06:42:00Z,1,BMD00445,missing,SRP193431,Plasma
SRR9982977,missing,Bisulfite-Seq,293,5827621847,"Peking Union\, Naixin Liang",PRJNA534206,SAMN12258942,Human,2100866224,DEPARTMENT OF THORACIC SURGERY,public,"run.zq,fastq,sra","ncbi,gs,s3","s3.us-east-1,gs.us-east1,ncbi.public",SRX6723850,Illumina NovaSeq 6000,BMD00665,BMD00665,PAIRED,Hybrid Selection,GENOMIC,Homo sapiens,ILLUMINA,2019-12-31T00:00:00Z,2019-08-16T06:57:00Z,1,BMD00665,missing,SRP193431,Plasma
SRR9982978,missing,Bisulfite-Seq,294,6134812830,"Peking Union\, Naixin Liang",PRJNA534206,SAMN12258941,Human,2244092894,DEPARTMENT OF THORACIC SURGERY,public,"fastq,run.zq,sra","ncbi,s3,gs","s3.us-east-1,gs.us-east1,ncbi.public",SRX6723849,Illumina NovaSeq 6000,BMD00664,BMD00664,PAIRED,Hybrid Selection,GENOMIC,Homo sapiens,ILLUMINA,2019-12-31T00:00:00Z,2019-08-16T06:48:00Z,1,BMD00664,missing,SRP193431,Plasma
SRR9982979,missing,Bisulfite-Seq,282,4081920608,"Peking Union\, Naixin Liang",PRJNA534206,SAMN12258577,Human,1435773967,DEPARTMENT OF THORACIC SURGERY,public,"fastq,sra,run.zq","ncbi,gs,s3","gs.us-east1,ncbi.public,s3.us-east-1",SRX6723848,Illumina NovaSeq 6000,BMD00444,BMD00444,PAIRED,Hybrid Selection,GENOMIC,Homo sapiens,ILLUMINA,2019-12-31T00:00:00Z,2019-08-16T06:43:00Z,1,BMD00444,missing,SRP193431,Plasma
SRR9982980,missing,Bisulfite-Seq,292,5931098281,"Peking Union\, Naixin Liang",PRJNA534206,SAMN12258939,Human,2137514106,DEPARTMENT OF THORACIC SURGERY,public,"run.zq,sra,fastq","ncbi,gs,s3","ncbi.public,gs.us-east1,s3.us-east-1",SRX6723847,Illumina NovaSeq 6000,BMD00662,BMD00662,PAIRED,Hybrid Selection,GENOMIC,Homo sapiens,ILLUMINA,2019-12-31T00:00:00Z,2019-08-16T06:47:00Z,1,BMD00662,missing,SRP193431,Plasma
SRR9982981,missing,Bisulfite-Seq,293,5888504920,"Peking Union\, Naixin Liang",PRJNA534206,SAMN12258938,Human,2127000351,DEPARTMENT OF THORACIC SURGERY,public,"fastq,sra,run.zq","s3,ncbi,gs","gs.us-east1,ncbi.public,s3.us-east-1",SRX6723846,Illumina NovaSeq 6000,BMD00661,BMD00661,PAIRED,Hybrid Selection,GENOMIC,Homo sapiens,ILLUMINA,2019-12-31T00:00:00Z,2019-08-16T06:47:00Z,1,BMD00661,missing,SRP193431,Plasma
SRR9982982,missing,Bisulfite-Seq,293,6046593053,"Peking Union\, Naixin Liang",PRJNA534206,SAMN12258937,Human,2195553973,DEPARTMENT OF THORACIC SURGERY,public,"run.zq,sra,fastq","gs,s3,ncbi","gs.us-east1,s3.us-east-1,ncbi.public",SRX6723845,Illumina NovaSeq 6000,BMD00660,BMD00660,PAIRED,Hybrid Selection,GENOMIC,Homo sapiens,ILLUMINA,2019-12-31T00:00:00Z,2019-08-16T06:46:00Z,1,BMD00660,missing,SRP193431,Plasma
SRR9982983,missing,Bisulfite-Seq,294,8288569185,"Peking Union\, Naixin Liang",PRJNA534206,SAMN12258936,Human,3037917858,DEPARTMENT OF THORACIC SURGERY,public,"fastq,run.zq,sra","s3,gs,ncbi","ncbi.public,gs.us-east1,s3.us-east-1",SRX6723844,Illumina NovaSeq 6000,BMD00813,BMD00813,PAIRED,Hybrid Selection,GENOMIC,Homo sapiens,ILLUMINA,2019-12-31T00:00:00Z,2019-08-16T06:51:00Z,1,BMD00813,missing,SRP193431,Plasma
SRR9982984,missing,Bisulfite-Seq,294,4831773918,"Peking Union\, Naixin Liang",PRJNA534206,SAMN12258935,Human,1812902905,DEPARTMENT OF THORACIC SURGERY,public,"sra,run.zq,fastq","gs,s3,ncbi","ncbi.public,gs.us-east1,s3.us-east-1",SRX6723843,Illumina NovaSeq 6000,BMD00812,BMD00812,PAIRED,Hybrid Selection,GENOMIC,Homo sapiens,ILLUMINA,2019-12-31T00:00:00Z,2019-08-16T06:45:00Z,1,BMD00812,missing,SRP193431,Plasma
SRR9982985,missing,Bisulfite-Seq,282,3864272862,"Peking Union\, Naixin Liang",PRJNA534206,SAMN12258576,Human,1359821034,DEPARTMENT OF THORACIC SURGERY,public,"sra,fastq,run.zq","s3,gs,ncbi","gs.us-east1,s3.us-east-1,ncbi.public",SRX6723842,Illumina NovaSeq 6000,BMD00443,BMD00443,PAIRED,Hybrid Selection,GENOMIC,Homo sapiens,ILLUMINA,2019-12-31T00:00:00Z,2019-08-16T06:43:00Z,1,BMD00443,missing,SRP193431,Plasma
SRR9982986,missing,Bisulfite-Seq,282,4604861333,"Peking Union\, Naixin Liang",PRJNA534206,SAMN12258575,Human,1616089175,DEPARTMENT OF THORACIC SURGERY,public,"run.zq,sra,fastq","ncbi,gs,s3","s3.us-east-1,gs.us-east1,ncbi.public",SRX6723841,Illumina NovaSeq 6000,BMD00442,BMD00442,PAIRED,Hybrid Selection,GENOMIC,Homo sapiens,ILLUMINA,2019-12-31T00:00:00Z,2019-08-16T06:46:00Z,1,BMD00442,missing,SRP193431,Plasma
SRR9982987,missing,Bisulfite-Seq,293,5440147585,"Peking Union\, Naixin Liang",PRJNA534206,SAMN12258943,Human,1966393144,DEPARTMENT OF THORACIC SURGERY,public,"run.zq,sra,fastq","ncbi,s3,gs","ncbi.public,s3.us-east-1,gs.us-east1",SRX6723840,Illumina NovaSeq 6000,BMD00666,BMD00666,PAIRED,Hybrid Selection,GENOMIC,Homo sapiens,ILLUMINA,2019-12-31T00:00:00Z,2019-08-16T06:47:00Z,1,BMD00666,missing,SRP193431,Plasma
SRR9982988,missing,Bisulfite-Seq,294,8304634336,"Peking Union\, Naixin Liang",PRJNA534206,SAMN12258901,Human,3002090300,DEPARTMENT OF THORACIC SURGERY,public,"fastq,sra,run.zq","gs,s3,ncbi","ncbi.public,gs.us-east1,s3.us-east-1",SRX6723839,Illumina NovaSeq 6000,BMD00782,BMD00782,PAIRED,Hybrid Selection,GENOMIC,Homo sapiens,ILLUMINA,2019-12-31T00:00:00Z,2019-08-16T06:56:00Z,1,BMD00782,missing,SRP193431,Plasma
SRR9982989,missing,Bisulfite-Seq,294,7359520646,"Peking Union\, Naixin Liang",PRJNA534206,SAMN12258906,Human,2697688357,DEPARTMENT OF THORACIC SURGERY,public,"run.zq,fastq,sra","gs,ncbi,s3","ncbi.public,gs.us-east1,s3.us-east-1",SRX6723838,Illumina NovaSeq 6000,BMD00786,BMD00786,PAIRED,Hybrid Selection,GENOMIC,Homo sapiens,ILLUMINA,2019-12-31T00:00:00Z,2019-08-16T06:50:00Z,1,BMD00786,missing,SRP193431,Plasma
SRR9982990,missing,Bisulfite-Seq,296,10488046649,"Peking Union\, Naixin Liang",PRJNA534206,SAMN12259007,Human,3766121797,DEPARTMENT OF THORACIC SURGERY,public,"fastq,sra,run.zq","s3,gs,ncbi","ncbi.public,gs.us-east1,s3.us-east-1",SRX6723837,Illumina NovaSeq 6000,BMD00877,BMD00877,PAIRED,Hybrid Selection,GENOMIC,Homo sapiens,ILLUMINA,2019-12-31T00:00:00Z,2019-08-16T06:52:00Z,1,BMD00877,missing,SRP193431,Plasma
SRR9982991,missing,Bisulfite-Seq,297,4799850098,"Peking Union\, Naixin Liang",PRJNA534206,SAMN12258816,Human,1756215551,DEPARTMENT OF THORACIC SURGERY,public,"fastq,run.zq,sra","gs,ncbi,s3","s3.us-east-1,gs.us-east1,ncbi.public",SRX6723836,Illumina NovaSeq 6000,BMD00697,BMD00697,PAIRED,Hybrid Selection,GENOMIC,Homo sapiens,ILLUMINA,2019-12-31T00:00:00Z,2019-08-16T06:45:00Z,1,BMD00697,missing,SRP193431,Plasma
SRR9982992,missing,Bisulfite-Seq,294,5508815253,"Peking Union\, Naixin Liang",PRJNA534206,SAMN12258895,Human,2023920518,DEPARTMENT OF THORACIC SURGERY,public,"run.zq,sra,fastq","gs,s3,ncbi","s3.us-east-1,gs.us-east1,ncbi.public",SRX6723835,Illumina NovaSeq 6000,BMD00776,BMD00776,PAIRED,Hybrid Selection,GENOMIC,Homo sapiens,ILLUMINA,2019-12-31T00:00:00Z,2019-08-16T06:47:00Z,1,BMD00776,missing,SRP193431,Plasma
SRR9982993,missing,Bisulfite-Seq,297,4258355564,"Peking Union\, Naixin Liang",PRJNA534206,SAMN12258376,Human,1585668978,DEPARTMENT OF THORACIC SURGERY,public,"fastq,sra,run.zq","gs,s3,ncbi","gs.us-east1,s3.us-east-1,ncbi.public",SRX6723834,Illumina NovaSeq 6000,BMD00242,BMD00242,PAIRED,Hybrid Selection,GENOMIC,Homo sapiens,ILLUMINA,2019-12-31T00:00:00Z,2019-08-16T06:44:00Z,1,BMD00242,missing,SRP193431,Plasma
SRR9982994,missing,Bisulfite-Seq,297,4493283671,"Peking Union\, Naixin Liang",PRJNA534206,SAMN12258375,Human,1683179306,DEPARTMENT OF THORACIC SURGERY,public,"fastq,sra,run.zq","gs,s3,ncbi","gs.us-east1,s3.us-east-1,ncbi.public",SRX6723833,Illumina NovaSeq 6000,BMD00241,BMD00241,PAIRED,Hybrid Selection,GENOMIC,Homo sapiens,ILLUMINA,2019-12-31T00:00:00Z,2019-08-16T06:44:00Z,1,BMD00241,missing,SRP193431,Plasma
SRR9982995,missing,Bisulfite-Seq,295,3451627298,"Peking Union\, Naixin Liang",PRJNA534206,SAMN12258378,Human,1327653218,DEPARTMENT OF THORACIC SURGERY,public,"run.zq,sra,fastq","s3,ncbi,gs","gs.us-east1,ncbi.public,s3.us-east-1",SRX6723832,Illumina NovaSeq 6000,BMD00244,BMD00244,PAIRED,Hybrid Selection,GENOMIC,Homo sapiens,ILLUMINA,2019-12-31T00:00:00Z,2019-08-16T06:43:00Z,1,BMD00244,missing,SRP193431,Plasma
SRR9982996,missing,Bisulfite-Seq,291,3165747768,"Peking Union\, Naixin Liang",PRJNA534206,SAMN12258377,Human,1160888632,DEPARTMENT OF THORACIC SURGERY,public,"fastq,sra,run.zq","ncbi,gs,s3","s3.us-east-1,ncbi.public,gs.us-east1",SRX6723831,Illumina NovaSeq 6000,BMD00243,BMD00243,PAIRED,Hybrid Selection,GENOMIC,Homo sapiens,ILLUMINA,2019-12-31T00:00:00Z,2019-08-16T06:42:00Z,1,BMD00243,missing,SRP193431,Plasma
SRR9982997,missing,Bisulfite-Seq,296,4633251967,"Peking Union\, Naixin Liang",PRJNA534206,SAMN12258380,Human,1783089039,DEPARTMENT OF THORACIC SURGERY,public,"run.zq,fastq,sra","ncbi,s3,gs","ncbi.public,gs.us-east1,s3.us-east-1",SRX6723830,Illumina NovaSeq 6000,BMD00246,BMD00246,PAIRED,Hybrid Selection,GENOMIC,Homo sapiens,ILLUMINA,2019-12-31T00:00:00Z,2019-08-16T06:45:00Z,1,BMD00246,missing,SRP193431,Plasma
SRR9982998,missing,Bisulfite-Seq,296,4383825931,"Peking Union\, Naixin Liang",PRJNA534206,SAMN12258379,Human,1695784812,DEPARTMENT OF THORACIC SURGERY,public,"sra,run.zq,fastq","gs,ncbi,s3","ncbi.public,s3.us-east-1,gs.us-east1",SRX6723829,Illumina NovaSeq 6000,BMD00245,BMD00245,PAIRED,Hybrid Selection,GENOMIC,Homo sapiens,ILLUMINA,2019-12-31T00:00:00Z,2019-08-16T06:45:00Z,1,BMD00245,missing,SRP193431,Plasma
SRR9982999,missing,Bisulfite-Seq,296,3700451975,"Peking Union\, Naixin Liang",PRJNA534206,SAMN12258382,Human,1432524571,DEPARTMENT OF THORACIC SURGERY,public,"sra,run.zq,fastq","gs,ncbi,s3","gs.us-east1,s3.us-east-1,ncbi.public",SRX6723828,Illumina NovaSeq 6000,BMD00248,BMD00248,PAIRED,Hybrid Selection,GENOMIC,Homo sapiens,ILLUMINA,2019-12-31T00:00:00Z,2019-08-16T06:44:00Z,1,BMD00248,missing,SRP193431,Plasma
SRR9983000,missing,Bisulfite-Seq,295,4168392405,"Peking Union\, Naixin Liang",PRJNA534206,SAMN12258381,Human,1603578394,DEPARTMENT OF THORACIC SURGERY,public,"sra,fastq,run.zq","gs,s3,ncbi","ncbi.public,s3.us-east-1,gs.us-east1",SRX6723827,Illumina NovaSeq 6000,BMD00247,BMD00247,PAIRED,Hybrid Selection,GENOMIC,Homo sapiens,ILLUMINA,2019-12-31T00:00:00Z,2019-08-16T06:46:00Z,1,BMD00247,missing,SRP193431,Plasma
SRR9983001,missing,Bisulfite-Seq,295,4014876487,"Peking Union\, Naixin Liang",PRJNA534206,SAMN12258384,Human,1586605558,DEPARTMENT OF THORACIC SURGERY,public,"sra,fastq,run.zq","s3,gs,ncbi","ncbi.public,gs.us-east1,s3.us-east-1",SRX6723826,Illumina NovaSeq 6000,BMD00250,BMD00250,PAIRED,Hybrid Selection,GENOMIC,Homo sapiens,ILLUMINA,2019-12-31T00:00:00Z,2019-08-16T06:45:00Z,1,BMD00250,missing,SRP193431,Plasma
SRR9983002,missing,Bisulfite-Seq,295,4001551111,"Peking Union\, Naixin Liang",PRJNA534206,SAMN12258383,Human,1588338841,DEPARTMENT OF THORACIC SURGERY,public,"run.zq,fastq,sra","gs,ncbi,s3","ncbi.public,s3.us-east-1,gs.us-east1",SRX6723825,Illumina NovaSeq 6000,BMD00249,BMD00249,PAIRED,Hybrid Selection,GENOMIC,Homo sapiens,ILLUMINA,2019-12-31T00:00:00Z,2019-08-16T06:44:00Z,1,BMD00249,missing,SRP193431,Plasma
SRR9983003,missing,Bisulfite-Seq,293,4283256714,"Peking Union\, Naixin Liang",PRJNA534206,SAMN12258657,Human,1644460288,DEPARTMENT OF THORACIC SURGERY,public,"fastq,sra,run.zq","s3,ncbi,gs","gs.us-east1,s3.us-east-1,ncbi.public",SRX6723824,Illumina NovaSeq 6000,BMD00524,BMD00524,PAIRED,Hybrid Selection,GENOMIC,Homo sapiens,ILLUMINA,2019-12-31T00:00:00Z,2019-08-16T06:46:00Z,1,BMD00524,missing,SRP193431,Plasma
SRR9983004,missing,Bisulfite-Seq,294,4683396040,"Peking Union\, Naixin Liang",PRJNA534206,SAMN12258658,Human,1791240458,DEPARTMENT OF THORACIC SURGERY,public,"run.zq,fastq,sra","gs,s3,ncbi","gs.us-east1,ncbi.public,s3.us-east-1",SRX6723823,Illumina NovaSeq 6000,BMD00525,BMD00525,PAIRED,Hybrid Selection,GENOMIC,Homo sapiens,ILLUMINA,2019-12-31T00:00:00Z,2019-08-16T06:51:00Z,1,BMD00525,missing,SRP193431,Plasma
SRR9983005,missing,Bisulfite-Seq,293,4889999970,"Peking Union\, Naixin Liang",PRJNA534206,SAMN12258659,Human,1852718772,DEPARTMENT OF THORACIC SURGERY,public,"sra,run.zq,fastq","s3,gs,ncbi","ncbi.public,gs.us-east1,s3.us-east-1",SRX6723822,Illumina NovaSeq 6000,BMD00526,BMD00526,PAIRED,Hybrid Selection,GENOMIC,Homo sapiens,ILLUMINA,2019-12-31T00:00:00Z,2019-08-16T06:46:00Z,1,BMD00526,missing,SRP193431,Plasma
SRR9983006,missing,Bisulfite-Seq,294,4483615787,"Peking Union\, Naixin Liang",PRJNA534206,SAMN12258660,Human,1718525631,DEPARTMENT OF THORACIC SURGERY,public,"fastq,run.zq,sra","gs,ncbi,s3","gs.us-east1,ncbi.public,s3.us-east-1",SRX6723821,Illumina NovaSeq 6000,BMD00527,BMD00527,PAIRED,Hybrid Selection,GENOMIC,Homo sapiens,ILLUMINA,2019-12-31T00:00:00Z,2019-08-16T06:45:00Z,1,BMD00527,missing,SRP193431,Plasma
SRR9983007,missing,Bisulfite-Seq,294,5197354700,"Peking Union\, Naixin Liang",PRJNA534206,SAMN12258661,Human,1993129585,DEPARTMENT OF THORACIC SURGERY,public,"sra,run.zq,fastq","ncbi,gs,s3","s3.us-east-1,ncbi.public,gs.us-east1",SRX6723820,Illumina NovaSeq 6000,BMD00528,BMD00528,PAIRED,Hybrid Selection,GENOMIC,Homo sapiens,ILLUMINA,2019-12-31T00:00:00Z,2019-08-16T06:45:00Z,1,BMD00528,missing,SRP193431,Plasma
SRR9983008,missing,Bisulfite-Seq,294,4834027737,"Peking Union\, Naixin Liang",PRJNA534206,SAMN12258662,Human,1840313910,DEPARTMENT OF THORACIC SURGERY,public,"sra,run.zq,fastq","gs,s3,ncbi","ncbi.public,s3.us-east-1,gs.us-east1",SRX6723819,Illumina NovaSeq 6000,BMD00529,BMD00529,PAIRED,Hybrid Selection,GENOMIC,Homo sapiens,ILLUMINA,2019-12-31T00:00:00Z,2019-08-16T06:50:00Z,1,BMD00529,missing,SRP193431,Plasma
SRR9983009,missing,Bisulfite-Seq,301,4364173052,"Peking Union\, Naixin Liang",PRJNA534206,SAMN12258848,Human,1688769470,DEPARTMENT OF THORACIC SURGERY,public,"sra,fastq,run.zq","ncbi,gs,s3","s3.us-east-1,ncbi.public,gs.us-east1",SRX6723818,Illumina NovaSeq 6000,BMD00729,BMD00729,PAIRED,Hybrid Selection,GENOMIC,Homo sapiens,ILLUMINA,2019-12-31T00:00:00Z,2019-08-16T06:45:00Z,1,BMD00729,missing,SRP193431,Plasma
SRR9983010,missing,Bisulfite-Seq,293,6447063822,"Peking Union\, Naixin Liang",PRJNA534206,SAMN12258817,Human,2342375581,DEPARTMENT OF THORACIC SURGERY,public,"sra,fastq,run.zq","gs,s3,ncbi","gs.us-east1,s3.us-east-1,ncbi.public",SRX6723817,Illumina NovaSeq 6000,BMD00698,BMD00698,PAIRED,Hybrid Selection,GENOMIC,Homo sapiens,ILLUMINA,2019-12-31T00:00:00Z,2019-08-16T06:49:00Z,1,BMD00698,missing,SRP193431,Plasma
SRR9983011,missing,Bisulfite-Seq,292,4860909444,"Peking Union\, Naixin Liang",PRJNA534206,SAMN12258964,Human,1845436336,DEPARTMENT OF THORACIC SURGERY,public,"run.zq,sra,fastq","gs,ncbi,s3","s3.us-east-1,ncbi.public,gs.us-east1",SRX6723816,Illumina NovaSeq 6000,BMD00832,BMD00832,PAIRED,Hybrid Selection,GENOMIC,Homo sapiens,ILLUMINA,2019-12-31T00:00:00Z,2019-08-16T06:46:00Z,1,BMD00832,missing,SRP193431,Plasma
SRR9983012,missing,Bisulfite-Seq,294,5625372283,"Peking Union\, Naixin Liang",PRJNA534206,SAMN12258875,Human,2127356123,DEPARTMENT OF THORACIC SURGERY,public,"run.zq,sra,fastq","s3,ncbi,gs","gs.us-east1,ncbi.public,s3.us-east-1",SRX6723815,Illumina NovaSeq 6000,BMD00756,BMD00756,PAIRED,Hybrid Selection,GENOMIC,Homo sapiens,ILLUMINA,2019-12-31T00:00:00Z,2019-08-16T06:52:00Z,1,BMD00756,missing,SRP193431,Plasma
SRR9983013,missing,Bisulfite-Seq,293,3473002042,"Peking Union\, Naixin Liang",PRJNA534206,SAMN12258474,Human,2053507706,DEPARTMENT OF THORACIC SURGERY,public,"sra,fastq,run.zq","ncbi,s3,gs","ncbi.public,s3.us-east-1,gs.us-east1",SRX6723814,Illumina NovaSeq 6000,BMD00340,BMD00340,PAIRED,Hybrid Selection,GENOMIC,Homo sapiens,ILLUMINA,2019-12-31T00:00:00Z,2019-08-16T06:44:00Z,1,BMD00340,missing,SRP193431,Plasma
SRR9983014,missing,Bisulfite-Seq,294,4012247685,"Peking Union\, Naixin Liang",PRJNA534206,SAMN12258473,Human,2364568682,DEPARTMENT OF THORACIC SURGERY,public,"sra,run.zq,fastq","ncbi,s3,gs","s3.us-east-1,ncbi.public,gs.us-east1",SRX6723813,Illumina NovaSeq 6000,BMD00339,BMD00339,PAIRED,Hybrid Selection,GENOMIC,Homo sapiens,ILLUMINA,2019-12-31T00:00:00Z,2019-08-16T06:46:00Z,1,BMD00339,missing,SRP193431,Plasma
SRR9983015,missing,Bisulfite-Seq,301,6319637152,"Peking Union\, Naixin Liang",PRJNA534206,SAMN12258764,Human,2239647053,DEPARTMENT OF THORACIC SURGERY,public,"sra,fastq,run.zq","gs,ncbi,s3","ncbi.public,gs.us-east1,s3.us-east-1",SRX6723812,Illumina NovaSeq 6000,BMD00632,BMD00632,PAIRED,Hybrid Selection,GENOMIC,Homo sapiens,ILLUMINA,2019-12-31T00:00:00Z,2019-08-16T06:49:00Z,1,BMD00632,missing,SRP193431,Plasma
SRR9983016,missing,Bisulfite-Seq,301,6632399760,"Peking Union\, Naixin Liang",PRJNA534206,SAMN12258763,Human,2405011722,DEPARTMENT OF THORACIC SURGERY,public,"sra,fastq,run.zq","ncbi,gs,s3","ncbi.public,gs.us-east1,s3.us-east-1",SRX6723811,Illumina NovaSeq 6000,BMD00631,BMD00631,PAIRED,Hybrid Selection,GENOMIC,Homo sapiens,ILLUMINA,2019-12-31T00:00:00Z,2019-08-16T06:50:00Z,1,BMD00631,missing,SRP193431,Plasma
SRR9983017,missing,Bisulfite-Seq,292,4821914808,"Peking Union\, Naixin Liang",PRJNA534206,SAMN12258470,Human,1673459702,DEPARTMENT OF THORACIC SURGERY,public,"fastq,run.zq,sra","ncbi,gs,s3","gs.us-east1,ncbi.public,s3.us-east-1",SRX6723810,Illumina NovaSeq 6000,BMD00336,BMD00336,PAIRED,Hybrid Selection,GENOMIC,Homo sapiens,ILLUMINA,2019-12-31T00:00:00Z,2019-08-16T06:47:00Z,1,BMD00336,missing,SRP193431,Plasma
SRR9983018,missing,Bisulfite-Seq,295,4562173867,"Peking Union\, Naixin Liang",PRJNA534206,SAMN12258469,Human,1600018442,DEPARTMENT OF THORACIC SURGERY,public,"sra,fastq,run.zq","gs,ncbi,s3","ncbi.public,s3.us-east-1,gs.us-east1",SRX6723809,Illumina NovaSeq 6000,BMD00335,BMD00335,PAIRED,Hybrid Selection,GENOMIC,Homo sapiens,ILLUMINA,2019-12-31T00:00:00Z,2019-08-16T06:45:00Z,1,BMD00335,missing,SRP193431,Plasma
SRR9983019,missing,Bisulfite-Seq,292,4315789814,"Peking Union\, Naixin Liang",PRJNA534206,SAMN12258472,Human,2647010891,DEPARTMENT OF THORACIC SURGERY,public,"sra,fastq,run.zq","ncbi,gs,s3","s3.us-east-1,gs.us-east1,ncbi.public",SRX6723808,Illumina NovaSeq 6000,BMD00338,BMD00338,PAIRED,Hybrid Selection,GENOMIC,Homo sapiens,ILLUMINA,2019-12-31T00:00:00Z,2019-08-16T06:46:00Z,1,BMD00338,missing,SRP193431,Plasma
SRR9983020,missing,Bisulfite-Seq,296,3305557852,"Peking Union\, Naixin Liang",PRJNA534206,SAMN12258471,Human,1158453618,DEPARTMENT OF THORACIC SURGERY,public,"fastq,run.zq,sra","gs,ncbi,s3","gs.us-east1,s3.us-east-1,ncbi.public",SRX6723807,Illumina NovaSeq 6000,BMD00337,BMD00337,PAIRED,Hybrid Selection,GENOMIC,Homo sapiens,ILLUMINA,2019-12-31T00:00:00Z,2019-08-16T06:42:00Z,1,BMD00337,missing,SRP193431,Plasma
SRR9983021,missing,Bisulfite-Seq,296,5329596555,"Peking Union\, Naixin Liang",PRJNA534206,SAMN12258466,Human,1848205294,DEPARTMENT OF THORACIC SURGERY,public,"sra,run.zq,fastq","gs,ncbi,s3","ncbi.public,s3.us-east-1,gs.us-east1",SRX6723806,Illumina NovaSeq 6000,BMD00332,BMD00332,PAIRED,Hybrid Selection,GENOMIC,Homo sapiens,ILLUMINA,2019-12-31T00:00:00Z,2019-08-16T06:48:00Z,1,BMD00332,missing,SRP193431,Plasma
SRR9983022,missing,Bisulfite-Seq,295,4374544628,"Peking Union\, Naixin Liang",PRJNA534206,SAMN12258465,Human,1515149572,DEPARTMENT OF THORACIC SURGERY,public,"sra,fastq,run.zq","s3,ncbi,gs","s3.us-east-1,gs.us-east1,ncbi.public",SRX6723805,Illumina NovaSeq 6000,BMD00331,BMD00331,PAIRED,Hybrid Selection,GENOMIC,Homo sapiens,ILLUMINA,2019-12-31T00:00:00Z,2019-08-16T06:46:00Z,1,BMD00331,missing,SRP193431,Plasma
SRR9983023,missing,Bisulfite-Seq,296,4198487862,"Peking Union\, Naixin Liang",PRJNA534206,SAMN12258468,Human,1455707616,DEPARTMENT OF THORACIC SURGERY,public,"fastq,sra,run.zq","gs,ncbi,s3","s3.us-east-1,gs.us-east1,ncbi.public",SRX6723804,Illumina NovaSeq 6000,BMD00334,BMD00334,PAIRED,Hybrid Selection,GENOMIC,Homo sapiens,ILLUMINA,2019-12-31T00:00:00Z,2019-08-16T06:45:00Z,1,BMD00334,missing,SRP193431,Plasma
SRR9983024,missing,Bisulfite-Seq,295,5024529628,"Peking Union\, Naixin Liang",PRJNA534206,SAMN12258467,Human,1738946920,DEPARTMENT OF THORACIC SURGERY,public,"fastq,run.zq,sra","gs,ncbi,s3","gs.us-east1,s3.us-east-1,ncbi.public",SRX6723803,Illumina NovaSeq 6000,BMD00333,BMD00333,PAIRED,Hybrid Selection,GENOMIC,Homo sapiens,ILLUMINA,2019-12-31T00:00:00Z,2019-08-16T06:45:00Z,1,BMD00333,missing,SRP193431,Plasma
SRR9983025,missing,Bisulfite-Seq,297,5022880500,"Peking Union\, Naixin Liang",PRJNA534206,SAMN12258369,Human,1894219974,DEPARTMENT OF THORACIC SURGERY,public,"sra,fastq,run.zq","s3,ncbi,gs","ncbi.public,s3.us-east-1,gs.us-east1",SRX6723802,Illumina NovaSeq 6000,BMD00235,BMD00235,PAIRED,Hybrid Selection,GENOMIC,Homo sapiens,ILLUMINA,2019-12-31T00:00:00Z,2019-08-16T06:46:00Z,1,BMD00235,missing,SRP193431,Plasma
SRR9983026,missing,Bisulfite-Seq,297,4776226877,"Peking Union\, Naixin Liang",PRJNA534206,SAMN12258370,Human,1823967017,DEPARTMENT OF THORACIC SURGERY,public,"sra,fastq,run.zq","gs,s3,ncbi","s3.us-east-1,gs.us-east1,ncbi.public",SRX6723801,Illumina NovaSeq 6000,BMD00236,BMD00236,PAIRED,Hybrid Selection,GENOMIC,Homo sapiens,ILLUMINA,2019-12-31T00:00:00Z,2019-08-16T06:47:00Z,1,BMD00236,missing,SRP193431,Plasma
SRR9983027,missing,Bisulfite-Seq,297,4870159135,"Peking Union\, Naixin Liang",PRJNA534206,SAMN12258371,Human,1834970168,DEPARTMENT OF THORACIC SURGERY,public,"run.zq,fastq,sra","gs,ncbi,s3","gs.us-east1,ncbi.public,s3.us-east-1",SRX6723800,Illumina NovaSeq 6000,BMD00237,BMD00237,PAIRED,Hybrid Selection,GENOMIC,Homo sapiens,ILLUMINA,2019-12-31T00:00:00Z,2019-08-16T06:48:00Z,1,BMD00237,missing,SRP193431,Plasma
SRR9983028,missing,Bisulfite-Seq,298,3828950861,"Peking Union\, Naixin Liang",PRJNA534206,SAMN12258372,Human,1464734319,DEPARTMENT OF THORACIC SURGERY,public,"sra,run.zq,fastq","ncbi,s3,gs","s3.us-east-1,ncbi.public,gs.us-east1",SRX6723799,Illumina NovaSeq 6000,BMD00238,BMD00238,PAIRED,Hybrid Selection,GENOMIC,Homo sapiens,ILLUMINA,2019-12-31T00:00:00Z,2019-08-16T06:49:00Z,1,BMD00238,missing,SRP193431,Plasma
SRR9983029,missing,Bisulfite-Seq,297,3984225894,"Peking Union\, Naixin Liang",PRJNA534206,SAMN12258365,Human,1478173661,DEPARTMENT OF THORACIC SURGERY,public,"sra,run.zq,fastq","s3,gs,ncbi","gs.us-east1,s3.us-east-1,ncbi.public",SRX6723798,Illumina NovaSeq 6000,BMD00231,BMD00231,PAIRED,Hybrid Selection,GENOMIC,Homo sapiens,ILLUMINA,2019-12-31T00:00:00Z,2019-08-16T06:45:00Z,1,BMD00231,missing,SRP193431,Plasma
SRR9983030,missing,Bisulfite-Seq,298,4113667171,"Peking Union\, Naixin Liang",PRJNA534206,SAMN12258366,Human,1544827510,DEPARTMENT OF THORACIC SURGERY,public,"run.zq,fastq,sra","gs,ncbi,s3","gs.us-east1,s3.us-east-1,ncbi.public",SRX6723797,Illumina NovaSeq 6000,BMD00232,BMD00232,PAIRED,Hybrid Selection,GENOMIC,Homo sapiens,ILLUMINA,2019-12-31T00:00:00Z,2019-08-16T06:45:00Z,1,BMD00232,missing,SRP193431,Plasma
SRR9983031,missing,Bisulfite-Seq,297,3932700535,"Peking Union\, Naixin Liang",PRJNA534206,SAMN12258367,Human,1467740286,DEPARTMENT OF THORACIC SURGERY,public,"fastq,run.zq,sra","s3,ncbi,gs","ncbi.public,s3.us-east-1,gs.us-east1",SRX6723796,Illumina NovaSeq 6000,BMD00233,BMD00233,PAIRED,Hybrid Selection,GENOMIC,Homo sapiens,ILLUMINA,2019-12-31T00:00:00Z,2019-08-16T06:45:00Z,1,BMD00233,missing,SRP193431,Plasma
SRR9983032,missing,Bisulfite-Seq,297,4466474165,"Peking Union\, Naixin Liang",PRJNA534206,SAMN12258368,Human,1682331973,DEPARTMENT OF THORACIC SURGERY,public,"fastq,sra,run.zq","gs,s3,ncbi","ncbi.public,gs.us-east1,s3.us-east-1",SRX6723795,Illumina NovaSeq 6000,BMD00234,BMD00234,PAIRED,Hybrid Selection,GENOMIC,Homo sapiens,ILLUMINA,2019-12-31T00:00:00Z,2019-08-16T06:47:00Z,1,BMD00234,missing,SRP193431,Plasma
SRR9983033,missing,Bisulfite-Seq,297,4420370596,"Peking Union\, Naixin Liang",PRJNA534206,SAMN12258373,Human,1687793373,DEPARTMENT OF THORACIC SURGERY,public,"sra,fastq,run.zq","s3,gs,ncbi","ncbi.public,gs.us-east1,s3.us-east-1",SRX6723794,Illumina NovaSeq 6000,BMD00239,BMD00239,PAIRED,Hybrid Selection,GENOMIC,Homo sapiens,ILLUMINA,2019-12-31T00:00:00Z,2019-08-16T06:46:00Z,1,BMD00239,missing,SRP193431,Plasma
SRR9983034,missing,Bisulfite-Seq,297,4601361508,"Peking Union\, Naixin Liang",PRJNA534206,SAMN12258374,Human,1741986865,DEPARTMENT OF THORACIC SURGERY,public,"sra,fastq,run.zq","gs,ncbi,s3","gs.us-east1,s3.us-east-1,ncbi.public",SRX6723793,Illumina NovaSeq 6000,BMD00240,BMD00240,PAIRED,Hybrid Selection,GENOMIC,Homo sapiens,ILLUMINA,2019-12-31T00:00:00Z,2019-08-16T06:47:00Z,1,BMD00240,missing,SRP193431,Plasma
SRR9983035,missing,Bisulfite-Seq,298,6966945915,"Peking Union\, Naixin Liang",PRJNA534206,SAMN12258250,Human,2437552357,DEPARTMENT OF THORACIC SURGERY,public,"run.zq,sra,fastq","s3,ncbi,gs","ncbi.public,gs.us-east1,s3.us-east-1",SRX6723792,Illumina NovaSeq 6000,BMD00116,BMD00116,PAIRED,Hybrid Selection,GENOMIC,Homo sapiens,ILLUMINA,2019-12-31T00:00:00Z,2019-08-16T06:53:00Z,1,BMD00116,missing,SRP193431,Plasma
SRR9983036,missing,Bisulfite-Seq,299,5930600251,"Peking Union\, Naixin Liang",PRJNA534206,SAMN12258249,Human,2091850042,DEPARTMENT OF THORACIC SURGERY,public,"fastq,sra,run.zq","s3,gs,ncbi","gs.us-east1,ncbi.public,s3.us-east-1",SRX6723791,Illumina NovaSeq 6000,BMD00115,BMD00115,PAIRED,Hybrid Selection,GENOMIC,Homo sapiens,ILLUMINA,2019-12-31T00:00:00Z,2019-08-16T06:46:00Z,1,BMD00115,missing,SRP193431,Plasma
SRR9983037,missing,Bisulfite-Seq,298,6880806390,"Peking Union\, Naixin Liang",PRJNA534206,SAMN12258252,Human,2425424196,DEPARTMENT OF THORACIC SURGERY,public,"run.zq,fastq,sra","s3,ncbi,gs","gs.us-east1,s3.us-east-1,ncbi.public",SRX6723790,Illumina NovaSeq 6000,BMD00118,BMD00118,PAIRED,Hybrid Selection,GENOMIC,Homo sapiens,ILLUMINA,2019-12-31T00:00:00Z,2019-08-16T06:48:00Z,1,BMD00118,missing,SRP193431,Plasma
SRR9983038,missing,Bisulfite-Seq,298,7035612704,"Peking Union\, Naixin Liang",PRJNA534206,SAMN12258251,Human,2460894477,DEPARTMENT OF THORACIC SURGERY,public,"sra,fastq,run.zq","ncbi,s3,gs","gs.us-east1,ncbi.public,s3.us-east-1",SRX6723789,Illumina NovaSeq 6000,BMD00117,BMD00117,PAIRED,Hybrid Selection,GENOMIC,Homo sapiens,ILLUMINA,2019-12-31T00:00:00Z,2019-08-16T06:51:00Z,1,BMD00117,missing,SRP193431,Plasma
SRR9983039,missing,Bisulfite-Seq,298,6457702855,"Peking Union\, Naixin Liang",PRJNA534206,SAMN12258246,Human,2246998968,DEPARTMENT OF THORACIC SURGERY,public,"fastq,run.zq,sra","s3,ncbi,gs","ncbi.public,gs.us-east1,s3.us-east-1",SRX6723788,Illumina NovaSeq 6000,BMD00112,BMD00112,PAIRED,Hybrid Selection,GENOMIC,Homo sapiens,ILLUMINA,2019-12-31T00:00:00Z,2019-08-16T06:49:00Z,1,BMD00112,missing,SRP193431,Plasma
SRR9983040,missing,Bisulfite-Seq,298,7999396266,"Peking Union\, Naixin Liang",PRJNA534206,SAMN12258245,Human,2807912368,DEPARTMENT OF THORACIC SURGERY,public,"sra,fastq,run.zq","ncbi,gs,s3","s3.us-east-1,gs.us-east1,ncbi.public",SRX6723787,Illumina NovaSeq 6000,BMD00111,BMD00111,PAIRED,Hybrid Selection,GENOMIC,Homo sapiens,ILLUMINA,2019-12-31T00:00:00Z,2019-08-16T06:51:00Z,1,BMD00111,missing,SRP193431,Plasma
SRR9983041,missing,Bisulfite-Seq,298,6290479905,"Peking Union\, Naixin Liang",PRJNA534206,SAMN12258248,Human,2208954804,DEPARTMENT OF THORACIC SURGERY,public,"sra,fastq,run.zq","gs,ncbi,s3","ncbi.public,s3.us-east-1,gs.us-east1",SRX6723786,Illumina NovaSeq 6000,BMD00114,BMD00114,PAIRED,Hybrid Selection,GENOMIC,Homo sapiens,ILLUMINA,2019-12-31T00:00:00Z,2019-08-16T06:51:00Z,1,BMD00114,missing,SRP193431,Plasma
SRR9983042,missing,Bisulfite-Seq,298,6388527918,"Peking Union\, Naixin Liang",PRJNA534206,SAMN12258247,Human,2231823456,DEPARTMENT OF THORACIC SURGERY,public,"run.zq,sra,fastq","s3,gs,ncbi","ncbi.public,s3.us-east-1,gs.us-east1",SRX6723785,Illumina NovaSeq 6000,BMD00113,BMD00113,PAIRED,Hybrid Selection,GENOMIC,Homo sapiens,ILLUMINA,2019-12-31T00:00:00Z,2019-08-16T06:50:00Z,1,BMD00113,missing,SRP193431,Plasma
